Turns,HP101,HP103,HP105,HP107,HP109,HP111,HP113,HP115,HP117,HP119,HP203,HP205,HP207,HP209,HP211,HP213,HP215,HP217,HP219,HP301,HP303,HP305,HP307,HP309,HP311,HP313,HP315,HP317,HP319,HP401,HP403,HP405,HP407,HP409,HP411,HP413,HP415,HP417,HP419,HP501,HP503,HP505,HP507,HP509,HP511,HP513,HP515,HP517,HP519,HP601,HP603,HP605,HP607,HP609,HP611,HP613,HP615,HP619
1,1.01,3.892,1.479,2.588,-2.622,-1.911,1.13,1.15,3.429,-0.9357,-2.288,-4.956,-17.27,3.069,5.215,8.605,2.059,-7.623,-6.886,-2.568,2.123,0.0426,1.546,15.77,3.242,-1.071,-6.473,-5.174,-0.5155,-3.604,-2.442,-0.0447,1.773,1.822,-3.988,-2.684,2.973,5.518,3.01,-6.105,1.224,5.05,5.07,4.234,-1.302,-6.642,0.1743,5.557,10.05,-3.633,-4.418,-1.714,1.681,3.06,-11.03,-6.097,-8.265,1.621
2,1.01,0.4358,-1.557,2.058,1.267,-1.367,1.13,1.15,1.832,-1.505,-1.869,-2.176,-15.26,1.817,3.608,3.84,0.7269,-7.518,-4.192,-3.288,3.343,0.754,-1.524,13.49,2.883,0.2272,-3.134,-1.881,1.052,-2.468,1.044,-1.875,-1.759,-2.062,-2.035,-0.6827,4.324,2.811,2.064,-1.189,1.025,5.05,5.07,2.017,-3.795,-5.847,1.235,3.082,8.143,-2.527,-3.833,2.924,2.609,0.1145,-11.49,-4.789,-4.872,1.733
3,1.01,2.037,2.751,2.107,-1.719,-1.805,1.13,1.15,2.432,3.209,-0.6666,-4.965,-16.07,2.512,6.21,3.695,-2.72,-7.451,-4.398,-5.419,2.563,0.1612,-3.453,14.27,2.994,1.009,-6.253,-3.519,-1.007,-3.327,0.2437,0.2337,-3.144,-4.01,-1.725,-1.07,7.881,4.643,2.207,-2.948,-0.2017,5.05,5.07,5.937,-3.741,-5.932,-0.934,3.154,6.682,-7.264,-2.342,1.311,4.67,3.27,-14.51,-6.676,-3.552,2.906
4,1.01,3.714,0.4967,2.424,-0.4092,-1.213,1.13,1.15,3.231,-0.5435,-0.5745,-3.37,-18.75,0.1021,5.094,6.29,0.2628,-7.568,-4.779,-0.3037,2.827,1.26,-0.2435,14.38,2.596,-3.113,-4.433,-2.301,1.641,-4.199,-3.776,0.3706,-1.206,0.9137,-4.449,-1.852,4.226,4.508,2.781,-3.852,0.7614,5.05,5.07,3.097,-4.656,-6.183,0.1991,6.536,9.189,-3.222,-8.239,-0.5498,2.734,2.084,-10.81,-6.077,-8.882,2.375
5,1.01,0.675,-1.908,2.8,0.1484,0.0821,1.13,1.15,1.13,0.3226,-3.973,-3.774,-13.96,1.337,5.347,4.852,0.9911,-5.6,-1.039,-3.2,4.021,1.839,-3.57,11.17,1.32,2.08,-3.471,-0.7031,2.292,-2.139,2.359,-2.407,-0.3514,0.507,-1.345,-1.085,5.354,3.25,0.6289,-0.9271,-0.8343,5.05,5.07,1.079,-4.024,-2.642,-1.366,2.602,12.59,-1.886,-5.323,1.824,2.137,0.0423,-12.49,-2.802,-4.711,3.526
6,1.01,2.986,0.073,4.289,-0.7278,-4.438,1.13,1.15,4.136,3.884,-4.529,-6.285,-17.33,3.169,4.074,5.234,0.7648,-6.509,-3.476,-2.771,2.064,-0.5134,-3.126,13.36,5.092,1.649,-6.671,-3.865,1.22,-4.455,1.662,0.4631,-0.9623,-0.6117,-2.811,-0.9847,7.455,7.094,3.166,-4.103,-0.6456,5.05,5.07,5.175,-3.397,-6.531,-3.368,4.061,5.938,-6.45,-4.791,0.4665,3.498,2.102,-13.23,-5.3,-5.728,3.169
7,1.01,4.447,-1.386,2.425,-1.962,-1.082,1.13,1.15,1.899,-0.221,-0.4017,-2.947,-19.0,-0.8781,6.935,7.577,2.581,-7.147,-5.213,-3.008,2.23,2.015,-0.7663,16.78,1.836,-1.547,-3.484,-3.681,3.686,-3.815,-3.432,-1.36,1.596,2.186,-0.5688,-2.205,4.194,4.83,2.666,-5.333,0.2091,5.05,5.07,1.503,-6.888,-3.88,0.0365,5.095,6.012,-4.012,-2.304,0.632,1.457,0.8427,-10.73,-5.773,-4.745,1.958
8,1.01,1.831,-0.8719,4.623,-0.9871,-0.3273,1.13,1.15,2.094,1.34,-2.387,-2.653,-14.41,1.816,4.579,4.204,-1.111,-5.579,-4.016,-3.22,4.304,2.539,-2.721,12.34,2.291,0.3265,-1.682,-0.5736,0.9888,-0.9021,-1.002,1.213,-2.782,0.5086,-0.9575,-0.8123,5.275,3.592,0.9925,-1.832,-0.0025,5.05,5.07,2.64,-2.381,-4.85,-0.4793,-0.3174,6.968,-4.186,-3.26,1.703,2.436,0.9516,-12.33,-4.252,-4.38,0.2068
9,1.01,1.331,-0.4033,2.261,-2.158,-4.159,1.13,1.15,3.328,0.0972,-3.259,-5.963,-16.87,4.598,7.848,5.964,-1.001,-8.237,-2.351,-2.966,0.3769,-0.7332,-2.735,13.4,4.035,1.162,-4.002,-4.617,2.235,-4.268,2.516,0.8422,0.8863,-0.4586,-5.115,-1.491,5.574,5.764,1.741,-3.43,-1.893,5.05,5.07,4.993,-3.36,-8.12,-2.702,2.754,7.019,-3.748,-4.629,1.744,3.716,2.32,-11.77,-6.976,-6.15,2.902
10,1.01,3.543,-2.868,2.872,-0.072,0.4007,1.13,1.15,2.697,-1.478,-1.0,-3.027,-18.46,1.59,6.291,6.846,3.053,-5.646,-3.942,-2.121,0.5427,-0.099,-0.5624,12.84,0.4896,-0.6082,-3.245,-2.392,0.9077,-3.085,0.7795,-1.146,0.5747,-0.2293,-1.209,-2.436,4.774,7.628,4.494,-3.359,-0.7899,5.05,5.07,1.664,-4.439,-3.651,1.527,5.366,5.398,-1.436,-3.812,-0.0219,2.391,1.845,-10.14,-3.039,-5.877,2.838
11,1.01,0.6909,-1.471,4.253,0.9105,1.743,1.13,1.15,2.275,1.48,-2.722,-2.487,-15.63,3.0,5.975,3.436,-0.9711,-7.651,-3.483,-4.388,1.318,-1.017,-2.268,11.07,3.592,0.1656,-3.161,-1.743,-0.4271,-1.052,1.438,-0.3709,-2.553,-0.8851,-2.411,-1.303,5.672,4.51,0.5331,-3.802,0.5255,5.05,5.07,2.14,1.979,-5.252,-3.543,2.447,11.16,-3.92,-2.995,2.413,5.099,0.4761,-12.93,-5.996,-5.552,3.125
12,1.01,2.645,1.365,1.42,-4.39,-1.95,1.13,1.15,4.416,-0.2743,-2.979,-3.145,-17.56,2.847,6.354,5.213,-0.6576,-8.854,-6.98,-1.715,1.65,-1.401,-2.089,16.95,1.539,2.636,-3.613,-2.402,1.722,-3.096,0.1666,0.0798,2.597,-1.267,-4.914,-2.755,7.144,5.137,3.274,-4.133,1.347,5.05,5.07,2.753,-2.356,-5.903,-0.7912,2.908,7.31,-7.166,-3.007,0.7725,3.396,3.021,-11.22,-2.908,-6.486,2.92
13,1.01,-0.0148,-2.064,2.618,-0.8256,1.495,1.13,1.15,2.752,-1.828,-0.6566,-3.151,-16.76,0.6311,3.385,6.879,3.032,-6.007,-3.968,-3.312,0.8119,0.8979,-0.2893,13.8,0.7212,-2.548,-2.255,-2.884,3.328,-0.9574,-2.868,-0.9797,-3.646,1.332,-2.308,-1.362,3.678,5.425,1.29,-4.389,1.097,5.05,5.07,2.354,-4.816,-5.957,0.897,4.652,9.198,-0.7836,-3.247,0.7716,2.119,2.285,-10.88,-4.745,-6.914,1.582
14,1.01,-1.716,0.6348,4.752,2.287,-1.152,1.13,1.15,4.677,1.622,-2.368,-4.678,-16.16,3.595,5.824,4.968,-2.528,-7.355,-4.024,-3.804,3.445,1.517,-3.598,12.41,3.128,2.401,-4.953,-3.223,2.249,-0.9108,-0.2308,-0.6348,-1.671,-2.518,-3.449,1.132,6.397,3.884,-0.2175,-2.689,-1.356,5.05,5.07,7.244,-4.165,-7.48,-0.121,2.6,7.5,-5.458,-3.601,1.964,3.471,2.137,-13.43,-6.091,-7.364,2.193
15,1.01,4.22,2.518,2.436,-1.286,-2.78,1.13,1.15,3.9,-0.1359,-2.423,-4.061,-16.91,2.225,6.887,6.35,2.042,-8.709,-5.962,-2.969,-0.6834,-0.1374,0.1147,14.78,4.487,0.6111,-3.728,-3.11,0.8637,-3.076,2.274,0.7262,1.276,0.1347,-2.961,-3.455,6.174,5.474,1.427,-6.332,0.4582,5.05,5.07,4.278,-2.848,-6.284,0.3766,5.239,12.9,-3.589,-4.978,0.0304,3.72,4.029,-11.24,-5.016,-5.081,2.358
16,1.01,1.974,-2.921,2.032,-1.346,1.173,1.13,1.15,-0.0667,0.124,-3.59,-3.831,-15.53,2.883,6.135,4.531,1.368,-6.007,-3.385,-2.627,1.2,1.962,-1.417,13.07,2.904,-0.1231,-1.717,-2.37,1.276,-1.409,2.095,-0.7628,-0.9013,1.579,-1.106,-1.576,4.943,2.564,0.4233,-2.654,0.4789,5.05,5.07,1.152,-1.299,-5.068,0.1836,5.153,8.617,-2.276,-2.595,0.7835,1.403,0.071,-11.77,-0.2148,-7.966,1.697
17,1.01,1.494,0.3004,3.251,-0.4296,-0.8774,1.13,1.15,3.974,2.361,-3.685,-4.079,-15.79,1.112,5.826,5.419,-0.4368,-8.796,-4.007,-4.542,0.8968,0.5813,-5.075,12.97,5.363,1.64,-2.308,-2.759,-0.6728,-2.24,3.067,0.9376,-1.141,-2.479,-2.964,-0.1216,8.528,8.386,-0.0103,-1.954,0.1472,5.05,5.07,7.172,-3.631,-6.382,-2.447,0.4628,7.7,-2.919,-5.98,1.582,4.149,0.9771,-12.38,-6.805,-9.188,3.188
18,1.01,3.518,0.729,2.004,-1.367,-1.721,1.13,1.15,2.17,-1.378,-3.05,-4.525,-17.65,0.1948,5.462,7.585,1.372,-7.608,-7.09,-2.852,-0.4426,2.206,-1.01,14.82,3.201,-2.258,-4.671,-4.349,-0.6316,-2.277,0.1251,-0.0598,3.166,-0.7842,-4.233,-3.832,6.654,6.124,3.967,-5.028,-0.372,5.05,5.07,2.918,-6.266,-5.417,-1.245,4.637,11.83,-6.759,-5.694,-0.4412,2.388,2.807,-10.46,-4.024,-8.272,2.776
19,1.01,1.281,-2.005,3.082,1.875,2.806,1.13,1.15,2.814,-1.171,-0.1985,-2.73,-17.62,2.204,4.591,5.476,1.633,-3.858,-3.414,-5.463,1.643,3.202,-0.9363,13.72,0.3042,-1.977,-2.592,-0.8586,2.392,-1.952,-3.892,-3.034,-1.902,0.9046,-0.8355,-0.1872,5.898,2.262,0.7968,-3.291,1.074,5.05,5.07,1.659,-5.067,-5.369,-1.47,3.632,3.604,-4.539,-1.2,2.921,0.5592,-0.0625,-11.42,-3.213,-3.63,-0.0802
20,1.01,-0.4075,0.6818,3.037,2.258,-1.0,1.13,1.15,4.612,3.633,-3.963,-3.776,-15.99,1.711,6.2,4.826,-2.807,-9.065,-3.837,-2.022,-0.3102,-2.138,-2.832,12.57,4.116,-0.1468,-3.206,-3.742,-1.145,-2.433,0.605,1.256,-2.239,-0.8868,-2.291,-1.336,6.937,4.68,2.031,-0.6038,1.792,5.05,5.07,5.076,-2.913,-7.43,-2.725,3.5,5.482,-7.007,-1.088,2.057,4.194,1.997,-13.3,-7.186,-3.849,3.661
21,1.01,2.519,-3.06,-0.1242,-1.046,-0.4564,1.13,1.15,2.786,0.3512,-3.065,-3.631,-19.28,1.183,5.914,5.267,-0.3238,-5.375,-6.132,-2.689,-0.44,0.8916,-0.2243,15.95,3.125,-0.3267,-6.577,-4.816,2.112,-4.658,0.2854,2.988,2.712,-0.1313,-2.711,-3.812,4.176,4.773,5.381,-4.087,0.4162,5.05,5.07,3.43,-7.402,-5.032,-1.237,6.549,11.8,-4.964,-3.636,0.6012,4.687,2.858,-10.05,-6.746,-9.098,2.173
22,1.01,1.839,-2.964,2.742,-1.316,1.865,1.13,1.15,2.209,-0.7744,-2.666,-1.945,-17.54,1.983,5.908,3.585,0.9806,-4.656,-5.543,-4.005,2.705,4.104,-2.297,13.12,1.106,-1.858,-4.455,-2.143,0.0913,1.492,0.7416,-1.404,-3.603,0.3636,-1.085,-1.06,5.709,4.568,0.9103,-0.0492,0.6753,5.05,5.07,2.053,-0.4456,-3.526,-0.4211,3.433,8.493,-3.493,0.3295,1.483,1.779,-0.3079,-13.87,-6.052,-1.267,2.401
23,1.01,1.33,-1.697,4.571,1.091,-2.12,1.13,1.15,3.861,1.836,-4.332,-4.817,-15.73,3.666,6.795,4.715,-0.7152,-8.162,-3.286,-5.087,1.169,-0.8266,-3.387,12.42,3.518,0.2162,-2.26,-3.766,-0.6943,-1.242,1.49,-1.185,-0.0094,-2.07,-3.161,-0.9647,5.429,7.813,1.955,-2.846,1.314,5.05,5.07,7.573,-3.563,-5.962,-2.173,3.191,8.623,-4.151,-5.402,3.524,2.796,2.717,-12.22,-7.197,-4.641,4.801
24,1.01,1.52,-1.705,3.038,-0.8788,-1.851,1.13,1.15,2.3,-1.356,-0.3857,-4.583,-15.59,0.7285,5.254,7.482,3.891,-7.959,-8.285,-2.671,1.912,-0.3568,-0.2868,14.87,0.2899,-1.613,-4.755,-2.296,1.452,-4.964,-3.424,-0.3625,-0.7526,1.735,-0.9893,-1.54,4.515,2.847,3.646,-4.572,-1.17,5.05,5.07,4.477,-3.952,-7.514,0.0102,4.985,4.309,-2.386,-2.193,-0.4663,4.364,0.8733,-10.78,-3.817,-8.014,3.022
25,1.01,1.406,-3.181,3.025,0.6173,-0.8734,1.13,1.15,3.815,1.002,-3.805,-2.431,-14.09,5.078,3.752,3.421,-0.6918,-4.07,-5.216,-4.102,3.529,1.697,-1.097,11.63,-0.1063,1.546,-2.807,0.1566,2.114,-2.556,1.775,-1.139,-2.33,-0.6816,-1.98,0.2214,6.44,4.119,1.828,-4.494,0.8745,5.05,5.07,2.064,-4.191,-5.773,-0.4224,4.456,12.9,-2.878,-5.754,2.333,2.888,0.6019,-13.0,-4.071,-2.879,0.4934
26,1.01,3.224,4.295,2.838,-1.726,-2.731,1.13,1.15,3.647,-0.5473,-4.732,-6.298,-16.92,3.7,4.652,6.028,-1.973,-7.598,-3.716,-3.016,3.104,0.1416,-1.041,14.97,3.662,1.616,-4.398,-3.826,1.477,-5.197,0.4349,1.499,-1.893,-1.873,-3.009,-1.191,6.599,3.893,2.455,-2.854,-0.0684,5.05,5.07,6.13,-3.958,-7.18,-1.35,3.861,8.986,-4.736,-0.3083,3.649,2.365,2.877,-12.47,-7.563,-4.651,3.624
27,1.01,1.379,2.741,3.711,-0.5046,-0.3727,1.13,1.15,3.239,-0.3468,-0.2871,-4.92,-17.17,3.24,5.422,6.649,3.965,-5.898,-5.265,-1.419,-0.1127,0.1439,0.187,15.99,1.416,1.613,-2.912,-1.303,4.459,-4.376,-0.5001,0.2121,0.6293,1.464,-3.429,-2.586,5.518,4.173,2.153,-3.678,3.152,5.05,5.07,1.626,-4.966,-5.597,-0.3492,7.089,8.953,-1.342,-6.836,-0.4467,2.921,1.994,-11.43,-4.622,-7.423,0.3995
28,1.01,0.8725,-1.97,6.545,-0.6585,-2.236,1.13,1.15,2.21,0.9638,-1.288,-3.475,-13.06,4.293,5.428,6.183,-1.661,-5.363,-3.654,-2.516,5.089,4.043,-3.185,11.73,4.277,0.9309,-2.604,-3.421,0.3124,-0.697,1.85,-0.5454,-3.51,-1.522,-2.502,-0.6854,8.975,5.206,1.945,0.1108,1.11,5.05,5.07,2.823,-0.7549,-5.927,-0.2338,3.778,4.901,-2.267,-1.72,1.419,2.462,2.663,-13.46,-6.665,-5.237,2.032
29,1.01,3.013,6.592,1.866,-1.942,-2.105,1.13,1.15,4.384,0.8694,-2.158,-3.788,-16.32,3.985,7.392,4.443,0.2563,-7.993,-3.997,-1.62,1.814,-0.6243,-3.552,15.06,5.526,0.1484,-3.356,-4.188,1.226,-2.884,0.7436,0.5633,-0.8653,-0.9657,-4.733,-0.7614,6.137,6.984,1.525,-2.984,-2.28,5.05,5.07,3.349,-1.38,-5.845,-3.642,5.341,11.31,-6.671,-3.942,1.08,3.634,1.833,-11.99,-7.407,-4.313,3.261
30,1.01,4.244,-2.398,2.173,-1.054,1.27,1.13,1.15,3.42,1.752,-0.665,-6.017,-16.32,0.3454,3.587,6.397,2.429,-6.824,-3.518,-0.155,0.7061,2.107,2.332,14.98,4.3,0.0588,-4.348,-0.2843,1.466,-1.786,-0.0009,0.3544,3.801,-0.8537,-4.208,-2.142,4.111,4.078,2.652,-2.829,3.095,5.05,5.07,1.844,-8.771,-5.039,1.184,5.141,8.341,-3.249,-4.977,0.4784,2.907,1.465,-10.01,-4.328,-3.359,1.403
31,1.01,-0.6391,2.751,4.407,1.802,-0.1789,1.13,1.15,4.06,0.3089,-3.073,-3.578,-14.77,3.689,4.554,3.922,-1.373,-8.316,-3.366,-5.756,3.729,-1.314,-1.048,12.47,3.773,1.328,-2.209,-1.719,-0.7835,-1.955,1.935,0.5983,-0.2097,-0.8451,-2.63,0.2484,5.852,5.613,1.295,-0.9867,2.495,5.05,5.07,5.409,1.434,-4.153,-0.0684,2.343,3.791,-4.957,-3.891,1.951,4.415,-0.5789,-12.91,-4.344,-5.692,3.235
32,1.01,4.738,1.563,1.386,0.0917,-3.575,1.13,1.15,4.483,1.862,-1.715,-3.509,-18.87,0.6112,6.585,7.237,-0.3132,-8.98,-5.297,-0.7008,0.3775,1.578,-1.024,16.16,4.017,1.417,-3.506,-3.109,-0.0133,-5.245,1.321,1.887,0.7394,-2.602,-6.104,-2.236,6.029,6.018,2.393,-4.369,-1.363,5.05,5.07,5.499,-4.418,-8.695,-0.8907,5.144,8.639,-4.683,-3.442,0.7024,2.522,2.586,-11.58,-5.393,-6.635,4.088
33,1.01,2.169,-1.34,3.638,1.462,0.2931,1.13,1.15,3.464,0.3,-1.412,-3.079,-17.66,1.138,4.903,5.995,2.423,-7.679,-5.636,-0.9668,4.631,0.8329,-2.106,15.64,2.213,-1.812,-4.39,-2.156,2.085,-3.8,-1.871,-2.692,-1.155,1.386,-1.763,-1.798,4.273,5.595,1.46,-1.242,2.211,5.05,5.07,3.889,-5.981,-5.029,0.2633,3.391,9.31,-2.664,-2.017,0.0347,1.227,1.642,-10.61,-2.289,-3.457,0.1598
34,1.01,0.7189,0.8441,3.343,1.275,-3.805,1.13,1.15,2.88,0.7875,-2.902,-4.231,-16.58,2.71,6.873,1.701,-1.769,-6.521,-2.986,-3.521,4.836,-0.9184,-4.104,13.27,5.312,0.5302,-2.625,-3.826,0.7978,-1.993,1.817,-1.962,-2.56,-1.398,-3.446,-2.528,8.932,4.414,1.421,-1.586,-2.427,5.05,5.07,4.392,-4.819,-6.486,-3.318,3.444,11.18,-7.013,-5.86,2.799,2.926,0.9805,-12.63,-5.803,-6.609,3.265
35,1.01,2.389,2.836,0.1689,-1.584,-0.2149,1.13,1.15,4.247,0.3649,-1.009,-6.559,-17.85,2.299,5.002,7.518,2.513,-8.735,-5.675,-1.943,-1.216,0.5045,-4.068,13.5,4.958,-0.2023,-6.645,-4.998,0.878,-3.145,-0.0262,1.186,1.575,-0.7923,-5.093,-1.701,4.568,7.432,1.701,-6.747,-0.971,5.05,5.07,4.683,-5.343,-6.403,-0.5735,2.901,10.19,-5.417,-3.525,1.793,4.633,1.647,-10.74,-4.563,-5.926,3.311
36,1.01,1.355,-3.513,1.656,-1.508,-3.506,1.13,1.15,2.268,-0.4982,-3.042,-3.154,-16.65,0.3966,5.757,4.65,0.3518,-5.282,-5.515,-3.164,1.298,3.831,0.3584,13.8,1.454,0.9063,-3.429,-2.151,3.58,-0.6389,-1.235,-1.243,-0.8373,0.6685,-0.5851,-1.971,4.542,2.09,1.612,-2.386,3.243,5.05,5.07,2.617,-3.626,-2.42,1.114,1.117,6.763,-3.698,-2.198,0.7443,0.6143,1.484,-12.1,-1.467,-4.399,2.011
37,1.01,1.978,1.326,5.957,2.496,-1.481,1.13,1.15,3.724,2.003,-1.919,-6.12,-16.84,4.021,7.337,5.78,-1.552,-6.192,-4.199,-3.508,1.973,-0.0946,-1.946,11.88,3.983,1.444,-3.198,-2.893,-3.013,-2.117,-0.2978,-0.8988,-3.477,-2.252,-2.454,-0.3539,7.034,5.293,2.934,-3.267,-0.9397,5.05,5.07,6.087,-3.423,-6.625,-1.904,4.946,8.152,-6.675,-5.444,2.718,4.4,1.357,-13.77,-6.221,-1.944,3.14
38,1.01,2.873,1.405,2.474,-3.627,-1.583,1.13,1.15,4.5,-1.79,-2.516,-5.554,-18.08,1.779,7.583,4.854,1.611,-7.84,-6.303,-2.698,1.308,-0.8916,2.788,15.29,2.765,-2.25,-8.029,-0.9972,1.367,-5.706,-1.982,0.5857,1.079,-0.5554,-2.643,-2.898,5.081,5.956,2.258,-4.767,-0.1435,5.05,5.07,4.798,-3.176,-6.606,-0.7153,4.376,8.52,-3.959,-4.236,0.4132,2.371,3.698,-11.0,-2.707,-5.217,1.267
39,1.01,1.183,-1.334,2.096,-0.1754,-2.204,1.13,1.15,1.378,-2.363,-2.425,-1.327,-16.77,1.95,3.508,4.264,0.472,-6.244,-4.01,-3.332,3.043,3.384,0.2188,12.55,1.937,-1.288,-3.888,-2.955,1.474,-0.2345,-0.5624,-0.7087,-1.221,-0.9022,-1.586,-0.9766,4.835,4.113,0.3288,-2.913,1.78,5.05,5.07,1.378,-3.576,-5.315,-0.8667,5.689,7.839,-1.885,2.411,-0.4184,1.604,1.9,-11.49,-5.019,-7.137,1.144
40,1.01,1.262,-1.369,3.507,-0.5571,-2.789,1.13,1.15,3.266,1.498,-6.193,-4.799,-14.21,2.135,3.608,5.648,1.149,-6.562,-3.775,-3.706,4.591,-2.726,-2.48,14.97,2.53,1.223,-4.492,-2.223,-0.0905,-4.627,-0.3127,0.0128,-3.349,-2.148,-1.874,-2.159,6.019,5.959,2.094,-4.648,-0.9646,5.05,5.07,4.321,-0.4003,-6.272,-3.726,2.407,6.043,-3.26,-3.179,0.4298,4.625,2.548,-13.0,-7.005,-7.415,4.809
41,1.01,5.929,-3.26,1.843,-1.492,0.6671,1.13,1.15,5.596,-0.2973,-2.33,-3.023,-18.39,-0.3755,5.62,7.272,1.907,-8.725,-6.738,-2.141,-0.1563,1.684,-1.15,14.8,3.227,-1.814,-4.489,-3.438,1.896,-2.812,1.663,-1.408,-1.634,0.6117,-2.237,-3.056,3.525,5.581,4.408,-5.256,0.9839,5.05,5.07,4.034,-5.415,-7.011,1.525,6.404,9.004,-1.133,-2.85,-2.125,1.963,3.833,-10.77,-3.529,-3.74,1.011
42,1.01,1.236,-3.768,4.701,3.416,-0.5727,1.13,1.15,0.4844,-0.212,-0.8571,-3.952,-16.61,3.137,2.876,4.816,0.2315,-6.114,-3.496,-2.98,2.203,1.315,-1.192,11.23,0.6487,1.73,-1.191,-2.84,0.1212,0.5788,1.508,-1.833,-2.101,-1.868,-2.232,-0.4372,6.184,5.238,0.2639,-2.786,2.165,5.05,5.07,3.833,-1.315,-3.855,0.1786,1.851,6.775,-1.231,-1.797,1.894,3.163,-0.2536,-13.39,-5.939,-6.99,1.233
43,1.01,1.072,-2.318,4.682,-1.122,-2.356,1.13,1.15,4.643,1.058,-3.579,-3.892,-16.92,1.718,7.012,4.042,-2.889,-8.86,-5.862,-2.441,2.246,-0.0121,-3.752,14.58,3.479,-0.4099,-2.618,-4.579,-0.807,-2.847,0.9601,-0.7061,-0.4826,-2.773,-3.393,-1.352,7.514,7.135,4.647,-3.114,-0.9343,5.05,5.07,5.135,-3.041,-8.214,-1.812,3.077,9.567,-6.689,-5.562,1.25,4.819,2.526,-13.35,-4.972,-6.322,3.497
44,1.01,6.992,1.02,4.291,-2.102,-1.686,1.13,1.15,2.147,-0.7886,-1.375,-2.224,-17.78,0.7924,4.869,7.241,1.461,-9.428,-4.823,-2.0,2.223,1.828,0.3968,15.23,4.142,-0.3622,-6.242,-5.993,1.019,-3.394,-0.8739,-0.4031,2.525,-0.0343,-3.041,-2.999,5.285,7.065,2.389,-2.45,2.627,5.05,5.07,2.716,-7.163,-4.899,1.455,4.354,8.671,-1.424,-3.169,-0.9168,3.213,2.596,-10.29,-5.878,-4.134,-0.4089
45,1.01,-1.439,-1.378,3.404,0.5547,-0.37,1.13,1.15,0.4439,2.876,-4.005,-0.9042,-15.68,2.128,3.389,3.313,-0.0876,-7.465,-0.6571,-2.341,2.214,2.763,-1.859,12.18,2.945,0.2179,-0.4012,-2.463,0.7577,-2.71,3.478,-1.438,-2.684,-0.4998,-2.273,0.0478,6.52,5.14,1.393,-1.05,0.9342,5.05,5.07,3.959,-2.697,-5.733,-0.8366,3.687,6.953,-4.447,-1.883,2.056,2.392,-0.6652,-12.59,-3.76,-1.404,1.617
46,1.01,0.2796,1.478,4.743,-0.2358,-5.038,1.13,1.15,4.079,2.771,-3.917,-5.909,-17.67,3.246,6.48,5.176,-0.6817,-8.188,-4.301,-1.654,0.2017,0.0708,-0.9871,13.66,2.067,0.0944,-5.604,-2.591,-1.558,-2.756,2.872,1.562,0.391,-2.21,-2.838,-2.44,7.87,5.315,2.139,-2.792,-1.515,5.05,5.07,4.014,-2.769,-7.276,0.4484,5.108,6.087,-5.15,-7.893,0.1364,2.228,4.207,-11.88,-4.715,-7.511,2.467
47,1.01,3.612,-2.944,2.585,-0.4941,1.215,1.13,1.15,2.236,-1.253,-1.657,-4.677,-16.33,1.365,4.037,4.503,3.062,-5.766,-5.823,-3.349,1.54,3.315,-0.8528,15.99,2.357,-2.615,-4.633,-2.251,2.769,-3.553,-2.007,-2.176,0.4043,1.172,-1.694,-3.485,6.129,5.14,3.782,-3.363,0.3811,5.05,5.07,2.865,-5.953,-5.042,3.154,5.168,9.385,-3.665,-1.164,-1.1,0.7934,2.229,-10.86,-4.272,-3.385,1.969
48,1.01,0.1818,-3.266,2.654,2.097,1.813,1.13,1.15,3.595,0.2186,-4.552,-3.469,-14.61,3.961,4.993,4.159,0.7333,-4.384,-2.818,-5.115,1.231,2.715,-2.612,11.91,4.131,1.587,-2.905,-2.055,-0.7679,-1.719,2.701,-1.023,-3.818,-2.182,-1.6,-0.7833,6.969,4.494,0.0042,-3.189,0.2565,5.05,5.07,3.915,-2.526,-4.346,-0.6431,2.979,3.131,-6.436,-6.461,1.779,3.121,1.28,-12.16,-5.428,-3.256,2.163
49,1.01,0.5105,-0.0425,3.393,-0.6691,-1.981,1.13,1.15,2.956,-0.8516,-2.523,-5.697,-15.47,2.212,6.177,6.893,-0.2228,-9.262,-5.56,-4.001,3.256,-0.4027,-5.051,14.28,4.861,2.804,-5.447,-3.213,1.601,-5.601,3.286,2.959,1.37,0.7804,-5.239,-2.059,6.573,6.234,2.754,-2.917,-2.138,5.05,5.07,5.254,-4.439,-8.292,-2.028,3.529,11.25,-5.359,-4.121,-0.1103,3.041,3.077,-12.34,-5.017,-7.694,3.767
50,1.01,4.105,-3.446,0.9377,-0.6915,-1.64,1.13,1.15,2.251,-0.7118,-1.321,-2.768,-15.17,-0.2277,5.478,5.829,2.882,-7.983,-3.624,-2.244,1.734,0.6377,0.8134,14.55,0.9626,0.089,-7.037,-2.225,2.751,-2.015,0.1437,-0.9993,0.0134,2.059,-1.268,-2.301,5.923,2.191,4.571,-3.443,0.9296,5.05,5.07,4.371,-1.728,-5.01,0.5859,7.142,8.65,-1.233,0.0371,-1.381,1.401,1.963,-10.36,-3.335,-7.137,1.982
51,1.01,0.4897,3.809,4.924,0.0918,-2.138,1.13,1.15,4.5,1.484,-4.206,-3.204,-15.24,3.602,5.02,4.892,0.0872,-6.23,-3.276,-2.799,2.133,-0.3837,-3.125,10.0,3.569,0.7855,-2.355,-3.982,1.389,-0.1671,2.17,0.548,-1.177,-0.04,-3.093,0.3034,6.949,4.204,1.767,-5.171,-0.2844,5.05,5.07,2.677,-5.336,-4.594,-1.039,1.573,6.053,-3.188,-2.01,1.915,4.274,0.8163,-12.97,-7.069,-10.47,4.477
52,1.01,3.339,1.432,4.198,-3.424,-5.199,1.13,1.15,3.869,-0.1871,-3.307,-4.937,-17.87,2.716,6.657,7.489,0.6833,-6.773,-6.183,-3.112,1.226,-1.13,-0.6291,13.05,2.814,-0.3894,-5.852,-4.579,2.857,-4.956,-0.1268,1.58,-0.3778,-2.104,-5.206,-2.14,5.336,6.31,4.032,-5.562,-0.8115,5.05,5.07,2.736,-5.827,-9.16,-2.117,3.894,7.8,-6.254,-7.704,0.5104,3.576,2.27,-12.22,-5.593,-9.442,2.986
53,1.01,2.266,-1.031,2.818,0.7749,0.3361,1.13,1.15,3.433,0.4827,-2.281,-4.129,-17.2,0.0515,4.538,5.932,3.118,-5.327,-4.985,-2.528,2.016,1.593,-1.033,13.17,1.774,-2.378,-4.649,1.883,1.819,-3.808,-6.162,-2.674,0.0386,0.3649,-2.363,-1.052,4.01,4.48,3.187,-3.906,0.733,5.05,5.07,0.8115,-4.483,-4.633,0.3383,3.823,8.694,-2.434,-2.037,-0.2891,2.483,1.027,-12.93,-4.724,-6.517,1.394
54,1.01,1.173,-0.6604,4.896,1.576,-2.722,1.13,1.15,2.615,3.249,-3.415,-3.861,-14.37,4.889,4.522,2.391,-0.4584,-6.481,-2.419,-4.182,0.7227,0.1634,-3.497,13.56,4.481,2.427,-2.338,-4.306,-1.241,-0.0528,-0.3002,2.049,0.4617,-1.466,-1.936,-0.6121,8.421,6.818,0.2422,-2.961,0.9727,5.05,5.07,6.346,-1.676,-4.315,-1.19,2.99,12.42,-5.418,-4.529,2.737,2.621,1.946,-13.3,-4.487,-4.175,4.248
55,1.01,2.129,2.309,1.169,-2.651,-2.811,1.13,1.15,1.888,-0.146,-1.993,-5.59,-17.48,0.6186,5.867,7.829,0.6924,-8.285,-4.936,-2.185,-0.0652,-1.295,1.706,15.33,3.433,-1.965,-5.639,-2.884,1.613,-2.962,-1.832,-1.058,0.5746,0.4078,-4.379,-2.137,5.543,6.945,1.991,-3.724,0.43,5.05,5.07,3.396,-0.08,-6.902,-0.3317,3.455,10.4,-2.915,-3.481,0.7143,1.902,2.792,-10.92,-6.144,-6.21,3.639
56,1.01,1.928,-2.632,1.282,0.5052,0.0879,1.13,1.15,1.972,0.3908,-1.463,-2.163,-16.52,1.438,6.549,5.186,2.386,-5.484,-3.519,-4.598,3.567,1.795,-1.582,14.48,2.047,-1.154,-1.014,2.345,1.97,-0.8413,0.6371,-2.271,-1.323,0.1431,-0.8664,0.8371,5.132,3.06,1.655,-1.468,2.308,5.05,5.07,2.051,-3.552,-4.598,-0.3677,4.502,7.87,-1.007,-3.576,-0.0405,-0.3654,0.3559,-10.22,-3.003,-5.793,-0.1226
57,1.01,0.1581,0.4962,5.544,2.045,-1.32,1.13,1.15,5.223,3.018,-4.433,-4.105,-13.49,6.402,5.948,4.926,-0.9443,-6.0,-2.34,-3.865,1.895,-1.005,-4.332,13.39,2.563,0.7163,-2.752,-4.628,0.0663,-1.954,2.631,1.709,-2.053,0.2629,-2.899,-0.1503,7.396,5.718,0.5657,-4.107,-0.7634,5.05,5.07,5.044,0.3803,-5.984,-2.637,2.355,7.77,-5.828,-4.378,1.959,3.431,1.57,-12.8,-7.016,-6.028,5.126
58,1.01,3.047,-0.432,3.069,-2.812,-2.969,1.13,1.15,3.05,-1.581,-0.2097,-6.667,-17.8,2.39,5.048,7.305,1.278,-6.088,-5.969,-1.428,0.7431,-0.511,-0.5143,14.96,3.43,-1.644,-6.181,-5.46,1.573,-4.325,-0.1426,0.5639,-0.4609,0.7804,-5.521,-2.982,5.469,4.588,1.482,-4.575,2.084,5.05,5.07,4.239,-4.114,-6.174,-0.7685,4.691,13.96,-5.395,-7.601,-0.953,2.433,2.088,-10.31,-5.395,-7.302,3.797
59,1.01,2.312,-3.836,3.209,1.554,-0.8359,1.13,1.15,1.309,0.4806,-2.306,-3.538,-13.98,2.563,4.75,3.312,1.139,-6.153,-3.74,-3.789,3.471,2.668,0.3706,12.51,0.8851,-1.118,-3.6,-0.9951,0.7263,-0.6425,-0.3924,-2.452,-1.069,0.5461,-1.578,-1.322,4.107,2.358,1.092,-0.8996,2.814,5.05,5.07,3.347,-2.189,-3.551,0.7203,2.272,3.164,-2.22,-4.807,0.8023,3.275,0.5709,-11.47,-3.854,-2.189,3.057
60,1.01,1.372,1.286,3.506,-0.8167,-2.805,1.13,1.15,5.542,3.464,-3.207,-4.261,-16.28,2.569,7.098,5.223,0.2386,-6.519,-4.723,-5.957,2.044,-0.3042,-4.743,12.92,3.891,2.835,-2.072,-2.626,-1.673,-1.423,-0.1399,1.484,-2.177,-1.451,-4.169,1.099,8.541,5.809,2.282,-2.145,-1.455,5.05,5.07,4.549,-3.008,-6.948,-1.663,3.066,7.904,-6.342,-5.231,0.8396,4.188,1.365,-12.51,-6.543,-8.507,3.02
61,1.01,4.555,-0.6709,2.805,-1.187,-0.105,1.13,1.15,3.694,0.0891,-2.144,-4.784,-17.25,0.6505,4.944,6.019,2.809,-5.996,-5.069,-0.8631,1.389,1.3,0.5555,15.29,1.397,-1.1,-4.662,-0.7569,2.259,-3.073,-3.81,-0.414,0.5163,1.091,-4.178,-3.418,4.038,6.694,4.125,-4.633,1.756,5.05,5.07,4.419,-5.105,-7.27,2.732,6.747,8.719,-4.493,-3.093,-1.411,2.96,3.252,-10.63,-4.792,-5.705,0.8918
62,1.01,0.3712,-2.347,1.981,0.7941,0.5437,1.13,1.15,3.839,0.3109,-3.903,-2.911,-15.11,2.666,3.1,3.529,1.745,-5.616,-5.097,-5.986,3.72,1.718,-2.697,13.19,0.7146,0.4628,-2.939,-0.5147,0.177,-2.142,-0.8498,-1.271,0.7932,-3.346,-1.716,-0.6804,6.073,3.576,1.305,-1.241,2.191,5.05,5.07,1.831,-0.6074,-5.775,-0.4658,1.673,4.926,-4.988,-0.9733,0.6286,1.488,0.9965,-12.44,-2.854,-7.065,0.4106
63,1.01,1.518,2.878,4.77,-2.208,-0.8581,1.13,1.15,5.025,0.4061,-4.885,-3.521,-16.52,5.156,6.455,4.023,-1.147,-8.256,-3.503,-2.452,3.735,-0.2355,-4.052,12.6,4.456,0.314,-4.818,-4.782,0.6528,-2.708,2.847,0.9781,-1.822,0.3652,-2.772,-2.888,5.968,6.233,2.055,-3.516,-0.5374,5.05,5.07,3.872,-4.456,-5.987,-3.672,4.142,9.213,-5.784,-4.274,2.264,6.855,1.307,-11.64,-5.161,-6.697,4.754
64,1.01,2.317,1.539,2.53,0.7421,-1.844,1.13,1.15,3.661,-1.549,-2.852,-4.409,-17.42,0.1419,4.649,6.982,3.127,-7.412,-5.43,-2.174,2.862,0.974,-1.45,14.65,3.479,-0.8755,-4.081,-2.614,2.885,-4.782,-1.065,-1.935,0.3855,1.193,-1.347,-2.409,2.914,6.182,4.839,-4.055,1.709,5.05,5.07,4.729,-5.122,-9.538,-0.6899,4.517,7.873,-2.314,-0.7973,-0.3648,2.0,2.677,-9.85,-3.901,-3.587,2.549
65,1.01,-0.5533,-0.0733,4.796,0.9596,-0.1553,1.13,1.15,2.306,0.2255,-2.087,-2.339,-14.77,1.725,3.516,3.515,-1.152,-5.348,-1.756,-5.522,3.174,3.749,-2.875,12.6,0.7754,1.298,-3.648,-3.14,1.284,-0.6136,0.1438,-1.806,-1.708,0.3685,-2.42,1.265,5.312,3.805,-0.8458,-0.2631,1.891,5.05,5.07,4.201,-5.818,-4.932,-0.4331,3.807,10.5,-5.186,-2.25,3.376,1.78,-0.6371,-12.93,-3.804,-4.599,1.135
66,1.01,3.447,-1.944,1.642,-0.7879,-3.227,1.13,1.15,4.832,-0.8313,-1.272,-4.664,-17.14,4.285,5.111,3.655,-0.068,-11.5,-3.109,-2.642,1.241,0.7875,-1.876,15.82,4.32,-0.4739,-4.701,-5.511,1.03,-2.875,2.076,2.823,-1.327,-0.4672,-3.656,-2.323,6.341,5.61,5.199,-5.589,1.366,5.05,5.07,4.333,-1.653,-5.952,1.501,4.353,12.52,-5.238,-5.009,2.593,4.256,1.736,-11.32,-7.5,-8.28,3.144
67,1.01,3.831,-2.336,3.262,0.1296,-1.507,1.13,1.15,1.908,-1.763,-0.6097,-4.546,-17.58,1.895,5.388,6.122,1.351,-5.937,-5.838,-4.125,-0.6434,0.2583,0.9437,13.18,-0.5728,-2.583,-3.885,0.7721,2.231,-6.042,2.016,0.2037,-0.2894,1.448,-2.829,-1.728,5.357,4.059,3.72,-4.145,1.484,5.05,5.07,0.745,-5.894,-5.403,1.511,3.728,8.04,-2.916,-1.708,-0.0204,2.845,2.831,-10.65,-3.181,-6.737,2.645
68,1.01,0.2897,-0.3965,4.561,0.772,-0.9244,1.13,1.15,3.372,1.056,-2.616,-3.57,-16.77,1.33,3.704,4.166,0.427,-6.967,-2.772,-2.611,2.295,1.263,-3.481,11.69,3.68,1.614,-1.913,-0.3083,-1.306,-0.0021,1.183,-3.497,0.0188,0.5277,-1.356,-0.1245,5.23,3.933,0.6595,-1.18,0.291,5.05,5.07,3.692,-1.777,-7.74,-1.76,1.948,8.94,-3.794,1.288,1.564,2.231,0.8569,-12.62,-4.776,-6.455,3.581
69,1.01,3.965,3.151,3.45,0.0681,-3.977,1.13,1.15,3.552,1.257,-3.506,-4.565,-16.5,3.676,8.42,6.791,0.3179,-8.827,-7.25,-0.3222,-1.117,0.383,-2.622,13.93,3.809,-0.045,-3.721,-4.524,0.0873,-2.683,0.0667,1.031,-1.313,-0.8281,-4.643,-2.661,6.842,7.598,2.226,-3.918,-2.808,5.05,5.07,4.328,-1.893,-6.372,-1.29,5.426,8.783,-4.261,-3.361,0.6928,5.762,2.017,-11.92,-4.516,-9.622,4.44
70,1.01,1.796,1.252,2.204,-0.4858,0.9173,1.13,1.15,1.409,0.3589,0.2874,-4.885,-17.74,1.248,4.158,4.924,4.443,-5.46,-5.841,-3.61,1.267,2.135,-0.2487,13.73,1.7,-4.455,-4.78,-2.151,1.731,-4.445,1.818,-1.862,0.8082,0.5289,-1.701,-0.0149,4.303,4.139,3.339,-3.636,1.695,5.05,5.07,0.5804,-4.847,-5.278,0.412,6.902,10.73,-4.257,-5.709,0.2403,1.866,0.1214,-11.36,-4.138,-0.6454,1.891
71,1.01,0.3256,-0.9338,5.533,-0.2527,-2.195,1.13,1.15,3.375,1.985,-4.294,-5.555,-15.49,3.182,4.581,3.647,-1.583,-8.27,-2.365,-1.665,1.876,0.9157,-3.544,11.6,3.342,2.499,-4.325,-2.723,-0.1108,-0.2977,2.628,-0.1531,-2.025,-1.051,-3.298,0.2526,7.813,4.523,1.114,-4.195,1.977,5.05,5.07,4.28,-0.495,-4.569,1.422,3.706,6.961,-5.231,-2.233,1.629,2.262,0.6668,-14.16,-5.641,-3.45,3.57
72,1.01,4.011,0.8277,3.385,-1.915,-3.315,1.13,1.15,6.342,-0.0221,-4.567,-3.586,-17.16,1.244,7.77,5.862,1.15,-9.682,-4.537,-0.7971,-0.9023,0.0369,0.1171,13.5,2.894,-0.8188,-3.138,-4.168,0.625,-2.559,0.5805,-0.3412,3.272,0.835,-6.372,-3.556,5.864,6.292,4.592,-4.634,0.0128,5.05,5.07,3.664,-1.684,-8.782,-2.137,4.443,10.33,-4.828,-2.773,-0.1766,1.639,2.578,-10.59,-3.389,-7.057,2.702
73,1.01,1.8,-0.9675,3.071,-0.5962,-1.067,1.13,1.15,1.532,-2.168,-2.298,-3.85,-16.68,2.048,4.828,2.629,1.591,-6.594,-4.505,-1.199,1.953,2.651,-0.8777,13.42,1.798,-1.127,1.14,-3.661,1.894,-0.2845,-0.726,-1.218,-1.323,2.007,-3.02,-2.027,5.181,4.251,1.163,-3.304,1.507,5.05,5.07,1.302,-4.611,-6.139,0.7835,3.777,11.32,-2.947,-5.048,-0.78,2.448,1.78,-11.06,-0.6368,-9.323,-0.5909
74,1.01,-0.101,-0.6618,4.326,1.592,-1.326,1.13,1.15,4.406,3.93,-6.576,-0.094,-14.36,3.739,4.964,4.715,-1.39,-7.215,-1.628,-3.596,0.1764,0.1539,-4.357,11.69,2.66,0.3412,-3.731,-4.366,-0.0805,-0.1653,2.026,0.3207,-1.11,-2.0,-2.848,-0.2501,7.316,4.537,1.33,-2.383,1.479,5.05,5.07,3.279,-3.128,-6.166,-0.9293,1.167,8.73,-6.463,-3.108,2.765,2.533,1.697,-13.39,-5.682,-5.843,1.578
75,1.01,3.713,-0.2792,2.764,-1.192,-4.563,1.13,1.15,3.574,0.2044,-3.614,-4.573,-17.37,0.9897,7.288,6.176,1.088,-9.694,-4.138,1.358,1.14,-2.341,-1.949,16.34,3.078,-1.536,-5.648,-4.769,2.676,-5.317,-0.7443,1.087,-0.569,0.386,-4.552,-3.897,5.684,5.623,3.321,-2.364,-0.3523,5.05,5.07,4.286,-1.653,-7.222,1.151,6.016,9.865,-3.029,-6.025,-0.0911,2.576,3.825,-10.92,-5.023,-7.465,2.51
76,1.01,2.079,-6.102,3.159,0.7121,-2.269,1.13,1.15,1.445,-1.282,0.1265,-4.26,-14.36,2.169,6.801,5.306,2.273,-7.793,-5.413,-3.66,3.141,3.544,-0.5651,13.03,1.606,1.954,-3.682,2.09,2.395,-0.0716,0.2929,-0.5191,-1.632,-0.0788,-0.3746,-0.4551,4.073,3.501,1.947,-3.006,3.889,5.05,5.07,3.628,-1.59,-5.503,1.809,3.586,6.911,-2.518,-1.434,-0.3132,3.385,2.042,-11.63,-3.73,-5.767,2.557
77,1.01,0.1621,0.2826,3.749,-0.8312,-1.589,1.13,1.15,4.013,1.263,-2.543,-5.036,-15.98,3.285,4.848,5.307,-1.224,-7.33,-2.948,-4.977,0.9761,-0.4033,-2.755,9.214,4.184,0.9773,-2.83,-3.473,-1.106,-1.103,5.059,1.746,-1.819,-2.319,-3.781,-1.416,5.178,4.846,0.8013,-4.173,-0.6246,5.05,5.07,6.061,-2.42,-4.083,1.65,3.364,7.3,-6.162,-2.722,2.33,4.687,1.458,-12.52,-7.523,-6.543,3.34
78,1.01,3.438,1.156,2.911,-2.91,-1.893,1.13,1.15,2.888,0.4336,0.2399,-1.641,-16.94,1.995,4.457,4.674,2.049,-8.357,-7.706,-0.0875,1.038,-0.761,-0.3158,13.52,3.889,-1.566,-4.011,-1.449,1.033,-4.296,-0.7185,1.205,1.476,0.44,-3.373,-2.991,7.054,8.594,4.412,-4.171,-2.591,5.05,5.07,2.9,-2.099,-7.622,-1.431,6.031,10.96,-2.557,-6.148,-0.3315,1.637,2.836,-10.37,-7.0,-9.047,3.012
79,1.01,0.7514,-4.179,3.633,-0.7873,0.9969,1.13,1.15,1.955,-0.6723,-2.841,-2.124,-15.66,1.591,3.658,3.168,-0.4127,-4.903,-3.338,-3.638,3.029,1.345,-2.89,12.05,2.5,0.3262,-1.602,-1.299,2.107,-0.6531,1.081,-2.918,-1.938,-1.047,-2.582,-2.268,4.856,5.591,-0.403,-2.942,0.1618,5.05,5.07,2.119,-1.826,-4.139,-0.975,3.387,6.291,0.3787,-3.481,-0.0689,-0.3994,-1.446,-11.79,-3.626,-3.652,1.091
80,1.01,3.222,3.088,2.565,-0.1462,-1.79,1.13,1.15,3.554,1.536,-4.28,-4.777,-15.82,3.735,5.332,5.587,-1.098,-8.894,-4.224,-4.647,1.717,-1.33,-3.228,11.51,4.798,0.6021,-2.216,-5.776,-0.2742,-3.853,1.568,-2.244,-1.571,-1.537,-2.928,0.5059,7.015,6.231,1.652,-4.117,0.4157,5.05,5.07,2.342,0.6356,-8.145,-3.287,1.829,8.551,-3.182,-2.813,1.308,3.431,3.221,-12.34,-5.603,-5.105,3.703
81,1.01,3.959,-1.635,2.849,-1.411,0.4305,1.13,1.15,4.195,0.6394,-0.7745,-3.663,-16.83,1.483,5.7,7.8,1.278,-6.932,-6.046,-1.854,0.218,1.51,0.0279,16.09,4.394,-2.348,-3.34,-0.9697,3.423,-6.4,-0.3251,-0.1421,1.753,0.0894,-4.541,-2.402,5.189,5.242,1.687,-3.79,1.575,5.05,5.07,2.862,-4.665,-5.864,0.5361,5.22,11.39,-3.007,-4.28,-1.488,1.248,2.743,-9.94,-3.191,-7.24,1.748
82,1.01,1.074,-2.962,3.237,2.852,-1.207,1.13,1.15,2.942,2.331,-2.509,-2.489,-16.94,2.462,3.891,5.472,0.3621,-6.23,-1.376,-4.329,2.553,1.061,-0.7144,11.82,1.703,-0.7107,-0.9021,-1.976,1.938,-0.8641,0.8974,-3.138,-1.849,1.54,-1.201,0.7649,4.696,2.569,0.5805,-0.8961,1.472,5.05,5.07,3.56,-0.9,-4.918,-2.021,3.426,9.829,0.0778,-4.617,0.5821,1.75,-1.353,-12.29,-5.337,-1.521,0.6961
83,1.01,1.383,4.025,3.368,-1.696,-4.007,1.13,1.15,4.253,1.252,-3.223,-7.002,-18.78,2.821,8.445,4.724,-0.2391,-9.664,-5.224,-1.734,1.475,-0.869,-1.792,13.41,5.146,0.4018,-2.227,-3.229,0.5787,-3.91,-1.714,-0.5353,-1.599,-1.722,-5.406,-1.499,6.242,6.437,2.222,-4.23,-1.795,5.05,5.07,4.448,-2.849,-8.364,-1.336,4.069,10.28,-4.559,-6.187,0.9707,5.369,3.914,-12.44,-6.917,-8.481,3.786
84,1.01,1.815,-1.626,-1.103,-0.6214,-0.2606,1.13,1.15,2.719,-2.739,0.1003,-3.628,-17.68,0.3725,3.149,5.816,1.23,-8.212,-4.87,-2.828,-0.3671,2.105,-0.3173,13.49,3.23,-2.371,-4.265,-2.475,2.73,-2.993,0.1564,0.0569,1.067,0.9793,-2.96,-2.497,4.623,3.66,3.516,-5.996,0.8899,5.05,5.07,2.536,-5.071,-5.395,1.721,4.824,10.09,-2.718,-4.248,-0.2767,3.868,2.54,-9.469,-4.483,-8.225,0.3757
85,1.01,0.2578,-2.27,4.903,1.348,-0.9909,1.13,1.15,2.136,1.885,-3.355,-4.295,-14.19,2.675,2.98,3.8,0.9825,-4.705,-0.7091,-3.321,1.469,3.001,-1.98,12.48,2.127,0.3152,-0.7533,-0.747,-0.5149,-1.729,0.6236,-1.538,-2.02,-1.78,-2.432,-0.383,7.436,6.323,1.416,-2.109,0.8226,5.05,5.07,1.351,-3.361,-6.339,-0.5315,3.289,5.344,-4.321,-2.188,2.566,2.498,0.0992,-11.91,-3.409,-4.856,1.476
86,1.01,2.285,0.9577,3.727,-0.4608,-3.254,1.13,1.15,3.592,-1.037,-3.757,-3.441,-17.63,3.298,8.287,7.409,0.6641,-7.583,-3.773,-2.284,0.8619,-1.49,-2.639,14.42,6.15,1.195,-3.087,-3.115,2.99,-2.796,3.016,0.1883,-1.143,-2.648,-5.131,-2.232,6.977,6.084,3.465,-3.229,-1.47,5.05,5.07,4.341,-2.182,-7.27,-0.8151,4.279,5.258,-4.341,-6.597,2.453,5.083,2.053,-11.25,-4.717,-9.747,1.446
87,1.01,2.26,-3.572,2.446,0.6805,-2.072,1.13,1.15,5.151,-0.445,0.2862,-4.758,-15.91,-0.0436,5.938,7.683,3.466,-5.649,-5.937,-3.578,0.3918,2.669,-2.226,14.65,0.8782,-1.069,-3.409,-1.209,3.168,0.1383,-0.4364,-1.106,1.506,-0.6063,-2.414,-2.234,3.61,6.956,3.683,-5.474,3.379,5.05,5.07,-0.0748,-1.59,-4.845,0.0149,3.483,7.473,-1.09,-3.667,-1.5,-0.0387,1.113,-10.59,-4.234,-3.322,1.087
88,1.01,1.525,-1.501,2.636,1.407,-1.743,1.13,1.15,2.703,-1.333,-2.197,-4.378,-13.42,1.627,5.227,4.005,-1.683,-5.773,-3.789,-3.187,0.7308,2.454,-2.276,11.12,3.019,1.046,-0.2767,-1.852,0.0925,-0.5624,3.879,-0.7361,-2.689,0.5696,-2.591,-2.632,5.633,2.741,-0.4697,-0.6167,1.635,5.05,5.07,4.165,-2.632,-7.125,-2.284,1.26,6.971,-4.053,0.5982,0.809,2.487,2.123,-13.3,-4.975,-2.292,3.384
89,1.01,3.214,2.279,3.704,-0.8403,-1.88,1.13,1.15,6.051,1.435,-1.484,-3.394,-18.8,3.919,7.688,7.647,1.636,-9.183,-5.513,-0.7997,2.373,-0.8124,-2.914,14.41,4.368,-0.6123,-4.12,-2.579,1.994,-4.759,-0.7726,1.622,0.6698,-1.88,-5.492,-2.081,6.749,5.774,0.0999,-3.729,-0.7369,5.05,5.07,5.092,-2.73,-9.566,-1.383,2.571,11.02,-4.673,-7.079,0.6077,5.283,4.043,-11.56,-6.186,-6.787,2.985
90,1.01,3.647,-4.001,2.85,-0.1243,-0.4561,1.13,1.15,1.936,-0.1792,-0.3608,-3.64,-17.42,1.893,4.899,6.411,2.597,-6.912,-3.821,-1.224,1.017,4.279,-0.2097,11.1,2.728,-2.535,-4.23,-0.0347,4.196,-2.481,-3.916,-2.313,-1.101,2.041,-1.627,-3.519,4.006,4.032,1.919,-4.9,4.131,5.05,5.07,-0.2743,-5.257,-4.805,0.9616,5.4,5.035,-0.6032,-5.242,-1.154,1.405,0.8432,-10.28,-3.939,-2.902,0.8571
91,1.01,-2.158,-0.4355,3.011,2.015,-0.9176,1.13,1.15,3.389,2.484,-4.88,-2.361,-14.72,2.806,5.11,5.38,0.2102,-8.639,-4.805,-3.079,2.852,-1.348,-1.89,10.41,2.842,1.466,-3.591,-0.4266,-1.037,-0.2844,4.219,-0.1655,-3.654,-0.2133,-3.347,0.5113,6.476,4.564,1.151,-2.314,1.983,5.05,5.07,3.397,-0.4105,-5.88,-5.056,2.337,8.12,-6.11,-3.241,2.43,1.594,-0.7283,-10.98,-5.526,-3.237,4.111
92,1.01,2.093,-4.57,5.201,-2.588,-3.051,1.13,1.15,3.792,-0.2918,-1.432,-3.152,-18.18,3.154,5.779,4.414,0.3776,-6.999,-5.554,-0.6097,1.392,-0.4471,-2.54,13.05,3.922,1.147,-6.76,-4.802,0.3951,-3.902,2.056,0.9696,0.6109,0.1219,-2.129,-1.898,5.685,8.34,2.942,-5.235,1.718,5.05,5.07,3.61,-3.927,-7.127,-1.115,5.085,10.52,-3.668,-4.379,-0.3173,1.866,1.971,-11.55,-4.82,-7.751,2.198
93,1.01,1.204,-2.428,2.455,1.187,-1.289,1.13,1.15,2.373,-0.2034,-1.667,-3.763,-13.78,0.1213,3.508,4.439,0.45,-4.906,-6.501,-0.3568,3.715,4.796,1.283,13.37,1.155,-2.287,-3.277,-1.826,1.045,-1.72,0.1561,0.4575,-1.037,-0.6018,-2.149,-2.34,3.382,3.734,4.331,-3.721,3.154,5.05,5.07,0.7407,-4.396,-6.308,2.072,4.832,5.452,-1.369,-3.62,-1.634,-0.841,1.28,-10.54,-3.972,-5.421,-0.6394
94,1.01,0.2928,-3.323,4.236,1.339,-0.7845,1.13,1.15,1.832,3.813,-2.577,-3.703,-12.9,1.351,5.999,4.274,-0.9059,-6.413,-4.079,-5.575,-0.4471,-1.136,-1.341,11.47,0.841,2.105,-4.027,-2.544,-2.055,-0.5478,1.572,-0.3993,-1.795,-0.7496,-4.067,-0.887,6.196,5.976,0.5914,-2.697,-0.223,5.05,5.07,6.655,2.206,-4.865,-1.326,2.563,9.745,-6.515,-3.099,2.229,2.134,-0.0728,-12.4,-6.871,-4.435,0.5852
95,1.01,3.667,1.064,2.225,-1.643,-3.375,1.13,1.15,3.507,-0.0629,-2.611,-4.283,-16.89,1.507,5.413,4.854,0.7985,-8.199,-5.199,-0.4151,-0.1542,-0.692,-0.8001,15.5,3.627,-1.572,-4.765,-3.068,4.011,-5.968,-1.585,3.327,1.929,-1.2,-5.515,-1.244,5.842,5.839,4.557,-6.757,0.4965,5.05,5.07,3.223,-4.816,-7.947,-1.937,6.799,10.19,-2.004,-6.078,0.84,1.798,3.243,-9.82,-6.295,-8.748,3.689
96,1.01,1.883,-1.603,1.263,0.2818,-0.7725,1.13,1.15,2.525,-0.4081,-1.468,-1.814,-16.23,1.305,4.026,4.379,-0.8377,-3.782,-2.846,-2.801,3.248,0.6026,-1.679,11.31,2.077,-1.226,-2.683,-0.5814,1.887,-2.331,-0.7959,-1.071,-1.498,1.306,-0.8129,-2.057,4.238,3.544,1.525,-2.244,-0.0926,5.05,5.07,2.771,-4.684,-4.666,0.8336,2.673,9.173,-3.135,-1.949,-0.5366,-0.2056,0.2209,-10.88,-3.424,-5.423,1.679
97,1.01,1.23,1.17,6.137,2.018,-2.69,1.13,1.15,4.617,2.399,-1.952,-3.078,-15.72,3.175,4.716,5.815,-1.118,-9.406,-3.634,-3.015,3.329,-1.671,-0.2971,13.7,5.015,-0.8331,-2.821,-0.8224,-1.106,-2.619,-0.2888,-0.4712,-2.617,-2.401,-5.082,-0.2039,6.474,4.738,1.66,-1.473,0.5338,5.05,5.07,2.958,-3.827,-5.564,-1.054,1.583,8.85,-6.236,-7.819,1.156,2.147,0.7954,-10.99,-5.517,-4.786,3.391
98,1.01,4.702,-2.327,0.2492,-2.232,-1.977,1.13,1.15,4.788,-0.2116,-1.792,-4.2,-18.98,2.379,5.489,6.562,1.509,-6.123,-5.89,1.395,-0.9737,-0.4393,-1.135,15.75,1.668,-2.47,-4.724,-3.225,4.064,-3.015,-2.777,2.639,-0.1327,0.0727,-6.465,-3.643,6.186,4.279,1.827,-3.298,-0.7814,5.05,5.07,4.74,-6.561,-7.449,-0.5576,5.634,12.52,-4.218,-4.591,-1.347,2.245,2.659,-10.09,-4.915,-6.286,1.825
99,1.01,-0.13,-2.691,3.478,0.5259,-0.6967,1.13,1.15,0.9671,1.171,-1.676,-1.908,-14.67,2.339,2.664,3.442,0.134,-4.542,-3.641,-4.043,2.56,2.332,-1.059,14.41,2.783,-0.7017,-1.771,-0.8324,3.425,1.768,1.828,-2.542,0.011,1.149,-0.2542,-0.1667,5.559,2.429,3.108,-3.228,-0.2737,5.05,5.07,1.485,-3.333,-2.83,-0.027,1.532,9.826,-3.376,-3.685,1.299,1.683,-1.032,-11.36,-3.807,-3.182,2.56
100,1.01,1.998,-0.7715,6.978,-0.2279,1.19,1.13,1.15,5.232,-0.2701,-2.993,-3.225,-15.74,4.406,5.31,3.106,-1.184,-8.733,-4.146,-3.346,0.5407,1.035,-3.199,13.36,4.597,1.807,-5.09,-5.088,0.2723,-3.062,-0.6767,1.96,-1.194,-1.903,-2.339,-0.6781,8.548,5.617,4.477,-2.852,-1.816,5.05,5.07,3.148,-3.369,-5.769,-1.636,3.308,10.2,-4.814,-4.237,1.205,2.831,0.7393,-11.72,-6.132,-5.507,4.836
101,1.01,4.429,-2.218,0.2986,-1.719,-0.2708,1.13,1.15,3.902,-0.7093,-1.022,-1.797,-16.87,0.6292,4.206,6.838,0.3872,-8.637,-5.263,-1.741,2.195,-1.611,1.976,13.14,3.366,-0.1658,-3.582,-3.536,-0.1918,-3.514,-3.64,0.5608,-0.2895,1.795,-2.593,-4.025,3.983,4.483,2.962,-5.348,0.4902,5.05,5.07,2.756,-8.132,-6.023,-0.609,4.269,10.5,-3.553,-2.292,-0.6261,0.7734,2.237,-10.63,-4.04,-7.479,0.6016
102,1.01,1.588,-0.9408,5.215,2.164,-1.153,1.13,1.15,3.362,0.2779,-1.643,-2.208,-15.11,4.446,2.739,3.134,0.6459,-4.298,-1.198,-4.434,1.479,0.5782,-1.764,9.3,1.94,-1.552,-1.694,-0.8273,0.6695,-0.0044,-1.567,-1.345,-1.811,-0.6231,-2.141,-0.392,7.458,3.036,2.424,-1.939,1.399,5.05,5.07,2.597,-3.396,-5.373,-1.219,1.353,10.29,-3.068,-2.647,1.532,2.19,0.0892,-12.76,-4.893,-3.869,0.5979
103,1.01,3.378,-0.3678,3.532,-0.356,-3.186,1.13,1.15,5.355,1.687,-4.029,-4.915,-15.77,2.401,7.953,5.088,-0.5075,-7.921,-6.19,-1.894,2.354,-0.6926,-2.955,14.26,6.915,0.9359,-3.961,-5.199,-1.552,-1.581,0.0193,1.092,-0.2894,-1.042,-5.894,-1.812,6.219,5.87,3.254,-2.481,-0.741,5.05,5.07,5.458,-3.774,-8.084,-2.331,3.889,9.361,-6.045,-4.509,-0.6943,4.618,2.676,-11.74,-6.729,-6.886,4.778
104,1.01,2.628,-3.469,2.535,-2.431,0.6733,1.13,1.15,2.663,-2.304,-2.17,-2.955,-16.59,-0.4575,5.7,6.374,1.794,-7.156,-6.954,-2.91,0.6176,0.4534,2.068,13.13,1.556,-0.1293,-5.309,-3.169,4.011,-3.124,-0.3225,1.047,1.754,1.794,-2.061,-3.017,6.367,4.706,3.162,-5.469,2.495,5.05,5.07,2.568,-2.154,-5.592,1.178,3.973,7.751,-0.3799,-2.358,-1.574,1.949,1.17,-9.385,-3.459,-6.26,2.233
105,1.01,0.6407,-2.758,2.015,2.251,1.233,1.13,1.15,0.4568,1.833,-4.226,-2.478,-12.21,0.4609,3.738,3.393,-0.0625,-5.984,-5.417,-3.063,4.009,2.466,-3.635,11.51,1.556,0.1876,-1.52,-2.366,0.9615,-1.378,0.6002,-0.5512,-1.02,0.011,-2.657,-0.6963,5.082,4.555,0.1693,-2.758,1.487,5.05,5.07,3.573,-4.249,-2.896,0.0087,3.09,5.679,-3.698,-0.6656,1.079,2.409,1.406,-12.36,-6.477,-2.974,2.147
106,1.01,2.364,3.828,4.351,0.2425,-2.416,1.13,1.15,7.186,0.9215,-0.9679,-4.753,-15.91,1.736,5.926,6.91,0.0923,-8.046,-4.86,-1.267,2.63,-1.023,-3.503,13.35,3.993,1.54,-4.748,-1.547,1.135,-3.955,-1.475,0.2022,-1.355,0.6488,-2.977,-2.343,6.271,5.778,2.26,-5.78,-0.6874,5.05,5.07,5.19,-1.59,-6.823,-1.398,4.878,10.46,-4.866,-1.761,0.8883,4.597,2.971,-12.96,-5.351,-10.46,4.217
107,1.01,3.378,-1.338,2.013,-0.4309,-0.1036,1.13,1.15,1.308,-0.2857,0.0905,-3.205,-18.97,1.644,2.811,5.726,2.134,-7.211,-5.587,-2.763,0.6887,3.717,-1.895,14.35,2.706,-2.384,-4.541,-0.6716,3.154,-3.759,-0.3461,-4.131,0.9186,-0.7206,-1.132,-2.462,5.094,3.404,0.7556,-4.831,2.539,5.05,5.07,1.924,-6.9,-8.761,2.11,3.484,11.85,-1.608,-4.704,-0.4055,0.255,1.969,-9.245,-3.65,-8.104,0.5665
108,1.01,1.811,-0.8874,2.797,2.077,0.8181,1.13,1.15,4.253,0.6592,-1.722,-3.186,-12.74,2.987,3.992,2.776,1.961,-6.111,-2.32,-4.516,2.314,1.929,-2.917,11.71,2.409,-0.2411,-0.0665,-1.505,-1.28,-1.658,4.423,-1.66,-4.097,-1.081,-3.345,0.8112,6.918,4.358,0.7552,0.2483,1.65,5.05,5.07,5.448,0.5834,-3.738,-3.768,0.8971,7.71,-6.62,-5.177,0.9687,1.205,1.496,-11.5,-4.151,-3.18,1.262
109,1.01,1.822,-0.9043,2.787,0.7363,-3.923,1.13,1.15,2.197,-1.416,-2.151,-4.074,-19.07,1.257,7.293,6.319,0.393,-9.175,-5.801,-1.8,-0.2049,-2.475,-2.881,13.78,3.247,-2.08,-5.901,-2.685,-0.6974,-3.537,-1.033,2.399,-2.414,-1.417,-5.118,-1.947,4.808,6.676,1.352,-7.085,-0.24,5.05,5.07,4.204,-5.107,-7.515,-2.675,3.378,10.49,-3.868,-4.347,1.026,5.587,2.046,-11.12,-4.87,-5.039,3.724
110,1.01,0.9438,0.6089,0.5474,-0.6746,-0.3346,1.13,1.15,1.918,-0.3988,-0.9521,-2.756,-16.1,0.8347,4.587,5.32,2.55,-5.218,-4.567,-1.057,1.885,2.235,1.838,12.8,0.7369,-2.016,-4.333,0.7356,1.2,-4.585,-3.007,-0.0895,0.1501,0.4456,-1.584,-3.179,5.631,4.168,1.812,-3.959,3.448,5.05,5.07,1.699,-4.978,-5.455,-0.3819,5.392,7.422,-0.8467,-2.44,-0.2523,-0.0244,0.9865,-10.03,-3.508,-6.34,1.203
111,1.01,2.449,0.9456,2.95,1.33,-2.319,1.13,1.15,2.63,1.256,-2.491,-4.372,-13.76,1.11,3.441,4.635,0.6388,-6.943,-6.099,-3.633,2.53,-0.1526,-3.319,14.35,1.322,2.389,-2.396,-0.6471,-0.554,-2.77,0.2558,-2.838,-2.502,-1.269,-3.471,-0.102,6.109,4.302,0.5813,-4.995,1.523,5.05,5.07,3.99,-5.208,-4.978,-0.3471,3.171,4.54,-5.483,-2.393,2.805,1.686,1.386,-12.19,-2.99,-5.285,3.769
112,1.01,1.543,0.2665,2.294,-2.254,-1.661,1.13,1.15,3.366,0.1235,-1.881,-6.535,-17.52,1.737,6.886,7.123,-0.3092,-9.987,-5.02,1.063,0.4098,0.6141,-2.319,15.57,3.655,-1.903,-2.871,-4.719,-0.2233,-5.474,0.6773,0.967,1.486,0.1254,-3.234,-3.077,5.842,5.987,3.193,-4.935,-0.113,5.05,5.07,3.338,-4.505,-6.308,0.4668,4.582,12.25,-4.797,-6.282,1.031,2.729,2.983,-11.06,-5.952,-8.068,3.441
113,1.01,2.222,-2.68,1.059,1.422,0.4668,1.13,1.15,1.045,0.4772,-2.825,-3.806,-15.16,1.038,5.422,5.483,1.941,-4.912,-5.172,-0.9245,1.527,0.2998,-1.264,11.65,0.3461,-2.254,-3.072,-1.134,3.346,-3.264,-1.861,-2.409,-0.1969,1.239,-4.328,-1.043,3.659,3.783,3.771,-0.613,2.901,5.05,5.07,2.638,-3.251,-5.653,2.876,3.511,9.266,-3.614,-3.747,-0.9267,1.116,0.3321,-12.13,-3.481,-4.351,-0.0356
114,1.01,0.2013,-2.282,5.83,0.7383,-1.604,1.13,1.15,0.7579,1.066,-4.321,-4.647,-14.33,3.101,6.409,4.194,-0.7264,-9.275,-3.905,-4.451,2.234,0.9037,-2.868,11.93,2.916,0.6134,-2.64,-3.059,-0.2509,-0.643,2.747,0.0289,-1.574,-1.918,-4.918,-0.9336,5.287,3.445,-1.311,-2.647,-0.2312,5.05,5.07,3.424,-0.5647,-6.789,-1.088,1.731,7.62,-4.415,-0.8786,1.95,2.916,0.218,-13.48,-6.126,-6.562,2.783
115,1.01,3.339,1.639,3.043,-2.338,-3.632,1.13,1.15,3.056,0.2241,-1.722,-5.828,-18.2,-1.2,4.535,6.08,2.711,-8.129,-5.55,-0.5393,1.394,0.1353,0.5771,14.11,5.548,-0.5845,-4.018,-2.868,0.7315,-5.885,0.5297,-0.8835,2.818,-1.326,-5.226,-3.367,4.089,6.341,1.828,-5.796,2.847,5.05,5.07,4.387,-8.728,-9.255,-1.488,6.101,10.01,-4.016,-6.058,-0.5331,3.676,3.653,-11.22,-5.439,-6.551,2.579
116,1.01,2.471,-3.282,2.82,1.358,1.206,1.13,1.15,1.394,-0.1193,-1.451,-0.5965,-15.26,0.5458,4.842,4.716,2.246,-4.943,-0.7907,-4.405,2.269,0.6946,-1.694,13.38,0.6661,-1.752,-1.57,-1.479,2.474,-3.279,-0.3911,-1.167,-1.63,-0.1928,-2.562,-1.06,3.829,3.629,1.055,-0.3057,0.908,5.05,5.07,2.232,-5.06,-5.16,1.61,5.264,8.244,-0.1137,-3.897,-0.5695,0.8183,0.939,-10.98,-5.275,-1.81,0.5467
117,1.01,2.368,-0.6357,2.06,1.48,-3.096,1.13,1.15,3.077,2.219,-4.049,-2.278,-16.93,3.2,5.131,4.877,-3.513,-6.525,-3.653,-3.59,3.191,1.401,-3.089,12.51,2.848,1.902,-3.042,-2.64,1.94,-2.826,1.718,-0.156,-2.761,0.1821,-1.832,-0.3264,6.436,5.174,1.541,-3.22,0.6378,5.05,5.07,4.233,-2.729,-5.917,-2.569,2.606,7.926,-4.779,-3.864,3.039,6.385,1.936,-13.79,-8.228,-6.585,3.92
118,1.01,3.68,1.654,2.589,-2.063,-0.9146,1.13,1.15,3.868,0.3508,-3.565,-3.495,-15.32,0.8602,6.402,6.044,2.671,-7.827,-5.9,-1.544,0.0782,1.987,-0.6054,13.85,2.164,-3.568,-5.43,-1.758,3.791,-4.46,-2.046,-1.362,2.215,-0.6836,-4.371,-2.326,5.424,4.941,2.064,-7.157,2.073,5.05,5.07,1.568,-5.231,-5.655,0.026,4.93,8.998,-4.776,-4.865,-0.9535,3.883,1.527,-10.04,-4.895,-8.672,2.333
119,1.01,1.214,-3.332,3.751,0.96,1.286,1.13,1.15,2.798,-0.0766,-1.978,-1.015,-16.6,-0.6349,2.461,6.639,-0.0348,-7.266,-3.904,-2.796,1.739,0.5349,-0.5222,12.83,0.1136,0.1128,-2.955,-2.465,2.093,-1.522,-2.774,-3.778,0.9005,-2.39,-1.575,-1.074,5.819,1.748,0.7079,-1.942,0.6652,5.05,5.07,1.119,-2.309,-4.089,2.598,3.346,8.43,-2.546,-1.247,1.107,1.912,1.484,-12.67,-3.38,-5.763,2.008
120,1.01,2.306,1.129,3.202,-0.0983,-1.514,1.13,1.15,3.722,2.5,-2.024,-3.534,-16.56,4.222,4.784,6.922,-0.7719,-6.523,-5.255,-2.978,2.238,0.8085,-4.202,12.87,2.989,1.832,-1.738,-3.707,0.735,-3.293,2.46,-0.3762,-0.7716,-2.115,-5.208,-1.782,7.264,6.864,1.279,-4.321,-1.382,5.05,5.07,4.315,-4.623,-5.284,-0.7569,4.648,6.699,-7.396,-6.167,0.2193,3.132,1.568,-13.72,-6.099,-3.56,2.686
121,1.01,3.534,0.4108,3.313,-1.492,-3.05,1.13,1.15,4.569,-2.123,-1.244,-5.242,-16.75,0.231,4.007,7.718,2.86,-7.914,-3.535,-2.694,-0.488,1.537,-1.657,15.52,2.035,-1.962,-3.759,-1.641,3.034,-5.577,-0.5118,0.8945,2.068,0.6494,-2.703,-2.088,4.356,5.765,5.779,-4.795,-1.275,5.05,5.07,3.682,-2.799,-7.138,-2.647,5.917,8.263,-3.397,-5.282,-0.8826,1.301,1.97,-10.74,-2.529,-6.286,3.137
122,1.01,1.315,-4.146,6.054,-0.5682,1.203,1.13,1.15,1.173,0.903,-3.143,-3.607,-16.16,0.4976,3.816,2.885,2.203,-5.982,-3.938,-4.36,2.617,0.2426,-3.501,14.13,1.795,2.265,-2.624,-2.501,3.632,-2.801,-0.2261,-1.523,0.6311,-0.1628,-1.815,-0.554,5.101,4.991,0.7616,-1.845,2.127,5.05,5.07,2.787,-2.477,-3.405,0.8737,3.542,6.751,-4.07,0.4693,1.197,2.234,0.6823,-12.91,-4.577,-2.267,1.308
123,1.01,2.79,-2.016,2.636,-0.7474,-2.098,1.13,1.15,4.375,2.23,-3.586,-3.759,-13.16,3.057,7.318,3.913,-1.75,-9.556,-6.947,-3.203,2.17,-1.285,-2.34,15.38,3.158,0.803,-4.466,-0.9332,0.022,-2.393,3.01,1.286,0.3231,-0.0091,-2.953,-1.93,5.406,6.568,0.3662,-3.616,0.9792,5.05,5.07,6.316,-2.569,-6.402,-2.806,2.759,6.859,-4.65,-5.218,0.5627,2.848,0.1929,-13.06,-8.142,-3.648,4.098
124,1.01,4.976,2.754,3.173,-0.1031,-2.403,1.13,1.15,1.564,-2.27,-2.564,-3.735,-15.99,-0.5873,6.091,3.828,2.099,-7.615,-5.616,-1.073,0.186,2.709,1.252,14.76,1.712,-2.531,-3.924,-3.064,4.098,-3.055,-1.918,-0.0125,1.196,0.7891,-3.174,-1.79,5.554,7.217,3.378,-5.598,0.6383,5.05,5.07,1.482,-6.456,-7.599,2.213,3.384,6.924,-1.703,-3.082,-0.9332,1.075,2.219,-9.599,-2.804,-5.803,1.715
125,1.01,0.1888,-1.501,4.078,2.309,-0.3913,1.13,1.15,2.51,-0.4734,-1.87,-2.863,-15.25,4.12,4.72,3.158,-0.8678,-7.702,-2.951,-5.445,5.22,-1.449,-3.423,10.56,1.031,2.428,-2.926,-1.651,-0.6206,1.46,4.682,-2.466,-1.852,-1.641,-0.7018,-1.877,4.634,3.224,1.47,0.8559,0.9276,5.05,5.07,3.583,1.768,-4.154,0.5651,4.416,5.46,-4.831,-3.518,1.804,0.7151,1.192,-11.76,-3.851,-3.777,1.232
126,1.01,1.448,1.827,3.686,-1.529,-2.985,1.13,1.15,3.392,1.123,-2.553,-4.008,-17.64,1.787,4.176,4.399,-1.181,-7.038,-5.928,-1.548,2.178,1.625,-3.151,13.99,3.343,-0.9763,-7.762,-5.581,1.321,-3.932,-0.6363,-0.2355,-1.716,-1.728,-6.172,-1.921,6.291,3.263,3.631,-4.573,0.027,5.05,5.07,4.062,-2.7,-7.349,-1.633,2.102,9.058,-1.156,-5.897,0.981,5.831,2.443,-12.09,-7.283,-5.785,3.339
127,1.01,0.4236,0.2265,0.2925,-0.5456,-0.933,1.13,1.15,2.581,-3.664,0.594,-2.822,-15.94,1.592,5.491,7.737,2.781,-7.1,-1.82,-1.049,-0.6883,1.917,-0.5272,11.95,3.104,-1.133,-3.332,-0.9558,0.7479,-4.197,-0.8167,-0.4614,-1.102,2.257,-3.676,-1.218,4.146,4.584,2.259,-6.724,1.615,5.05,5.07,0.2533,-4.234,-3.639,0.8328,5.59,8.862,-1.39,-3.235,0.2657,-0.311,2.407,-9.732,-4.925,-6.876,0.8054
128,1.01,0.561,-0.9631,3.708,2.029,2.001,1.13,1.15,3.956,1.174,-2.219,-2.463,-13.06,1.601,3.849,3.102,-0.5981,-7.693,-4.267,-3.754,2.367,-1.271,-1.934,11.63,1.102,0.557,-1.192,-2.312,0.5159,-0.6971,0.8499,-1.211,0.1871,-2.668,0.0277,1.871,4.55,5.706,-0.3572,-2.777,0.9772,5.05,5.07,1.716,-2.732,-5.024,-0.6043,0.8795,8.339,-4.48,-1.583,1.257,1.888,0.1405,-13.15,-5.742,-5.024,2.846
129,1.01,3.751,2.278,4.287,-0.252,-1.526,1.13,1.15,4.598,-0.0429,-1.576,-5.29,-18.92,3.094,6.463,6.588,-0.2572,-8.451,-7.659,0.0129,-0.3347,-2.807,-2.456,14.5,2.789,-1.114,-4.491,-3.204,1.309,-3.815,2.243,0.8807,-0.3739,0.284,-3.973,-1.216,6.312,7.612,3.602,-2.913,-0.393,5.05,5.07,4.645,-4.046,-7.869,-1.803,3.858,10.08,-3.805,-5.433,-0.6658,4.163,3.213,-9.805,-5.837,-6.787,1.798
130,1.01,4.304,-4.464,0.8657,3.131,0.8215,1.13,1.15,5.31,0.9847,-1.611,-4.045,-15.82,-0.2632,3.422,6.634,5.728,-7.055,-5.43,-1.276,1.647,0.8317,-0.4006,12.67,1.703,0.1579,-4.841,-0.8475,2.982,-2.4,-3.331,0.605,1.287,1.165,-3.719,-1.588,5.859,4.184,4.377,-4.055,3.227,5.05,5.07,3.467,-5.488,-5.783,0.9561,4.795,7.944,-2.211,-4.017,0.2185,0.1949,0.6089,-9.875,-3.46,-2.155,2.343
131,1.01,0.6739,-2.517,4.539,0.718,-2.149,1.13,1.15,2.404,-1.223,-3.659,-3.0,-15.76,1.304,5.666,4.449,-0.0694,-4.42,-3.421,-2.273,-0.8239,2.046,-2.888,9.678,1.767,1.266,-1.938,-4.378,-1.096,-2.236,4.593,-0.8278,-0.1638,-2.881,-2.18,-1.348,5.991,3.808,-0.0066,-1.636,0.3445,5.05,5.07,4.934,0.0959,-4.376,-0.5438,2.636,5.354,-2.991,-3.181,-0.1601,3.797,1.712,-13.75,-5.484,-6.116,3.014
132,1.01,3.996,-3.118,2.605,-0.0263,-4.064,1.13,1.15,6.399,0.9577,-1.44,-4.264,-17.23,-0.832,5.208,5.746,1.502,-9.001,-5.8,-0.6789,0.1131,-0.4317,-2.392,14.58,4.85,-3.628,-3.349,-3.268,0.7778,-4.521,3.291,0.3535,-0.0939,0.6112,-5.127,-2.946,5.855,4.876,2.018,-4.923,0.9881,5.05,5.07,5.574,-6.817,-7.15,-0.4041,5.486,10.06,-1.746,-2.788,-0.768,3.917,3.171,-10.38,-5.637,-6.488,4.681
133,1.01,0.87,-3.011,0.5619,-2.093,4.15,1.13,1.15,2.08,0.5142,-1.091,-3.35,-14.04,1.862,3.724,7.519,2.032,-4.706,-3.222,-1.497,0.4438,1.075,-2.771,12.36,2.015,0.1834,-3.661,-2.735,3.897,-4.863,0.5414,-1.009,-0.5464,1.504,-3.131,-2.126,4.072,6.297,3.134,-1.84,2.634,5.05,5.07,2.409,-5.436,-3.201,0.7383,5.1,6.865,-1.265,-1.688,0.6932,1.049,0.5396,-11.29,-3.344,-4.782,0.9418
134,1.01,2.154,0.0191,3.055,0.3975,-3.232,1.13,1.15,4.585,1.438,-2.915,-6.331,-14.85,3.017,6.425,5.265,0.6191,-6.517,-4.28,-2.594,-0.0108,-1.437,-2.05,13.5,5.353,0.5612,-4.102,-3.441,-0.2511,-2.538,-1.019,-1.888,-0.0352,-0.442,-2.506,-2.074,8.773,3.237,0.5828,-4.445,-0.1792,5.05,5.07,4.509,1.558,-4.246,-3.859,2.003,8.999,-4.679,-2.242,1.803,2.802,1.133,-11.11,-4.224,-1.801,1.823
135,1.01,3.969,3.443,1.783,0.1485,-1.357,1.13,1.15,4.123,-2.194,-1.84,-2.641,-19.6,3.752,5.676,7.487,1.094,-8.549,-5.794,0.1041,0.9812,-0.0501,0.1754,13.22,4.287,0.4192,-4.804,-2.558,-0.091,-6.453,-0.0444,1.533,-0.2298,-0.3918,-3.236,-3.349,5.325,6.8,3.589,-5.222,0.4992,5.05,5.07,2.725,-4.832,-6.996,0.0793,5.319,11.54,-1.962,-5.974,1.241,1.895,2.34,-10.75,-4.93,-7.975,1.591
136,1.01,0.3197,-2.291,2.92,0.4528,0.8364,1.13,1.15,2.866,-1.559,-0.4363,-3.577,-16.1,0.8318,4.399,5.209,2.33,-6.181,-5.237,-1.559,1.205,2.256,-1.344,11.82,1.794,-3.78,-4.279,-2.927,2.397,-1.06,-1.835,0.331,-1.056,3.331,-1.359,-0.2635,4.18,3.202,1.563,-0.5913,1.215,5.05,5.07,2.675,-5.175,-2.997,-0.3294,4.199,7.353,-3.059,-2.777,0.2694,1.033,0.6485,-12.7,-4.988,-6.495,-0.1163
137,1.01,2.275,2.645,2.629,-0.2467,-3.365,1.13,1.15,4.39,1.018,-4.212,-3.606,-15.28,1.972,6.807,2.882,0.2004,-7.406,-2.908,-4.335,1.344,0.3552,-1.503,12.45,3.757,1.118,-1.65,-4.089,-2.257,-1.166,-0.2049,-2.019,-1.229,-0.7827,-2.569,-0.9669,7.415,4.025,0.0901,-3.168,1.262,5.05,5.07,4.563,-1.724,-7.969,-3.371,3.131,6.312,-6.325,-0.5245,2.731,4.673,0.725,-12.07,-6.221,-5.039,4.226
138,1.01,4.402,-0.8391,1.528,-3.994,-1.831,1.13,1.15,1.456,0.3928,0.0419,-4.807,-17.44,2.274,5.978,5.397,1.196,-6.345,-7.094,-1.247,1.275,-0.7846,-2.404,16.27,2.375,0.2828,-5.045,-4.335,-0.2195,-3.547,-0.2994,0.5901,-0.2559,0.9495,-3.222,-3.802,5.62,4.798,3.039,-3.446,1.475,5.05,5.07,2.405,-5.731,-7.836,1.561,6.665,11.54,-3.585,-4.203,-0.5917,0.6078,4.384,-9.996,-4.314,-6.861,-0.0424
139,1.01,1.579,-6.108,3.677,2.263,0.8311,1.13,1.15,0.5,-0.536,-1.823,-2.135,-14.09,2.373,5.248,4.022,2.703,-7.289,-4.278,-1.904,2.114,2.056,-1.906,12.89,0.9366,-0.0635,-2.48,-1.229,1.957,-2.002,1.197,-3.307,-1.852,-0.7028,-1.721,-1.02,7.303,4.818,0.67,-1.307,2.964,5.05,5.07,3.651,-2.797,-4.259,-2.034,2.346,7.766,-3.332,-4.515,0.3018,1.392,0.2514,-11.5,-7.068,-3.166,0.9099
140,1.01,0.1098,-2.186,4.256,-1.838,-1.909,1.13,1.15,3.836,1.532,-2.026,-5.899,-15.14,1.987,6.25,5.57,-1.775,-8.573,-3.484,-5.177,0.935,-1.152,-2.261,12.59,2.482,0.3808,-3.743,-4.063,-1.267,-0.7305,1.751,-0.2565,-2.111,-0.8101,-4.726,0.0774,8.045,4.431,2.164,-5.014,-0.0918,5.05,5.07,5.273,-0.9094,-6.79,-1.889,4.044,7.107,-6.974,-3.276,1.707,4.75,2.104,-12.3,-4.849,-7.5,4.865
141,1.01,4.025,-3.378,2.265,-1.97,-1.38,1.13,1.15,3.274,-1.46,-1.67,-4.131,-17.21,0.8092,5.337,6.51,1.082,-7.571,-5.699,0.7066,-0.2183,2.882,-0.0269,15.03,2.35,-0.6755,-3.354,-2.612,2.823,-3.476,-2.014,1.315,-1.562,-0.6036,-4.998,-2.937,3.552,4.276,4.749,-7.608,0.7579,5.05,5.07,4.625,-1.965,-5.7,0.5596,4.861,9.025,-1.393,-5.221,-0.3232,3.873,1.344,-9.941,-3.417,-6.332,2.865
142,1.01,0.7175,-3.658,4.361,-2.045,-0.0367,1.13,1.15,-0.6282,3.419,-2.812,-2.971,-13.56,1.574,4.041,2.852,1.733,-5.727,-3.814,-4.206,2.938,0.0522,-1.707,9.798,0.7798,-0.5171,-0.7221,-1.247,2.694,-0.8988,-2.39,-2.81,-1.529,1.376,-2.226,-1.684,6.658,4.481,0.5172,-2.058,1.305,5.05,5.07,4.198,-1.809,-2.37,-0.506,5.288,6.556,-2.436,-2.516,1.073,3.634,-0.6963,-12.75,-3.887,-3.192,1.588
143,1.01,0.5149,1.994,5.336,1.042,-2.55,1.13,1.15,2.796,0.8265,-2.7,-5.054,-15.39,3.964,4.434,6.146,-0.6534,-7.508,-4.402,-4.26,0.0822,-2.495,-4.932,13.57,4.436,0.1416,-2.145,-3.118,0.5294,-1.406,5.606,1.819,-1.891,0.1766,-3.868,-0.8858,7.12,2.668,2.062,-5.947,1.018,5.05,5.07,4.255,-4.891,-4.623,-1.548,5.503,10.29,-5.174,-7.435,2.715,2.467,1.729,-10.44,-5.884,-7.416,3.765
144,1.01,3.954,-1.375,1.975,-2.507,-1.97,1.13,1.15,4.639,-0.2303,-0.3546,-3.127,-17.32,-0.8461,3.475,8.723,0.9392,-6.635,-5.804,-3.412,0.8308,0.8722,-0.8539,14.88,1.348,-0.9526,-5.426,-1.088,1.207,-4.727,-1.115,-1.126,2.461,-0.4673,-3.94,-2.467,4.61,5.014,3.673,-5.081,1.372,5.05,5.07,1.687,-4.18,-6.597,-1.338,3.887,9.425,-2.301,-4.309,-0.982,2.433,1.618,-11.61,-3.124,-6.0,2.553
145,1.01,0.3938,-1.381,3.532,2.688,-1.051,1.13,1.15,0.5865,-2.216,-3.621,-0.773,-14.18,2.157,4.519,3.21,-1.103,-6.096,-2.965,-3.898,2.648,-0.8281,-2.129,11.1,3.595,1.74,-0.452,-1.239,0.7258,0.9675,0.0649,-0.3657,-1.892,1.073,-1.174,-1.021,6.197,2.404,-0.1868,-2.19,1.298,5.05,5.07,3.421,-2.974,-4.736,-1.123,0.9716,6.636,-4.007,0.3204,1.051,0.8911,0.2744,-11.77,-5.123,-2.949,0.9968
146,1.01,2.796,2.78,3.693,-0.8781,-4.283,1.13,1.15,4.992,2.529,-3.862,-5.341,-16.88,2.599,3.987,7.018,0.1859,-9.432,-4.156,-3.05,-1.343,-1.835,-2.42,15.67,4.872,1.399,-4.846,-2.839,0.6442,-4.528,-0.8172,1.18,0.1625,-1.841,-4.043,-2.429,5.849,6.342,2.895,-2.991,1.584,5.05,5.07,6.147,-1.388,-6.742,-1.297,3.254,7.735,-4.107,-2.686,0.9208,2.697,3.942,-11.45,-8.268,-9.541,5.192
147,1.01,5.148,-4.211,1.346,0.41,-0.7741,1.13,1.15,1.261,-0.8567,-0.8986,-3.945,-17.83,0.2917,4.686,6.29,2.608,-7.577,-6.652,-0.4295,1.33,1.878,-1.661,13.95,1.977,-3.493,-4.676,-0.4747,3.227,-4.656,-0.8025,-0.0935,-1.142,1.21,-2.307,-2.587,2.748,6.397,2.346,-0.9474,1.269,5.05,5.07,2.569,-5.273,-4.044,0.6847,3.516,8.315,-2.388,-6.061,-0.2514,2.186,2.411,-9.221,-2.272,-8.673,0.0579
148,1.01,-0.2658,1.115,3.188,-0.4097,1.409,1.13,1.15,2.475,0.6825,-3.008,-4.978,-15.63,2.602,5.115,4.08,0.9566,-7.048,-3.451,-2.938,1.671,-0.3119,-1.537,11.28,1.552,0.8743,0.4221,-1.673,-0.0939,-4.375,0.8121,0.6251,-1.752,0.1108,-3.124,-0.7234,6.536,4.533,0.5394,-0.2754,0.4693,5.05,5.07,4.922,0.121,-4.727,-3.271,0.8209,8.235,-4.932,-2.895,1.856,0.678,1.01,-11.68,-5.055,-4.091,3.225
149,1.01,3.186,-0.0522,3.751,-0.122,-0.395,1.13,1.15,3.52,-0.798,-3.316,-4.298,-18.86,1.868,6.093,6.176,-0.2288,-8.522,-5.566,0.9757,0.7597,0.1299,-1.275,13.75,4.828,-0.3183,-0.0602,-4.56,0.5906,-3.394,4.564,1.587,1.111,-2.677,-5.393,-4.158,6.728,4.304,2.58,-5.154,-1.502,5.05,5.07,5.745,-3.054,-7.161,-0.9582,4.97,8.326,-5.229,-4.483,1.678,4.115,1.303,-10.87,-6.758,-5.45,4.023
150,1.01,2.537,1.953,4.055,-0.2804,-1.742,1.13,1.15,1.874,-0.8964,0.6777,-2.56,-15.32,1.687,4.908,6.863,2.715,-4.996,-6.565,-0.6267,3.039,1.337,0.0038,14.57,0.7734,-1.18,-4.613,-1.111,2.084,-2.426,1.14,-1.019,-1.195,2.204,-3.779,-1.027,3.872,3.494,2.57,-4.505,2.019,5.05,5.07,1.521,-4.374,-7.241,0.0415,4.968,9.264,-1.992,-0.8213,-1.44,1.716,1.908,-9.628,-4.011,-7.185,1.892
151,1.01,1.222,-3.657,1.921,1.375,-0.8155,1.13,1.15,2.069,-0.5834,-1.432,-3.507,-14.26,2.724,3.871,2.689,-0.7509,-4.544,-4.144,-3.06,3.767,-0.343,-3.413,13.41,1.793,-0.0683,-0.871,-4.039,0.4708,-0.0719,-0.8915,0.6835,-0.1384,-0.7582,-3.569,-1.214,6.011,4.931,2.362,0.3474,-0.8434,5.05,5.07,3.604,-0.8743,-5.276,-1.915,2.084,4.56,-4.841,-2.246,0.71,3.57,0.3458,-14.01,-5.949,-5.476,2.763
152,1.01,3.441,1.655,2.578,-0.9171,-0.2734,1.13,1.15,4.15,1.457,-3.379,-5.566,-17.0,-1.49,7.653,5.018,0.6904,-9.08,-6.584,-0.7277,2.088,-1.937,-0.1672,13.58,4.429,-0.1538,-5.829,-3.457,-0.4139,-2.894,-2.737,0.8049,-1.2,-0.3997,-3.541,-3.154,4.803,5.456,4.458,-3.638,-1.276,5.05,5.07,4.743,-2.365,-6.621,-0.8485,5.633,9.163,-4.536,-4.778,0.453,3.918,3.186,-11.05,-4.681,-10.6,3.501
153,1.01,3.672,-3.526,-1.065,0.6157,-0.9491,1.13,1.15,1.7,-1.219,-1.779,-3.568,-15.7,2.187,3.253,7.38,3.454,-6.729,-2.78,-1.471,-0.2383,0.315,-0.3411,14.37,0.7757,-0.3502,-2.632,0.3224,4.071,-3.124,-0.3507,0.0898,0.1566,2.126,-2.148,-1.302,6.48,5.18,4.713,-3.89,1.379,5.05,5.07,1.623,-5.065,-4.536,1.924,3.5,8.14,-0.1415,-2.419,-1.447,1.556,0.3084,-10.79,-3.393,-7.295,-0.1516
154,1.01,0.8095,-2.237,5.375,2.136,0.7776,1.13,1.15,3.443,2.186,-3.896,-2.364,-13.76,2.662,5.869,3.688,-0.6975,-7.853,-7.279,-3.606,1.422,0.1121,-1.957,13.85,3.554,1.03,-3.235,-2.64,0.6575,-1.327,0.1938,-0.6089,-2.711,-0.1124,-4.355,-0.8335,7.676,3.338,0.2215,-1.403,1.157,5.05,5.07,3.932,-3.76,-6.171,-0.6997,2.54,8.002,-2.661,-1.029,3.304,4.26,3.022,-13.34,-5.273,-3.589,4.123
155,1.01,4.598,3.037,0.5351,-2.105,-1.753,1.13,1.15,4.14,0.5944,-2.092,-2.04,-16.54,1.62,5.871,7.125,-0.0428,-8.884,-6.513,-3.873,-0.8658,0.5864,-1.605,14.52,4.796,-0.5545,-4.083,-4.738,-0.2639,-3.846,-0.3137,0.6412,2.323,-0.2209,-3.928,-3.808,4.434,6.264,2.47,-4.375,1.925,5.05,5.07,3.602,-2.037,-7.696,-1.995,5.207,7.086,-4.318,-5.124,1.345,2.925,2.688,-11.03,-5.515,-6.395,5.935
156,1.01,2.027,-1.219,3.088,0.068,2.356,1.13,1.15,0.9532,-1.953,-1.318,-2.307,-14.67,0.9067,3.907,4.745,2.083,-3.868,-4.303,-4.698,2.713,2.595,-1.244,12.66,3.139,0.0377,-2.465,-1.062,2.07,-4.047,0.9891,-1.236,0.1926,1.462,-1.442,-0.1975,4.671,2.833,3.052,-3.194,3.822,5.05,5.07,1.604,-4.257,-3.472,1.255,4.796,10.58,1.499,-0.9252,0.232,0.2882,1.151,-12.37,-2.243,-6.481,1.814
157,1.01,2.586,-0.6888,3.513,-1.178,1.031,1.13,1.15,4.417,1.735,-5.096,-4.344,-13.44,2.616,5.461,4.386,0.7198,-7.451,-2.811,-4.256,2.569,-2.011,-3.356,10.78,1.558,2.333,-2.222,-2.427,1.236,-3.743,0.0537,-0.5186,-0.9861,-2.431,-2.202,-0.2219,4.894,7.64,0.9662,-2.939,-1.053,5.05,5.07,4.8,-3.355,-5.151,-0.7496,2.53,7.787,-6.958,-1.021,2.473,5.208,3.233,-11.13,-5.878,-8.227,2.659
158,1.01,2.315,0.7141,3.298,-1.097,-4.098,1.13,1.15,1.654,-1.254,0.4512,-5.192,-16.38,1.395,5.381,6.17,2.035,-9.103,-6.692,-0.4887,1.768,1.715,-0.5998,14.98,3.173,-2.716,-5.268,-1.866,1.048,-5.671,-1.186,0.7306,0.3481,1.128,-1.958,-3.147,3.997,6.253,3.901,-8.059,-0.1404,5.05,5.07,5.786,-7.079,-7.167,0.1994,6.119,5.437,-2.304,-5.789,-0.9883,2.976,3.821,-10.37,-3.615,-3.653,2.358
159,1.01,1.639,-1.834,3.154,0.5374,-1.858,1.13,1.15,3.503,-0.9836,-2.873,-2.047,-15.78,-1.145,3.68,5.809,2.408,-3.998,-3.363,-3.454,1.139,3.163,0.5788,11.54,1.001,-0.4754,-3.381,-2.342,1.223,-2.917,1.683,-1.884,-2.505,0.7376,-0.6294,0.517,5.418,4.377,0.5467,-4.375,1.866,5.05,5.07,4.141,-1.696,-5.664,-0.9931,3.915,6.382,-2.519,-3.461,0.427,1.597,1.146,-12.2,-4.192,-8.758,0.9051
160,1.01,0.9824,0.1534,4.598,2.702,-1.105,1.13,1.15,5.824,3.105,-2.523,-2.454,-16.66,3.805,6.209,3.91,-0.4462,-8.131,-3.438,-2.921,0.835,1.158,-3.093,11.97,4.65,0.9005,-3.13,-3.997,0.3829,-0.6136,2.144,1.22,1.075,0.9784,-4.083,0.1056,5.817,5.774,2.412,-3.26,-0.0637,5.05,5.07,4.72,-1.994,-5.322,-2.912,2.163,9.307,-4.573,-3.722,0.6126,6.609,2.256,-12.04,-5.755,-6.844,4.963
161,1.01,2.789,-1.788,1.922,-3.788,0.2563,1.13,1.15,2.981,-0.544,-1.874,-3.489,-19.68,2.354,7.664,8.075,3.896,-6.573,-4.065,-1.033,-1.189,1.328,-0.4973,14.53,4.367,-0.9848,-3.815,-2.221,3.484,-3.762,-2.072,-1.868,-0.6301,1.632,-3.208,-3.505,3.002,2.632,2.806,-5.17,2.043,5.05,5.07,3.509,-6.071,-7.606,-1.032,4.188,7.809,-4.832,-6.093,-2.046,4.704,3.899,-11.78,-5.449,-5.324,0.5425
162,1.01,-0.1025,-3.283,4.44,0.9712,2.192,1.13,1.15,1.552,-0.7603,-2.365,-2.704,-17.23,0.7428,3.553,6.134,1.294,-3.206,-3.316,-6.412,3.362,1.559,-0.8585,11.77,1.565,-0.7783,-1.078,0.37,0.551,-1.216,1.347,-1.684,-1.574,1.884,0.2494,-0.8227,4.742,4.898,1.7,-1.81,2.051,5.05,5.07,1.68,-1.027,-1.721,0.688,5.015,6.494,-3.906,-2.148,3.099,-0.2677,0.5975,-11.99,-5.899,-5.87,0.8956
163,1.01,0.6183,0.776,5.921,-0.3336,-1.43,1.13,1.15,4.973,2.157,-3.191,-4.816,-13.26,3.506,6.667,4.973,-1.513,-7.699,-4.904,-2.967,0.5727,0.9241,-4.505,14.31,2.331,0.1099,-2.668,-3.467,-1.81,-6.307,2.64,1.907,-0.3235,-2.318,-2.063,-1.203,5.995,6.651,2.524,-3.73,1.387,5.05,5.07,3.487,-4.09,-7.604,-1.089,4.257,8.047,-5.272,-3.634,2.33,5.865,2.298,-11.96,-6.811,-3.476,4.201
164,1.01,3.01,-1.533,3.097,0.9595,-1.978,1.13,1.15,3.276,-0.9218,-2.41,-5.921,-15.11,1.876,4.311,7.275,2.666,-7.43,-6.162,-2.726,1.529,0.9757,-0.9674,13.0,1.367,-0.4053,-5.737,-1.794,1.946,-4.678,-2.288,0.77,0.9409,0.1083,-4.704,-3.409,3.815,6.157,3.221,-5.072,2.783,5.05,5.07,0.2014,-4.61,-5.382,0.5939,6.88,10.42,-2.057,-2.338,0.819,0.3755,2.035,-9.673,-4.05,-5.364,1.727
165,1.01,-1.138,-2.136,2.795,0.5625,0.1854,1.13,1.15,2.014,1.168,-3.631,-2.131,-16.83,1.688,3.979,7.251,-0.1076,-5.47,-3.499,-3.731,3.862,2.886,-1.11,12.21,1.711,0.2236,-1.774,-2.273,3.204,-2.081,1.319,0.0503,-2.153,-0.3024,-1.191,-1.517,4.529,5.064,-0.7349,-0.9064,2.478,5.05,5.07,2.595,0.5758,-5.077,1.11,2.314,5.909,-5.024,-5.186,1.336,3.728,0.31,-12.06,-5.054,-5.803,1.589
166,1.01,3.325,1.573,3.651,-0.1824,-3.175,1.13,1.15,5.513,0.201,-2.948,-5.167,-14.06,1.77,4.891,3.664,-0.9634,-6.722,-4.229,-4.245,0.1948,1.592,-1.317,13.1,5.387,1.787,-2.404,-2.881,1.551,-3.197,1.501,1.276,-0.9453,-0.9333,-3.973,-2.772,6.989,5.314,2.575,-3.873,-1.052,5.05,5.07,4.715,0.9759,-5.665,-0.1481,4.182,10.22,-5.878,-5.36,0.1337,2.277,3.442,-11.64,-5.406,-5.7,3.175
167,1.01,3.751,-5.586,3.119,-2.253,-2.05,1.13,1.15,2.15,-1.615,0.2749,-3.804,-20.41,0.3981,5.023,7.212,3.212,-7.488,-4.876,-3.88,2.343,2.129,-0.8655,13.47,3.011,0.5581,-3.784,-2.387,4.813,-3.342,-0.1261,-2.168,0.6979,1.219,-2.41,-0.8969,3.15,4.591,2.452,-3.797,0.3378,5.05,5.07,1.654,-5.11,-7.951,-0.4194,5.504,8.113,-2.957,-2.917,1.12,1.067,2.517,-9.238,-2.843,-6.824,0.2664
168,1.01,-0.3952,-1.814,3.982,1.505,1.87,1.13,1.15,3.403,2.497,-2.375,-4.501,-14.37,-0.205,3.579,5.089,0.5471,-7.086,-4.034,-3.831,2.494,0.9433,-2.851,12.83,3.398,-0.0595,-1.459,-0.0864,0.7146,0.032,0.8832,-3.292,-1.904,-1.997,0.5917,-0.2561,6.181,3.437,0.0782,-3.134,1.538,5.05,5.07,1.062,-1.867,-5.032,-0.5398,2.358,7.198,-3.288,-1.472,1.144,1.723,1.086,-11.98,-2.78,-4.771,0.3162
169,1.01,1.805,2.028,3.74,-1.56,-1.409,1.13,1.15,6.457,1.871,-4.234,-4.177,-16.5,3.98,6.355,5.501,0.6553,-6.989,-3.611,-1.807,-0.633,-1.243,-3.118,13.33,3.687,3.019,-4.838,-4.835,0.3777,-3.616,1.597,1.25,-0.8091,-0.8826,-3.88,-1.396,6.108,4.724,2.076,-6.084,0.0802,5.05,5.07,5.623,-1.983,-6.527,-1.786,5.743,5.896,-3.763,-2.044,1.031,3.185,2.787,-11.37,-5.531,-7.579,4.779
170,1.01,1.122,-2.659,1.919,-0.886,-0.2574,1.13,1.15,1.408,-2.654,0.0345,-4.096,-16.08,1.809,5.301,5.495,1.965,-8.092,-4.044,-1.56,1.079,-0.2868,-1.509,13.96,3.33,-0.4125,-3.481,-1.902,3.26,-4.363,-3.198,-2.379,2.195,-0.3489,-4.559,-2.181,4.909,3.888,2.571,-1.248,1.923,5.05,5.07,1.365,-4.257,-6.437,1.642,4.335,10.12,-0.7571,-3.942,2.495,1.419,2.369,-9.434,-2.491,-5.415,2.136
171,1.01,-0.963,-0.792,5.852,0.6905,2.201,1.13,1.15,2.475,0.4717,-3.179,-2.877,-14.15,3.051,2.175,5.171,-0.3558,-8.413,-2.267,-3.025,3.221,1.198,-2.456,11.94,1.63,0.7117,-1.261,-0.3142,0.5435,0.3142,0.7238,-1.512,-4.743,1.664,-0.4345,-0.9865,7.816,5.046,1.734,-0.0643,0.289,5.05,5.07,4.432,-0.4287,-3.308,0.0988,3.726,8.268,-5.223,-3.259,2.124,2.32,-0.6232,-11.33,-4.446,-4.309,1.4
172,1.01,3.543,3.76,4.411,-0.6914,-1.625,1.13,1.15,5.727,-1.03,-4.35,-4.586,-17.19,3.559,5.938,6.352,0.9934,-8.458,-7.831,-1.27,0.7694,-2.503,-1.209,13.66,5.034,-1.248,-4.595,-2.944,-0.6626,-4.09,-1.239,1.264,0.8677,-1.302,-3.96,-3.082,5.41,5.793,2.338,-5.759,1.625,5.05,5.07,3.456,-5.88,-7.268,-1.044,6.277,11.61,-5.831,-4.786,1.75,4.001,3.96,-9.505,-7.887,-8.478,3.615
173,1.01,4.379,-4.169,0.358,-0.8466,-0.5567,1.13,1.15,3.307,-2.033,-1.156,-3.439,-16.76,0.479,3.731,4.822,5.298,-6.594,-4.87,-1.029,0.3132,4.156,-0.1306,13.25,2.433,-2.92,-3.603,-1.905,0.6994,-3.802,-3.623,0.0217,-0.2452,0.683,-3.744,-2.581,3.538,2.382,1.457,-5.089,2.882,5.05,5.07,1.721,-5.295,-5.073,2.694,3.609,3.351,0.7721,-4.235,0.8252,1.33,0.1666,-10.37,-3.362,-2.72,2.828
174,1.01,0.671,2.65,4.822,0.6493,-1.44,1.13,1.15,3.989,1.942,-2.285,-3.529,-14.81,2.63,3.572,3.961,-1.015,-8.481,-1.962,-2.479,2.786,-0.2715,-2.682,12.61,4.23,1.061,-2.491,-1.247,2.705,-1.52,2.067,-2.48,-0.9044,-2.347,-1.475,-0.517,5.664,5.172,0.267,-2.236,2.324,5.05,5.07,2.613,-3.458,-3.068,1.513,2.254,10.16,-0.5818,-3.912,1.134,1.914,1.236,-11.72,-3.944,-6.553,3.152
175,1.01,2.805,2.138,2.449,1.007,-2.113,1.13,1.15,3.237,1.471,-1.96,-5.137,-17.22,1.274,5.213,6.831,2.664,-10.49,-4.955,-1.683,0.1139,-1.91,-4.631,14.91,5.099,-1.972,-2.612,-2.969,0.3843,-4.897,-0.6357,1.207,1.835,-1.501,-4.499,-2.721,6.156,6.217,2.094,-4.621,-0.0816,5.05,5.07,0.7326,-5.617,-6.022,1.526,5.353,11.84,-3.037,-3.893,1.716,3.119,3.417,-11.36,-5.569,-4.003,3.84
176,1.01,2.062,-2.943,1.603,3.647,0.2009,1.13,1.15,4.235,-0.2916,-2.636,-2.459,-14.75,0.3338,5.199,5.428,1.722,-4.093,-6.276,-2.95,-1.787,1.048,1.364,13.18,0.804,0.0348,-2.085,-0.8814,0.9335,-4.095,0.0206,-0.063,-0.8686,0.7137,-1.933,-1.568,6.039,2.589,1.609,-4.125,1.91,5.05,5.07,2.231,-1.568,-5.372,2.933,2.648,7.23,-4.883,-3.449,1.17,1.996,0.658,-9.018,-5.072,-6.084,1.821
177,1.01,-1.098,-0.4744,4.546,0.8325,-2.498,1.13,1.15,3.63,1.884,-2.989,-3.202,-11.85,2.078,8.126,4.431,0.0184,-7.046,-2.432,-3.527,2.204,2.266,-1.347,12.23,1.991,0.5718,-1.708,-3.252,-1.402,-1.755,0.6549,-1.069,-1.932,-1.39,-3.713,-0.6219,6.907,3.002,3.333,-2.329,-0.0339,5.05,5.07,4.674,1.43,-3.191,-3.282,2.842,10.76,-3.282,-4.926,3.197,4.723,1.507,-11.55,-3.361,-3.707,2.442
178,1.01,3.277,-0.0243,1.418,-1.673,-3.338,1.13,1.15,5.499,0.6964,-2.681,-5.546,-18.68,1.821,6.877,7.447,0.4771,-6.763,-5.164,-0.3687,1.616,0.0474,-1.7,16.04,4.341,-2.243,-5.02,-0.0001,2.689,-3.904,-0.2731,-0.7776,0.8897,-1.315,-5.241,-3.309,4.531,7.098,4.202,-5.271,1.154,5.05,5.07,3.473,-2.284,-6.037,-2.451,2.994,10.5,-1.007,-3.838,2.166,4.734,3.826,-8.823,-3.096,-7.311,2.059
179,1.01,2.001,-2.863,3.06,0.2633,0.0253,1.13,1.15,2.755,-1.64,-2.022,-4.107,-16.22,2.739,3.871,3.771,-0.3731,-4.755,-2.713,-1.871,3.393,1.474,-1.043,12.01,4.439,-0.7012,-2.701,-0.5853,2.137,-1.654,-1.452,-1.272,-1.159,0.4209,-1.391,-2.33,5.204,4.551,1.278,-5.302,2.026,5.05,5.07,4.041,-5.967,-4.464,1.502,4.35,8.276,0.4376,-1.906,0.1264,0.986,1.273,-12.25,-4.014,-2.798,-0.7569
180,1.01,1.431,-0.3314,4.844,2.044,-1.052,1.13,1.15,3.55,2.669,-5.871,-1.668,-16.3,3.397,5.742,4.543,-1.962,-7.825,-5.438,-3.1,3.603,-0.0357,-4.867,12.12,3.589,1.061,-2.378,-3.605,0.1507,1.119,1.4,1.025,-1.428,-1.175,-3.227,-0.5132,8.117,6.369,0.3941,-2.575,-1.911,5.05,5.07,2.623,-4.614,-5.803,0.2617,2.212,7.793,-7.392,-3.185,3.223,1.635,0.5522,-11.91,-4.374,-2.753,5.165
181,1.01,3.502,-2.851,2.0,0.6045,1.168,1.13,1.15,5.704,-1.256,-2.274,-2.902,-16.85,-2.305,6.21,4.815,1.871,-7.509,-5.954,-2.077,0.8713,1.608,1.476,14.58,2.892,-1.281,-3.573,-3.62,5.191,-2.959,-2.04,0.691,1.296,-0.446,-2.5,-1.96,6.006,5.841,4.012,-4.937,0.5279,5.05,5.07,2.945,-3.433,-6.711,-0.5735,7.087,6.709,-2.9,-0.7148,2.75,3.089,3.157,-9.977,-1.518,-4.846,1.979
182,1.01,1.043,-2.968,2.214,0.6483,0.4557,1.13,1.15,3.124,-0.4171,-2.388,-3.405,-16.05,1.639,3.592,4.909,1.49,-6.218,-3.569,-1.679,2.313,1.676,-0.9612,11.45,1.798,0.6356,-2.013,0.9497,1.974,-1.137,-2.829,-0.7807,-1.067,1.192,-0.6249,0.6648,4.15,3.53,0.33,-0.9565,0.4017,5.05,5.07,3.271,-2.135,-4.378,0.0549,4.515,4.974,-0.8454,-1.098,1.213,2.193,1.831,-9.281,-5.366,-1.892,0.4952
183,1.01,-0.4092,-1.124,5.32,1.639,-3.459,1.13,1.15,5.724,3.338,-3.721,-3.874,-15.44,5.132,8.067,4.509,-0.7079,-7.298,-1.998,-3.128,-0.109,-2.567,-2.775,11.12,4.882,0.6064,-1.624,-3.752,0.6996,-3.214,-0.9766,1.376,0.4797,-1.468,-4.64,-0.048,6.898,7.406,0.9964,-3.716,2.725,5.05,5.07,5.099,0.0903,-6.328,-1.211,5.266,7.765,-6.033,-1.703,0.9585,3.669,2.032,-10.81,-6.68,-9.627,3.206
184,1.01,3.786,2.129,3.123,-1.007,-1.557,1.13,1.15,4.32,-0.3363,-1.541,-5.758,-15.87,-0.0616,7.879,5.596,-0.361,-7.412,-4.704,-0.7765,3.055,0.4616,1.803,14.24,1.456,-0.2489,-2.556,-1.834,2.962,-5.7,-3.726,-0.512,1.309,-0.3789,-2.193,-3.177,2.789,5.35,3.408,-6.242,0.4834,5.05,5.07,2.018,-3.659,-6.214,-0.0338,6.245,8.182,-3.878,-2.868,-1.311,2.395,4.132,-9.858,-3.296,-1.949,2.538
185,1.01,-0.4618,-3.588,4.673,2.149,2.512,1.13,1.15,2.51,3.157,-2.607,-2.173,-15.07,0.6855,4.916,4.556,1.526,-5.175,-4.141,-5.435,1.814,1.842,0.7293,12.99,0.161,-0.0315,-0.1757,-1.428,1.548,-0.8281,-1.773,-0.6213,-3.413,1.866,-0.1161,-0.0908,5.736,3.496,0.651,-0.9697,2.921,5.05,5.07,4.301,-3.149,-2.416,-1.179,3.32,7.445,-2.712,-0.1698,0.8289,0.6858,-0.6889,-10.65,-4.868,-4.873,-0.0019
186,1.01,4.064,2.023,5.263,-1.15,-1.946,1.13,1.15,6.023,2.333,-5.014,-3.295,-15.92,2.724,7.859,6.666,0.3128,-8.255,-5.966,0.1632,1.288,-1.2,-2.561,13.11,3.359,2.113,-3.764,-4.172,-0.1259,-1.625,2.926,-1.071,0.469,-4.091,-2.398,0.1309,6.861,3.609,3.139,-2.873,-0.3162,5.05,5.07,4.207,-2.909,-6.182,-0.6091,3.539,9.184,-4.023,-0.8998,3.919,3.866,3.615,-11.6,-4.902,-5.783,3.367
187,1.01,2.063,0.1664,0.6315,-2.472,-0.1328,1.13,1.15,0.9694,-0.3395,-2.369,-2.568,-16.26,3.115,3.869,6.514,3.232,-6.296,-4.726,-2.137,1.751,-1.331,-0.2832,15.26,3.626,-1.971,-3.945,-2.816,3.292,-5.216,-0.9707,-0.0843,-0.9732,-0.4471,-5.347,-2.71,4.781,2.255,3.76,-3.611,2.329,5.05,5.07,1.813,-5.074,-5.79,1.427,4.323,10.02,-0.249,1.196,-0.6917,3.552,2.524,-8.606,-3.263,-8.661,4.144
188,1.01,1.666,-3.068,3.272,-0.097,-0.2567,1.13,1.15,2.536,1.696,-3.333,-2.395,-15.97,2.145,4.974,4.539,0.857,-4.667,-2.777,-5.704,2.443,1.543,-1.424,10.89,1.77,1.091,-2.686,-3.235,-0.8585,0.5474,2.175,-1.219,-3.272,0.1338,-1.741,1.872,5.847,2.53,1.767,-1.865,1.113,5.05,5.07,4.549,-2.058,-4.7,0.1113,2.517,6.285,-3.246,-2.902,2.153,4.844,0.6966,-13.4,-4.907,-5.359,1.228
189,1.01,0.663,1.955,4.293,1.395,-0.2575,1.13,1.15,5.938,1.253,-5.333,-5.433,-17.89,1.446,6.49,5.203,2.361,-6.965,-5.743,-1.808,2.236,2.358,-3.191,14.57,4.912,-0.2398,-6.279,-6.406,-2.905,-3.147,0.1012,0.8878,-1.018,-1.816,-1.446,-0.9302,7.218,5.766,2.314,-2.295,1.505,5.05,5.07,5.129,1.774,-7.215,-1.072,3.507,8.161,-4.746,-2.666,3.024,4.586,4.127,-10.92,-4.617,-4.865,3.822
190,1.01,4.31,2.579,3.85,-0.0477,-0.1185,1.13,1.15,1.064,-2.066,-1.255,-1.714,-19.37,1.567,5.714,7.315,3.718,-7.562,-6.225,-1.662,-0.3239,2.015,-1.068,13.21,1.216,-2.246,-5.978,-1.634,0.9204,-1.434,0.0729,0.199,1.825,0.7181,-3.433,0.3041,3.491,5.418,1.384,-2.673,1.771,5.05,5.07,2.621,-2.735,-5.957,-1.285,4.729,8.377,-5.85,-2.33,0.2052,4.076,2.977,-9.403,-5.509,-3.437,0.7209
191,1.01,-1.247,-2.952,4.649,1.091,-0.679,1.13,1.15,3.813,2.05,-4.724,-1.724,-16.91,1.881,3.341,4.126,1.664,-5.579,-3.665,-4.643,3.675,2.109,-1.643,12.57,4.822,0.2537,-1.369,-1.804,-0.1527,-1.042,-1.049,-1.292,-0.0581,0.918,-2.548,-0.6566,5.946,5.398,1.261,-2.2,3.308,5.05,5.07,3.894,-3.634,-2.242,-2.411,2.437,9.937,-3.878,-2.122,1.26,3.904,1.433,-11.66,-4.801,-5.679,3.656
192,1.01,1.579,2.255,2.886,-1.662,-1.688,1.13,1.15,4.211,2.758,-3.312,-4.687,-16.89,3.354,8.014,5.973,1.169,-10.48,-5.841,-2.637,-0.5539,-0.6225,-0.538,13.94,2.533,0.8885,-3.974,-4.056,-0.2063,-3.049,1.073,4.758,0.8058,-2.768,-4.736,-0.9054,6.28,7.217,2.755,-3.129,1.999,5.05,5.07,4.325,-3.613,-4.432,-2.374,2.713,11.72,-4.173,-3.126,1.513,3.099,2.479,-9.778,-3.347,-4.799,3.681
193,1.01,3.946,-1.09,5.503,0.4359,0.9192,1.13,1.15,2.579,0.1678,-1.177,-2.752,-16.77,-0.6579,4.816,5.703,1.826,-6.701,-3.704,-2.102,1.091,1.015,-0.3845,13.38,3.779,-1.46,-4.658,-2.176,2.543,-3.682,0.257,0.1847,1.205,0.8816,-4.598,-1.782,4.449,0.8809,1.462,-2.866,3.994,5.05,5.07,0.6009,-3.216,-6.805,1.149,4.246,9.444,-0.5902,-1.114,-0.2374,2.435,2.384,-10.45,-3.302,-6.735,0.6224
194,1.01,-0.3352,-0.3541,5.844,1.946,-1.02,1.13,1.15,4.055,2.234,-1.174,-3.806,-15.48,2.952,4.244,3.838,1.936,-6.241,-3.927,-4.466,3.297,1.768,-2.64,11.65,0.5838,-0.888,-3.078,-1.94,-0.1731,-0.8543,3.61,-0.2053,-2.65,-1.701,-0.4887,0.4671,7.299,4.136,2.098,-2.602,1.276,5.05,5.07,1.581,-4.845,-1.825,0.6912,1.703,5.822,-2.526,-0.892,0.9131,1.86,1.08,-10.62,-3.03,-6.482,2.937
195,1.01,1.215,2.017,2.327,-2.778,-3.313,1.13,1.15,6.658,1.648,-2.298,-5.485,-16.57,2.256,6.086,5.804,-1.384,-8.806,-5.42,-1.321,-0.2677,-0.1537,-1.205,14.8,4.522,2.102,-4.617,-3.018,0.7076,-2.418,1.251,0.7169,0.0251,-1.318,-6.984,-1.411,6.217,3.515,2.343,-2.962,0.7581,5.05,5.07,4.301,-4.615,-8.411,-1.811,0.983,10.16,-3.28,-7.391,0.6266,3.546,4.616,-11.52,-4.753,-6.161,2.541
196,1.01,2.93,-3.221,2.614,-1.817,0.9927,1.13,1.15,1.658,0.6754,-1.836,-5.567,-17.06,0.3107,3.707,5.514,3.041,-7.429,-3.353,-4.141,-1.095,3.344,0.5733,14.75,1.643,-1.837,-2.505,-2.128,2.217,-2.786,0.2138,0.2988,-0.6192,0.309,-1.729,-1.58,5.643,4.21,1.84,-1.671,1.262,5.05,5.07,3.501,-6.434,-4.613,3.77,4.972,9.414,0.0638,-1.154,0.1475,0.4297,2.061,-10.18,-3.577,-4.974,2.066
197,1.01,0.6604,0.7382,2.338,0.463,-1.698,1.13,1.15,3.47,3.033,-4.339,-3.503,-16.25,2.621,3.537,5.542,-0.393,-7.468,-1.527,-3.363,4.031,1.728,-3.216,13.66,4.172,2.303,0.4828,-1.786,1.115,-2.229,-0.6111,-1.297,-0.8363,-1.13,-2.015,1.079,8.86,6.239,0.1397,-2.61,0.1051,5.05,5.07,3.274,-4.234,-3.687,0.2341,1.237,3.492,-4.277,-0.7302,0.6392,3.698,1.883,-13.63,-3.041,-5.433,3.604
198,1.01,3.195,0.8345,4.379,-0.3905,-3.325,1.13,1.15,4.138,0.7932,-3.057,-3.603,-14.73,1.933,7.531,5.75,1.36,-8.502,-3.755,-0.8126,-2.336,0.2161,0.0019,14.16,4.544,-0.4867,-4.143,-3.97,-0.7711,-3.547,-1.364,0.9323,0.236,-0.6535,-5.741,-2.578,7.333,7.556,2.276,-4.537,2.296,5.05,5.07,5.355,-2.379,-6.581,-1.548,6.962,11.95,-3.185,-3.623,2.38,4.598,3.546,-11.08,-2.581,-6.598,3.827
199,1.01,2.254,-2.784,4.254,-0.2868,1.769,1.13,1.15,3.135,0.7044,-0.5907,-4.677,-13.85,0.1418,4.698,3.678,1.862,-6.449,-5.049,-5.874,-1.374,1.327,1.488,14.86,1.243,-1.288,-3.256,-2.169,3.59,-2.47,-1.261,-0.8157,-0.912,1.206,-2.126,-0.7103,4.71,4.501,5.86,-1.727,2.521,5.05,5.07,3.003,-5.846,-5.557,1.441,4.564,8.192,-3.162,-0.345,-0.3488,2.419,0.9886,-9.386,-2.896,-7.012,1.86
200,1.01,1.598,-3.157,6.085,-0.5014,-0.6553,1.13,1.15,4.696,2.035,-4.194,-2.223,-14.68,4.88,4.43,4.535,0.4702,-6.919,-5.318,-3.6,0.171,-2.008,-4.258,13.34,3.247,2.116,0.0855,-3.475,0.8776,-2.071,3.967,1.809,-0.0512,-3.377,-0.8483,0.4656,8.471,3.541,0.7713,-2.765,0.9069,5.05,5.07,5.158,-0.8505,-3.171,-1.913,2.376,8.526,-1.726,-1.995,1.962,3.325,-0.1009,-11.19,-6.318,-5.083,4.402
201,1.01,2.267,4.308,3.399,-3.335,-1.058,1.13,1.15,2.777,0.772,-0.2351,-4.738,-17.65,0.5065,7.294,7.863,2.346,-8.894,-6.723,-1.372,-0.3522,0.2375,-0.7179,14.66,5.134,-0.6858,-1.332,-4.163,-0.6248,-5.121,-1.25,1.6,1.462,0.996,-3.851,-1.93,5.377,7.061,2.866,-4.914,-0.2956,5.05,5.07,2.557,-4.992,-7.077,-1.858,5.612,7.447,-6.479,-5.649,0.5841,2.12,4.497,-9.029,-5.659,-7.329,1.732
202,1.01,1.915,-2.409,1.455,-0.1401,1.54,1.13,1.15,2.734,0.2014,-1.524,-3.406,-15.68,1.889,4.854,4.664,1.627,-4.864,-5.178,-1.839,2.385,0.436,-1.296,13.6,2.103,0.9217,-3.709,-0.2886,2.299,-1.262,2.087,-1.966,-0.1701,0.1535,-1.592,-0.2648,3.261,4.867,2.699,-3.232,4.226,5.05,5.07,1.757,-4.818,-5.778,1.321,2.24,7.437,-1.062,-2.53,1.617,2.586,0.1957,-8.521,-4.77,-5.024,1.213
203,1.01,1.076,0.4718,6.787,2.075,-3.284,1.13,1.15,3.143,1.144,-6.375,-5.272,-15.02,3.947,6.749,4.881,-0.7675,-5.725,-4.639,-3.274,2.94,-1.884,-2.737,12.29,3.687,-0.6479,-4.705,-2.295,0.438,-2.91,0.7866,-1.931,-1.534,-0.6334,-1.569,0.7328,8.526,4.374,1.004,-2.838,0.7332,5.05,5.07,4.966,1.896,-7.263,-2.818,3.576,6.91,-2.656,-3.404,2.131,3.957,-0.3148,-11.86,-5.062,-4.011,4.357
204,1.01,3.014,-2.106,2.227,-2.08,-0.7097,1.13,1.15,3.967,0.5865,-2.402,-4.28,-16.15,3.036,5.628,7.565,0.7571,-8.887,-5.116,-3.507,1.023,-0.881,-0.6983,13.71,4.406,1.59,-2.821,-1.821,3.702,-3.741,-2.849,1.433,1.223,1.445,-4.017,-3.083,6.026,6.617,2.531,-4.685,-0.5571,5.05,5.07,3.0,-5.607,-4.962,0.297,6.623,8.875,-4.034,-2.174,-0.9861,3.998,4.309,-10.13,-4.939,-5.839,2.661
205,1.01,1.47,0.7758,4.723,0.7799,1.496,1.13,1.15,1.788,0.8976,-1.275,-3.728,-16.86,-0.3542,3.806,5.149,1.858,-3.713,-4.178,-1.744,3.349,0.5299,2.459,12.55,3.54,-1.031,-2.936,0.7951,-0.3124,-3.904,1.473,-0.8479,0.2885,2.67,-2.445,-1.377,6.012,5.108,1.752,-3.249,2.536,5.05,5.07,2.777,-1.003,-3.367,0.9444,2.484,4.493,-2.468,-2.869,2.637,2.956,-0.8513,-12.02,-5.076,-4.775,0.8846
206,1.01,1.001,0.6924,5.089,0.4882,-3.202,1.13,1.15,4.071,-0.4807,-2.523,-3.373,-15.49,1.894,5.942,6.334,-0.6168,-7.439,-3.49,-4.031,-0.3326,0.8949,-1.423,12.75,2.109,1.96,-3.49,-3.178,0.094,-3.101,2.433,-0.4405,-0.5111,-0.8967,-5.127,-0.8841,6.7,4.731,1.156,-3.902,1.852,5.05,5.07,3.496,-3.39,-4.936,0.2331,2.873,8.75,-4.698,-2.97,2.981,3.991,2.749,-11.98,-6.288,-8.77,3.195
207,1.01,2.93,-1.837,3.751,-3.791,-1.355,1.13,1.15,3.811,-0.62,-0.9295,-4.995,-15.81,3.29,5.64,5.802,2.974,-8.007,-6.76,-0.2611,2.153,0.2642,-1.292,14.81,2.041,-0.6634,-4.48,-3.374,0.5251,-3.973,-2.82,-0.3789,1.441,-0.2375,-2.27,-2.89,5.177,7.14,1.362,-3.931,2.956,5.05,5.07,3.835,-4.878,-7.604,-1.884,4.663,13.35,0.6666,-3.458,0.4552,2.993,1.609,-9.571,-4.827,-4.322,2.099
208,1.01,0.455,-5.082,1.712,0.1034,0.1256,1.13,1.15,-0.7677,0.0845,-2.683,-1.301,-14.22,1.157,4.982,4.328,-1.537,-6.272,-2.322,-3.406,-0.1509,0.4006,-2.112,10.98,0.5669,-0.8554,0.2772,-0.6903,1.793,-3.018,1.113,-1.83,-1.255,2.58,-1.642,0.042,4.849,5.835,1.399,-0.8557,2.216,5.05,5.07,3.416,-4.276,-5.724,0.3261,4.085,6.314,-2.73,-6.545,1.024,1.754,0.7325,-11.6,-3.138,-0.6717,2.331
209,1.01,-1.416,3.285,1.586,0.5928,-2.012,1.13,1.15,1.872,0.7866,-3.84,-4.492,-13.16,4.799,4.632,9.24,-0.1312,-9.431,-6.26,-1.749,0.0672,-1.038,-4.731,12.37,4.416,-0.1206,-2.202,-2.26,0.9107,-2.21,1.939,-0.7897,-1.647,-1.6,-2.9,-2.357,7.785,7.891,4.264,-1.752,0.9699,5.05,5.07,4.439,-5.383,-8.01,-0.112,3.083,13.04,-3.915,-3.3,1.689,3.555,2.9,-10.12,-6.093,-3.13,3.973
210,1.01,2.345,-0.5068,3.365,0.1097,-1.154,1.13,1.15,4.027,-1.032,-0.2156,-5.93,-17.7,2.175,5.331,6.883,3.142,-7.386,-5.266,-2.504,1.4,-0.141,-1.173,14.43,4.589,-0.6931,-3.383,-1.735,2.384,-3.459,0.0747,0.0961,0.5184,-2.001,-2.884,-2.739,4.729,5.967,3.191,-5.023,4.013,5.05,5.07,1.312,-3.595,-6.062,-2.517,3.748,7.527,-1.739,-0.5941,-0.7429,1.901,1.953,-10.03,-3.145,-8.435,2.096
211,1.01,0.1045,-4.83,6.063,1.297,3.102,1.13,1.15,1.585,1.483,-1.362,-1.287,-14.15,5.12,3.003,4.475,-0.1849,-6.683,-3.147,-3.12,1.261,2.407,-2.73,11.7,-0.7392,2.326,-3.876,0.5676,3.784,0.3498,-0.3057,-1.112,-2.312,1.937,-2.054,-0.1985,6.244,4.142,1.7,-2.802,3.305,5.05,5.07,2.343,1.297,-4.245,1.439,3.782,8.287,-3.849,-1.491,0.6297,2.532,1.762,-12.22,-4.296,-5.4,2.074
212,1.01,1.601,-2.492,5.268,0.5027,-2.911,1.13,1.15,4.633,-0.0782,-2.53,-3.913,-15.29,2.737,7.534,6.139,-1.069,-7.314,-4.26,-4.905,-0.7094,-0.8009,-2.822,14.64,3.694,-0.6017,-4.883,-4.678,-0.3032,-3.653,-0.5575,-0.5987,-0.8537,-0.4025,-4.574,-1.54,6.85,7.376,0.8361,-2.262,0.6034,5.05,5.07,5.79,-4.143,-6.497,-1.181,4.951,7.455,-3.862,-1.877,3.096,6.276,1.654,-10.62,-6.141,-6.226,4.681
213,1.01,2.577,-2.012,3.213,0.1093,-2.811,1.13,1.15,3.712,0.5621,-1.418,-2.885,-18.97,0.8601,5.105,7.354,1.218,-6.296,-5.824,-1.308,0.3092,0.3024,-0.0055,14.13,2.881,-3.498,-4.69,-0.5752,2.74,-2.925,-0.0511,0.6301,-0.6158,1.845,-0.8466,-2.387,3.384,4.803,3.851,-3.279,1.842,5.05,5.07,0.0503,-3.487,-3.06,0.5648,5.106,7.773,-1.14,-4.156,0.1048,1.76,2.276,-8.876,-2.694,-5.135,0.0413
214,1.01,2.564,0.7142,4.924,1.8,-0.3225,1.13,1.15,3.3,1.28,-3.436,-3.55,-13.54,3.112,4.057,4.4,1.261,-6.535,-3.242,-3.952,3.892,3.53,-1.852,11.05,1.293,0.0509,-2.02,0.4563,1.065,0.0941,0.6615,-1.711,-1.153,-0.9177,-1.759,-0.2333,5.719,3.967,-0.2948,-2.952,2.089,5.05,5.07,1.902,-0.1545,-4.74,-0.7425,2.672,7.656,-0.1757,-3.834,1.262,1.176,-1.243,-10.73,-3.287,-3.594,2.146
215,1.01,1.568,0.9579,5.04,0.5173,-3.535,1.13,1.15,3.165,2.936,-1.896,-5.645,-14.6,2.52,7.119,5.829,0.576,-8.484,-5.989,-3.711,0.8815,0.7483,-2.288,13.83,2.687,-0.1846,-3.379,-4.694,-0.7893,-3.249,-2.102,2.4,-0.8972,-1.467,-3.049,-3.251,6.29,4.79,2.037,-3.598,-0.0948,5.05,5.07,6.074,-0.3556,-7.195,-1.004,2.738,8.262,-3.63,-6.388,1.68,5.34,1.56,-9.794,-6.85,-5.738,3.166
216,1.01,4.138,2.45,0.0468,-1.203,-0.3907,1.13,1.15,0.84,-0.8077,-2.646,-2.844,-16.12,2.141,3.259,6.449,1.562,-6.098,-5.529,-1.847,0.09,0.6644,0.9557,13.16,3.754,-1.451,-1.419,-3.01,-1.021,-4.175,-3.494,-1.792,1.135,-1.513,-1.845,-1.135,5.945,2.381,3.919,-4.305,2.977,5.05,5.07,3.144,-1.153,-3.695,1.322,5.245,8.58,-1.068,0.0093,1.053,0.5062,3.151,-9.056,-3.465,-5.46,2.187
217,1.01,0.342,-1.697,5.051,1.802,-1.164,1.13,1.15,3.596,0.0085,-5.213,-2.699,-14.25,1.103,4.232,3.732,1.689,-4.171,-4.203,-2.994,2.703,-0.4969,-3.231,10.77,2.957,-0.1584,-1.57,-0.4931,1.327,-0.6031,-0.7545,0.1811,-0.191,0.9023,-3.046,1.034,6.216,3.645,-0.3313,-1.53,0.5154,5.05,5.07,3.084,-1.671,-1.786,-2.373,2.439,7.404,-1.16,-5.369,2.716,4.277,1.078,-10.99,-4.713,-3.77,4.079
218,1.01,3.184,-4.703,4.082,-1.324,-4.553,1.13,1.15,4.875,-0.094,-3.964,-2.887,-17.51,4.022,6.702,6.991,1.635,-10.3,-5.504,-3.908,0.7446,-1.689,1.689,15.6,2.958,0.8723,-3.458,-1.642,0.5776,-2.922,-0.3142,-1.186,-1.246,-2.331,-3.098,-1.006,8.364,6.353,1.564,-2.361,1.682,5.05,5.07,4.579,-0.5448,-7.676,-0.4884,4.633,9.686,-3.542,-1.42,1.651,5.302,4.014,-9.75,-5.775,-1.302,5.289
219,1.01,3.714,-4.602,3.372,0.2414,-0.0996,1.13,1.15,1.379,-1.423,-1.864,-5.132,-14.98,0.8477,5.204,6.321,2.297,-8.009,-5.286,-0.9156,3.226,0.5072,-1.192,11.87,1.457,-0.1855,-2.871,-2.801,2.336,-1.967,-2.77,-2.492,1.904,-0.0949,-3.502,-2.103,3.563,5.468,3.03,-6.202,4.194,5.05,5.07,3.352,-2.858,-3.605,0.0919,5.303,5.009,-0.834,-3.218,0.6028,1.681,2.008,-10.29,-1.951,-4.579,0.1184
220,1.01,0.3248,-1.891,2.664,2.333,1.093,1.13,1.15,1.884,2.036,-2.491,-2.119,-14.7,3.714,4.984,1.344,-0.6232,-4.275,-4.861,-4.364,2.477,1.064,-2.554,14.13,4.572,-0.1994,-2.012,-1.337,2.581,-1.658,-1.457,-0.8252,-1.09,0.3066,-2.335,0.4601,6.974,4.545,1.947,-2.346,1.37,5.05,5.07,2.315,0.4375,-5.681,-0.0177,2.229,8.942,-1.115,-4.601,2.956,3.428,0.5837,-12.47,-5.343,-4.612,3.178
221,1.01,2.843,0.3529,2.076,-2.625,-2.319,1.13,1.15,5.828,3.233,-3.57,-3.411,-15.3,0.6826,5.074,6.084,2.309,-6.749,-5.173,-0.1328,0.0117,0.1252,-0.5879,13.49,3.17,-0.9753,-4.109,-5.486,2.073,-3.491,1.47,4.166,0.3669,-0.2042,-3.211,-1.504,6.207,6.948,1.995,-5.592,0.1043,5.05,5.07,4.938,-2.53,-5.165,-0.5293,3.608,9.152,-4.58,-0.5193,0.6099,3.194,2.397,-9.637,-5.594,-7.168,2.661
222,1.01,3.92,-3.667,2.779,1.171,-0.6985,1.13,1.15,2.294,1.862,-0.0828,-3.332,-14.63,-0.7277,5.395,6.338,0.9817,-5.4,-5.236,-3.033,0.6225,2.03,0.2889,13.06,1.526,0.5016,-2.529,-0.8379,3.716,-4.217,0.182,-2.259,-1.539,2.186,-1.721,-1.727,4.521,2.993,1.25,-2.364,2.878,5.05,5.07,2.896,-2.871,-3.249,-1.013,5.991,4.391,1.322,0.9315,0.0524,1.06,1.116,-9.728,-3.434,-5.924,1.567
223,1.01,1.704,-0.2848,4.974,0.8404,-1.304,1.13,1.15,4.996,2.71,-2.857,-1.892,-15.17,0.5086,3.451,3.855,-0.6183,-7.335,-2.914,-5.116,0.3486,-0.3698,-4.028,11.37,3.851,1.859,0.3772,-1.094,0.2883,-0.1194,1.112,-1.508,-1.14,-1.401,-3.889,-0.2716,6.205,5.343,0.8802,-3.245,1.214,5.05,5.07,1.862,-2.584,-7.835,-1.898,4.49,8.785,-4.183,-1.485,0.5061,3.673,1.408,-11.37,-5.632,-3.76,4.079
224,1.01,2.052,-0.9429,3.616,-3.64,-1.665,1.13,1.15,4.688,-0.9958,-1.164,-4.276,-16.86,2.034,6.188,7.61,-0.203,-9.246,-4.926,-1.618,-1.575,-0.4276,-1.556,14.08,2.014,-2.296,-4.477,-2.474,1.951,-3.588,-1.777,0.6858,1.585,-2.088,-3.659,-2.162,6.471,7.447,3.758,-3.989,2.143,5.05,5.07,4.982,-2.837,-7.64,0.2296,5.329,8.009,-5.193,-1.454,0.5785,3.827,4.019,-8.011,-5.177,-5.851,2.247
225,1.01,1.281,0.1151,1.879,-0.8303,0.2105,1.13,1.15,3.596,0.2448,-0.1469,-2.358,-16.07,2.374,6.182,6.067,2.933,-3.404,-4.422,-2.176,-0.7279,3.797,1.201,11.7,2.731,0.392,-2.394,-1.937,1.518,-0.3283,-3.371,0.1563,0.0458,1.004,-2.852,-1.553,4.641,2.64,3.722,0.1181,3.811,5.05,5.07,2.914,-2.089,-2.982,3.122,7.031,6.789,-1.909,-1.17,0.4514,2.795,1.993,-9.731,-3.637,-2.689,1.424
226,1.01,1.392,-1.197,3.303,1.738,-2.298,1.13,1.15,4.25,3.229,-5.363,-2.423,-16.24,3.971,5.738,2.607,-1.065,-5.428,-4.721,-4.463,0.4011,-1.935,-0.716,12.24,1.923,2.13,-4.032,-2.557,-0.3362,-1.66,-1.109,-1.05,-0.7549,-0.0809,-3.719,0.3236,8.313,5.808,0.6207,-1.23,2.471,5.05,5.07,3.772,-2.382,-2.033,0.4325,2.448,6.332,-4.476,-3.749,2.36,2.593,-0.0385,-10.87,-7.016,-6.42,3.148
227,1.01,3.531,1.3,3.138,-2.086,1.529,1.13,1.15,3.853,0.427,-0.5494,-5.266,-14.91,0.6812,6.241,5.245,0.7937,-8.135,-5.094,-1.248,0.7379,2.544,0.0793,13.93,4.057,-0.0556,-3.37,-3.771,0.4526,-2.526,-0.2159,2.293,0.7188,-0.4439,-1.411,-0.8965,6.619,5.92,5.1,-5.454,0.7985,5.05,5.07,2.337,-3.031,-7.368,0.0568,4.608,12.42,-2.658,-0.6482,1.362,2.874,3.216,-10.1,-4.323,-4.906,1.954
228,1.01,2.754,-1.828,3.241,2.239,2.966,1.13,1.15,1.863,-0.3647,-3.222,-1.72,-14.86,0.163,3.333,6.352,3.012,-4.283,-1.827,-2.606,3.188,0.9273,-1.718,13.27,1.751,-1.546,-2.209,0.6121,2.64,-1.479,-1.571,-1.632,0.2689,1.387,-2.396,-1.009,4.776,2.335,5.021,-1.038,0.6698,5.05,5.07,-0.2349,-1.417,-4.626,0.071,4.081,6.231,-1.107,-2.32,1.104,2.232,0.6636,-9.516,-3.141,-4.031,-0.0134
229,1.01,0.5798,0.4487,5.542,1.216,-1.8,1.13,1.15,3.385,3.412,-4.283,-2.358,-13.63,3.669,5.061,3.659,-0.7622,-4.908,-3.243,-4.527,0.2472,1.047,-3.054,11.58,3.759,1.807,-3.115,-2.909,0.4773,-0.5321,3.281,0.0431,-1.144,0.4605,-2.624,0.8115,6.84,3.744,2.235,-1.636,-1.457,5.05,5.07,3.556,-0.4451,-3.939,0.4402,2.486,13.11,-5.431,-4.255,4.186,3.029,3.095,-11.6,-5.754,-4.143,4.383
230,1.01,2.844,4.022,2.507,-2.834,-3.344,1.13,1.15,2.916,-2.186,-2.521,-5.263,-18.3,2.201,5.923,6.655,3.909,-8.667,-4.845,-3.603,0.9117,-1.838,1.324,16.6,4.154,-3.049,-4.93,-3.868,1.933,-2.622,-2.186,-0.0326,-1.405,1.189,-3.802,-3.515,6.104,4.8,3.423,-3.899,3.342,5.05,5.07,3.336,-4.852,-4.627,-0.5763,5.345,5.607,-3.158,-4.48,-0.667,3.553,2.884,-9.355,-4.038,-5.882,2.723
231,1.01,0.5496,-3.221,2.264,1.973,-0.0294,1.13,1.15,0.5401,0.6761,-1.521,-2.608,-16.6,1.646,4.108,4.331,1.326,-5.661,-6.226,-4.888,1.442,3.315,-0.21,13.07,1.209,-0.2512,-2.751,-2.17,1.102,0.7722,-0.5679,-1.807,-2.396,1.821,-2.774,-1.438,5.509,4.06,0.3045,-2.334,2.143,5.05,5.07,2.312,-1.535,-3.678,0.9883,4.144,7.107,-0.7874,-2.732,-0.7019,2.986,0.1725,-10.92,-2.235,-5.014,2.611
232,1.01,2.329,-0.597,6.904,2.704,-2.816,1.13,1.15,4.909,1.286,-4.077,-4.083,-13.55,3.095,7.642,3.65,0.7182,-6.923,-5.693,-2.675,1.671,1.71,-1.699,13.98,3.263,1.455,-0.7684,-3.81,0.0059,-2.636,1.75,0.778,-1.938,-3.503,-3.291,-0.7037,8.272,4.393,1.244,-3.197,1.955,5.05,5.07,6.788,-4.821,-5.496,-1.77,3.834,7.441,-4.792,-3.452,4.186,4.581,0.8569,-11.4,-6.7,-5.205,3.233
233,1.01,2.602,-1.488,0.2826,1.777,-1.036,1.13,1.15,2.465,0.5435,-1.478,-4.198,-16.35,0.5502,4.255,6.542,0.6791,-7.264,-5.26,-1.035,2.291,0.3796,-0.0449,13.72,2.657,0.0373,-4.172,-3.467,1.466,-3.293,1.059,3.211,0.5315,0.2182,-3.059,-1.366,5.293,8.007,4.126,-5.681,1.364,5.05,5.07,3.111,-6.322,-6.082,0.0908,5.446,10.82,-3.057,-3.415,1.282,2.875,3.446,-9.189,-5.506,-6.061,2.103
234,1.01,0.8618,-2.436,3.431,0.0039,4.293,1.13,1.15,1.366,-0.11,-2.72,-3.61,-14.05,0.9427,3.789,2.78,1.277,-6.002,-2.924,-3.569,2.665,1.221,-0.6653,12.29,3.601,-1.705,-2.817,0.188,2.255,-1.483,-2.369,-0.4861,-1.31,2.213,-2.589,-2.188,6.254,4.667,2.406,-2.02,1.89,5.05,5.07,0.9742,-1.918,-3.63,1.719,3.487,9.25,-1.416,-4.771,0.6338,1.061,-0.3765,-12.0,-4.894,-3.567,3.001
235,1.01,-0.9111,4.14,3.409,1.006,-2.393,1.13,1.15,5.405,3.29,-4.199,-5.62,-15.75,2.995,7.832,5.227,-1.431,-6.535,-4.375,-3.607,1.178,-1.787,-1.622,13.12,4.979,1.002,-1.384,-2.52,3.164,-3.321,-0.7417,-0.2206,1.351,-0.8955,-3.604,0.5367,6.627,5.728,1.96,-2.669,0.0886,5.05,5.07,4.661,0.1108,-7.795,0.1361,3.788,9.07,-4.449,-7.337,0.6959,4.415,1.44,-10.48,-7.089,-4.965,3.171
236,1.01,3.895,-2.434,1.975,-1.599,-1.175,1.13,1.15,0.9382,-0.3917,-2.665,-5.312,-16.77,1.334,3.861,6.762,2.823,-6.252,-3.821,-2.924,-0.5472,3.671,-0.5749,15.85,3.692,1.017,-3.761,-3.964,0.739,-2.879,-0.4469,-0.2346,2.619,1.089,-2.036,-3.096,6.666,6.257,2.511,-2.85,-0.2641,5.05,5.07,2.627,-4.238,-7.631,-0.5466,3.578,10.49,-2.603,-3.207,-1.246,0.8944,2.082,-9.725,-4.951,-6.423,3.966
237,1.01,1.64,-1.465,0.9308,3.824,-2.87,1.13,1.15,2.197,-2.102,-3.411,-1.66,-13.73,3.754,5.193,2.89,1.233,-6.425,-4.973,-4.123,1.384,0.5815,-1.444,13.37,4.545,0.2934,-1.762,-0.7409,0.0958,-2.106,-0.3045,-1.366,-1.456,-0.2068,-1.663,-0.2143,6.244,3.582,1.456,-2.247,4.185,5.05,5.07,3.828,-3.682,-3.76,-1.255,0.812,9.106,-3.417,-4.125,-0.1417,1.344,0.2516,-11.29,-5.031,-7.219,2.227
238,1.01,2.028,1.818,3.027,-1.271,-0.4968,1.13,1.15,4.461,1.25,-3.127,-4.247,-15.8,2.811,7.227,5.711,1.903,-7.386,-1.834,-1.918,0.3026,-0.2322,-2.989,14.43,3.033,0.384,-2.456,-2.959,1.877,-4.06,-0.6125,0.1598,-0.6439,0.8,-2.375,0.3002,6.769,3.984,1.405,-2.212,0.7684,5.05,5.07,4.396,2.215,-4.822,-0.8452,3.455,9.745,-5.986,-5.081,1.479,3.664,2.239,-11.81,-6.376,-5.828,3.412
239,1.01,4.172,-0.9234,1.373,0.5892,0.1106,1.13,1.15,0.8839,-1.106,-0.6387,-4.31,-17.92,0.7283,5.086,9.055,2.816,-5.468,-4.439,-2.025,-0.4852,0.9436,-0.54,11.1,2.785,0.311,-2.664,-4.214,3.305,-1.04,-2.658,-1.235,1.263,1.191,-2.937,-2.603,4.174,4.017,3.747,-4.008,2.837,5.05,5.07,4.588,-4.005,-6.789,1.168,5.998,9.481,-0.5814,-2.892,-1.581,1.817,3.468,-9.54,-5.156,-9.068,0.3787
240,1.01,3.398,-2.253,3.715,2.485,-1.414,1.13,1.15,0.4546,1.422,-1.947,-4.637,-13.0,2.614,5.059,4.979,-0.4057,-3.971,-0.2137,-2.273,0.934,1.772,-1.676,11.36,0.0224,1.039,-2.367,-1.215,-0.6395,0.0261,0.8368,-0.5108,-1.75,-0.5514,-2.577,-1.016,7.371,3.937,2.343,-1.49,0.3784,5.05,5.07,3.645,-0.9879,-4.538,1.146,0.9921,8.597,-3.732,-2.536,2.12,2.661,0.7244,-11.28,-3.433,-3.998,2.554
241,1.01,0.9718,1.596,2.689,0.4383,-3.21,1.13,1.15,5.584,1.265,-1.607,-6.529,-17.23,4.285,4.722,6.576,-0.6114,-9.879,-4.777,-0.7483,0.715,1.17,-2.998,11.63,3.436,0.0378,-2.97,-3.86,0.1969,-4.152,-1.487,0.9711,-3.043,-2.843,-4.471,-3.199,6.374,6.574,1.613,-4.093,1.647,5.05,5.07,3.404,0.1535,-6.775,-3.095,3.532,7.867,-2.698,-5.222,2.064,4.192,1.314,-10.48,-5.054,-4.716,0.7106
242,1.01,1.818,-2.348,3.333,1.529,-0.7707,1.13,1.15,-0.2777,0.2645,-2.29,-3.589,-16.6,4.001,3.87,6.271,4.211,-7.616,-5.72,-1.046,0.8786,-0.1001,0.2735,13.94,2.57,-0.2581,-4.127,-1.92,0.8732,-0.8598,0.4423,-1.278,-0.4066,-0.5921,-0.5637,-2.869,5.016,4.939,0.6365,-2.631,1.15,5.05,5.07,1.361,-0.5323,-5.639,0.7599,5.213,9.393,-2.125,-4.717,0.4282,1.169,1.24,-7.62,-4.248,-5.311,1.716
243,1.01,-1.197,-5.665,4.133,2.519,-0.4783,1.13,1.15,4.289,2.438,-3.616,-2.543,-14.35,4.469,4.03,2.791,1.041,-5.746,-4.889,-3.281,2.601,1.464,-1.897,9.448,0.7733,-1.285,-0.9462,-2.067,-0.9233,0.9238,0.017,-0.4844,-0.487,-1.349,-2.23,-0.4514,6.039,3.135,-1.195,-2.967,2.433,5.05,5.07,4.455,1.037,-4.862,0.6873,0.5827,7.091,-4.519,-0.4341,2.464,3.424,-0.1283,-10.89,-4.101,-3.38,2.464
244,1.01,0.8683,1.53,0.9389,2.473,-2.399,1.13,1.15,4.401,1.745,-2.74,-3.95,-15.11,2.657,7.186,7.018,0.725,-7.365,-5.549,-2.014,0.9469,-1.399,-2.866,13.17,3.686,0.3764,-3.9,-4.715,0.2878,-2.042,-2.452,-0.3255,-1.049,-0.544,-3.038,-2.718,7.564,6.556,2.194,-4.166,1.086,5.05,5.07,4.25,-2.143,-6.144,-0.6601,4.034,7.731,-0.2321,-0.4368,1.505,3.62,4.243,-9.795,-3.1,-6.464,3.632
245,1.01,3.539,-0.3114,0.9985,-1.78,-0.6747,1.13,1.15,1.337,-1.411,-2.821,-3.314,-14.27,-0.6689,3.615,6.117,0.0243,-4.461,-4.765,-3.775,1.581,1.548,0.403,13.99,4.114,-0.514,-3.288,-1.449,0.3748,-2.364,0.376,-1.594,-1.645,1.809,-0.7478,-1.199,5.01,4.894,0.1158,-2.757,1.916,5.05,5.07,1.421,-3.28,-4.028,1.509,4.13,6.031,-3.449,-2.91,-1.105,-1.577,1.353,-10.24,-4.466,-3.562,1.815
246,1.01,0.9114,-0.4811,4.35,2.52,-0.1394,1.13,1.15,4.023,2.972,-3.015,-3.91,-12.59,2.595,5.164,4.701,-0.8016,-4.807,-3.411,-3.71,1.998,-0.5353,-3.15,11.25,3.454,0.3778,-0.8724,-1.759,0.2952,-0.5809,1.491,-0.7428,-3.088,-0.8811,-2.372,0.9544,6.203,4.002,0.7278,-1.742,2.286,5.05,5.07,4.109,-1.534,-4.734,-2.184,3.096,9.829,-5.389,-3.127,3.096,4.626,1.292,-11.18,-4.222,-3.265,2.619
247,1.01,3.528,0.4507,2.169,-0.0631,-1.686,1.13,1.15,4.809,1.387,-1.905,-3.092,-18.25,2.558,7.35,6.998,3.115,-8.281,-4.364,-1.091,1.996,1.862,-2.443,13.49,2.425,2.985,-1.945,-3.566,0.5011,-2.982,-3.335,3.569,0.4815,0.9539,-3.107,-0.2643,6.637,9.54,2.056,-3.552,0.8812,5.05,5.07,3.392,-4.118,-7.39,-1.205,5.25,9.377,-3.154,-2.294,1.272,3.389,2.835,-9.596,-6.245,-4.079,2.598
248,1.01,0.6324,-3.288,2.348,2.853,1.596,1.13,1.15,0.0384,-0.7477,-1.077,-3.083,-14.79,0.1926,4.998,6.32,1.426,-4.397,-2.236,-3.023,0.3177,2.081,1.704,11.96,1.814,-1.322,-1.469,-1.093,0.4597,-2.374,0.5807,-1.637,-0.255,-0.1136,-1.646,-0.6151,4.446,3.913,3.006,-2.371,0.9255,5.05,5.07,1.97,-2.895,-3.002,0.1856,3.088,7.179,-0.8486,-6.184,0.9455,4.717,1.852,-9.373,-3.03,-3.301,1.635
249,1.01,1.638,-3.099,3.761,0.8254,-0.9579,1.13,1.15,3.909,1.286,-5.371,-4.47,-13.19,3.523,5.885,3.769,-0.8823,-6.377,-1.222,-4.097,1.979,0.8174,-2.008,11.04,5.266,1.412,-0.3084,-3.102,-1.318,-0.8006,2.312,-0.6754,-2.484,1.248,-2.117,0.6014,4.153,4.436,2.366,-2.637,1.854,5.05,5.07,5.598,0.9137,-4.706,-0.9708,2.612,6.543,-3.502,-4.449,2.634,3.16,0.4547,-11.13,-6.123,-4.116,3.186
250,1.01,1.057,-0.4905,3.644,-0.5971,0.4334,1.13,1.15,6.368,-0.7417,-4.895,-5.366,-15.7,2.732,7.419,7.693,2.34,-5.707,-5.85,-2.84,0.6108,2.616,-0.2088,13.7,3.339,1.97,-3.024,-2.638,1.726,-3.27,-0.1471,2.345,1.234,0.3201,-2.401,-2.374,3.911,6.759,3.131,-4.787,-0.5097,5.05,5.07,3.625,-4.293,-5.486,0.3077,5.362,12.97,-3.801,-9.173,1.364,4.48,2.418,-9.247,-6.057,-5.204,3.244
251,1.01,2.684,3.512,5.071,-1.365,-0.1253,1.13,1.15,1.813,-0.2957,-2.3,-3.977,-15.8,-0.2671,4.659,4.063,2.185,-4.291,-3.89,-4.443,3.053,4.291,0.2579,12.57,1.649,-2.294,-3.151,-1.862,5.387,-0.0171,-0.5153,-1.177,2.015,2.359,-1.095,-1.49,3.991,2.92,1.712,-2.476,0.6989,5.05,5.07,-0.3552,-3.972,-4.568,0.5434,2.356,11.76,-2.153,-1.358,1.684,2.198,0.0923,-8.535,-2.813,-9.273,2.036
252,1.01,-0.5508,-1.262,5.758,1.49,1.454,1.13,1.15,4.048,1.977,-3.034,-3.57,-14.24,3.718,5.72,2.923,1.27,-6.562,-3.636,-5.777,2.03,2.195,-1.294,12.46,1.094,0.8162,-1.814,-1.881,-0.3012,-0.8144,0.7574,-1.126,-0.4144,-0.1106,-2.484,-0.2209,7.218,5.768,1.71,-3.468,3.372,5.05,5.07,5.467,1.559,-3.494,-2.049,2.111,8.96,-4.296,-2.817,1.687,5.269,0.6761,-10.31,-6.242,-6.115,3.398
253,1.01,4.432,-1.869,2.952,0.3756,-3.24,1.13,1.15,3.928,-1.142,-1.432,-3.444,-15.72,0.7952,6.613,6.81,-0.5447,-6.018,-4.585,-1.23,-1.996,-0.9318,-1.516,14.87,1.775,0.5557,-3.349,-1.229,2.027,-3.526,-1.52,1.929,2.32,1.606,-3.488,-2.154,5.434,6.087,5.688,-5.025,1.693,5.05,5.07,3.505,-6.082,-4.434,-1.896,5.58,10.07,-5.142,-1.886,2.098,4.07,3.857,-9.5,-2.94,-5.303,3.388
254,1.01,1.272,-1.175,3.279,2.039,2.365,1.13,1.15,2.176,-0.3794,-2.66,-3.062,-13.04,1.42,5.736,5.24,0.9068,-6.157,-4.616,-2.74,-0.1034,2.526,-1.064,12.1,2.069,-1.444,-3.659,0.1212,2.197,-2.224,-2.471,-2.104,-1.254,1.172,-0.0868,-0.9037,5.759,3.105,0.4586,-2.169,3.694,5.05,5.07,3.893,-4.624,-5.831,-1.725,4.869,7.494,-3.312,-2.486,-0.0466,1.077,0.1293,-9.247,-3.978,-4.553,2.576
255,1.01,1.377,-1.329,3.535,0.0907,-2.541,1.13,1.15,3.861,1.392,-3.899,-2.602,-12.7,4.133,8.193,4.407,0.0408,-7.904,-2.371,-1.154,-0.4674,3.34,-0.7126,13.28,2.429,1.781,-1.849,-1.274,0.5522,-0.3929,3.836,-0.2556,-1.452,2.125,-3.753,0.7631,8.133,4.593,-1.01,-4.719,-0.0725,5.05,5.07,3.771,-0.0187,-5.734,-0.3519,4.73,6.45,-4.859,-0.1938,0.9803,3.401,2.673,-12.81,-7.262,-5.525,6.4
256,1.01,1.912,-0.6489,3.986,1.301,-0.6815,1.13,1.15,3.831,2.082,-3.806,-3.69,-16.12,0.6638,3.427,6.971,2.274,-6.306,-2.861,-3.187,1.641,-0.8967,-1.75,14.23,5.014,-0.2722,-6.447,-3.733,2.503,-4.329,0.8654,-0.0322,0.6771,1.537,-2.049,-2.387,5.569,5.641,5.164,-3.078,2.606,5.05,5.07,0.0931,-5.537,-6.805,0.162,5.492,12.84,-1.742,-4.598,-0.8036,0.8511,3.288,-8.214,-4.967,-7.13,0.7323
257,1.01,-0.3752,-2.219,4.856,0.238,3.254,1.13,1.15,1.007,0.342,-1.719,-3.653,-15.59,0.7941,4.854,7.02,3.431,-3.404,-5.063,-3.612,2.154,3.686,-0.8704,14.11,2.058,-2.469,-2.846,-1.115,1.674,-1.511,-0.7447,0.3243,-2.168,2.155,1.027,-0.8614,6.062,5.35,1.377,-0.4976,2.772,5.05,5.07,2.245,-0.5711,-5.026,-1.66,4.833,8.104,-2.295,-2.37,0.4499,1.173,0.1918,-10.93,-4.612,-5.95,1.417
258,1.01,1.865,-2.735,5.906,1.195,-0.0654,1.13,1.15,2.543,2.098,-5.782,-3.697,-14.69,3.073,7.094,5.631,-0.7481,-6.894,-2.372,-2.868,1.921,1.55,-1.854,12.3,3.38,2.295,-2.883,-3.337,-2.224,-1.93,1.124,1.124,-1.298,-1.589,-2.751,-0.882,6.457,4.773,2.303,-3.111,0.5386,5.05,5.07,4.473,0.3551,-5.332,-5.182,3.944,9.051,-3.146,-2.986,1.552,1.997,1.88,-9.722,-4.42,-4.482,2.909
259,1.01,4.334,-3.508,3.288,1.002,-1.301,1.13,1.15,5.443,-0.4059,-2.854,-4.064,-17.33,0.6518,5.498,8.16,-0.2678,-8.205,-4.544,-1.844,0.0435,-0.7077,-0.4408,13.98,0.6124,-1.289,-3.865,-1.692,1.39,-1.523,-0.2707,-0.8032,-0.1315,0.4653,-0.6316,-3.466,6.286,5.491,4.487,-2.522,3.602,5.05,5.07,1.524,-4.164,-6.311,1.174,5.687,7.797,-3.519,-4.539,-0.2907,2.029,3.006,-8.378,-3.902,-2.807,1.458
260,1.01,0.6998,-3.645,2.555,-0.8052,0.6155,1.13,1.15,4.668,0.9756,-1.543,-5.168,-13.38,2.594,5.345,5.683,1.458,-4.798,-3.433,-4.64,3.469,1.453,-1.243,11.67,0.1887,-0.81,-2.1,0.1711,1.49,-0.405,4.625,-4.485,-0.5889,0.9351,-0.4497,-0.7689,5.607,1.729,1.882,-2.702,2.582,5.05,5.07,1.992,1.892,-4.151,3.734,4.014,8.714,-3.336,0.435,0.9125,4.349,1.159,-11.59,-1.838,-5.44,2.899
261,1.01,2.515,-2.242,4.943,1.304,-4.004,1.13,1.15,6.031,2.173,-5.672,-5.23,-15.19,4.775,8.614,5.74,-2.099,-5.976,-3.079,-3.769,0.1742,-1.089,-1.082,13.37,6.564,3.221,-1.325,-3.31,0.7645,-1.065,4.151,-0.449,-1.436,0.8121,-1.789,-1.401,6.422,6.348,-0.0838,-3.342,-0.5565,5.05,5.07,2.377,-2.208,-6.91,-1.97,4.719,9.912,-2.567,-0.8095,1.06,4.499,0.8031,-11.01,-5.59,-3.133,4.222
262,1.01,3.999,-0.4213,2.622,-0.4486,1.176,1.13,1.15,4.806,-0.381,-2.019,-4.661,-16.34,1.366,7.101,5.715,-0.4583,-6.969,-4.285,-1.453,-2.045,1.514,0.4481,15.69,4.389,-1.41,-3.784,-1.333,1.654,-4.424,1.342,-1.238,0.6136,0.9577,-1.156,-1.558,5.672,4.691,5.112,-5.707,-1.417,5.05,5.07,2.87,-3.773,-5.185,0.0625,6.657,6.647,-0.6622,-2.335,1.657,1.262,1.433,-9.683,-2.964,-5.455,1.401
263,1.01,1.791,-1.225,4.071,2.088,-2.473,1.13,1.15,1.96,-1.194,-1.371,-5.749,-14.17,1.387,5.585,4.572,2.729,-5.411,-1.433,-3.038,2.83,2.773,-0.6361,11.51,2.504,-1.399,-2.289,-3.828,1.47,1.036,-2.876,0.2387,0.2306,0.0496,-2.914,-1.86,5.282,3.53,0.3543,-2.2,0.4006,5.05,5.07,1.058,-5.121,-4.403,-1.43,3.643,5.603,-0.8157,-4.155,1.766,2.004,2.181,-10.11,-3.705,-3.193,2.568
264,1.01,1.242,0.0571,2.581,2.026,-2.521,1.13,1.15,3.53,0.9392,-4.724,-2.989,-15.55,3.043,6.482,5.341,-0.9472,-7.696,-5.344,-1.816,2.207,-1.217,-2.812,15.38,6.063,1.558,-2.621,-3.96,1.345,-3.037,1.703,-0.3538,-0.3825,-0.5935,-1.499,-2.109,7.404,5.254,1.017,-4.927,2.23,5.05,5.07,2.799,-4.272,-6.797,-1.556,4.444,10.39,-5.819,-3.713,1.446,4.485,4.302,-8.746,-5.654,-1.87,5.416
265,1.01,1.847,0.6172,-0.0307,1.253,2.556,1.13,1.15,2.658,0.5023,-1.952,-2.906,-18.68,0.1375,5.091,8.277,0.145,-4.73,-3.828,-3.044,1.183,1.871,1.757,14.85,4.739,0.4248,-4.196,-3.268,3.023,-4.006,-2.504,1.058,0.1834,-0.5949,-4.586,-2.104,4.879,4.834,2.992,-4.7,2.976,5.05,5.07,0.4998,-7.949,-6.766,0.83,7.18,10.11,-2.933,-5.397,0.2261,1.058,2.334,-7.493,-5.483,-5.274,2.649
266,1.01,2.513,-3.155,4.085,4.158,0.1993,1.13,1.15,0.9637,1.53,-1.862,-3.026,-11.72,3.535,4.072,5.786,1.005,-7.421,-3.92,-3.72,2.372,0.3518,-3.184,10.92,1.994,0.2802,0.1524,-2.603,0.992,-1.442,2.815,-0.6736,-1.653,0.4283,-4.553,-1.078,6.528,5.334,0.1766,-2.297,1.706,5.05,5.07,4.345,-1.08,-4.648,0.0865,1.722,5.436,-2.263,-2.746,0.9861,1.215,0.6228,-10.95,-2.648,-1.306,0.1009
267,1.01,4.215,2.235,3.09,-0.6392,-2.575,1.13,1.15,5.315,1.164,-4.177,-3.63,-16.68,3.163,7.717,4.92,2.445,-5.829,-4.701,-1.477,1.492,-1.172,-1.293,14.74,2.868,3.454,-3.603,-1.772,0.8818,-2.367,-0.2012,0.6366,-0.6523,-0.1796,-2.656,-0.5266,8.676,5.526,0.9562,-4.458,-0.118,5.05,5.07,5.47,-1.622,-4.37,-2.78,4.285,11.25,-1.444,-0.5286,-0.2307,4.161,2.253,-10.05,-5.864,-6.609,4.183
268,1.01,3.574,-3.615,1.115,-1.121,1.146,1.13,1.15,4.882,-0.7311,-1.434,-3.771,-15.88,0.0735,5.971,8.415,0.131,-5.049,-3.339,-3.618,1.891,3.895,-0.4168,13.6,0.5274,-1.156,-5.464,-2.859,1.214,-1.684,-0.0338,0.634,2.381,-0.2186,-0.4316,-0.9796,4.607,3.512,3.472,-4.446,0.6365,5.05,5.07,4.062,-2.286,-3.834,1.934,4.493,7.088,-0.1352,-3.065,1.529,3.298,3.249,-8.289,-0.749,-3.527,2.818
269,1.01,0.9461,-2.173,3.617,2.158,-2.192,1.13,1.15,2.033,0.6527,-4.3,-4.101,-14.84,2.214,4.783,4.582,-0.1013,-5.364,-3.186,-6.019,3.395,2.632,-1.602,11.7,2.158,1.202,-0.5203,-0.9867,2.087,-0.7634,0.807,0.0866,-1.885,-0.2807,-2.811,0.3365,5.595,3.707,0.5609,-0.8321,0.0584,5.05,5.07,4.171,-1.603,-4.09,2.166,4.596,7.776,-4.52,-7.237,1.882,2.78,1.781,-10.15,-4.383,-5.203,1.246
270,1.01,3.383,-1.124,3.231,-1.282,-3.077,1.13,1.15,3.168,1.659,-6.458,-2.146,-16.22,2.544,5.362,5.643,1.989,-9.278,-6.019,-2.538,-1.38,-0.9749,-1.539,14.03,4.854,1.442,-6.314,-3.927,1.68,-2.691,-1.105,0.3273,-1.968,-1.233,-3.811,-0.3786,7.206,7.125,2.638,-4.097,-1.703,5.05,5.07,5.299,-3.021,-7.031,-0.1234,3.543,8.648,-4.684,-2.767,1.508,2.846,3.565,-11.05,-5.956,-9.085,2.961
271,1.01,4.96,-1.179,2.184,0.4309,0.5306,1.13,1.15,2.25,-0.8195,-1.819,-3.109,-16.13,1.932,3.299,3.722,3.24,-3.824,-5.276,-1.821,-0.0071,0.8242,-0.1125,13.2,1.99,-1.092,-2.081,-2.168,3.214,-3.769,-2.536,-1.71,0.5996,1.125,-1.668,-1.843,4.643,3.523,2.999,-2.783,0.1413,5.05,5.07,2.187,-7.493,-1.759,1.738,6.289,8.759,-0.2888,-3.53,-0.6147,2.329,1.859,-7.746,-6.02,-4.41,2.518
272,1.01,0.0209,-1.119,5.987,0.9027,-1.671,1.13,1.15,4.081,1.506,-2.223,-2.837,-13.77,2.362,4.727,4.327,-0.0603,-4.928,-1.227,-4.72,1.12,-1.36,-0.8941,13.19,2.255,1.138,-0.6996,-1.447,-0.9105,-1.835,-0.6596,-0.7996,-0.5841,2.199,-2.242,-1.015,6.817,4.565,0.5781,-4.415,2.793,5.05,5.07,3.797,-1.383,-3.143,-1.307,2.368,6.497,-3.611,0.0339,2.292,3.3,0.3067,-10.97,-2.79,-4.35,3.341
273,1.01,3.865,-1.371,2.89,-1.591,-2.292,1.13,1.15,3.681,-0.6865,-2.932,-3.957,-18.8,1.041,7.542,5.344,2.041,-8.653,-3.134,-3.469,0.5248,-0.4996,-1.724,13.41,4.41,3.153,-3.732,-2.948,-0.5103,-5.608,3.652,2.397,-1.582,-0.3445,-3.735,-0.2121,7.988,4.314,0.5793,-4.918,3.151,5.05,5.07,2.697,-4.011,-3.307,-2.479,4.294,4.829,-1.74,-4.528,-0.2406,1.916,4.601,-10.04,-3.838,-4.58,2.434
274,1.01,2.808,-2.7,0.7036,-1.7,-0.67,1.13,1.15,4.304,-1.79,-1.187,-2.187,-16.17,0.0251,3.905,3.477,1.767,-5.499,-4.936,-3.422,0.4332,1.776,2.959,11.39,1.082,-2.283,-4.54,-3.445,1.419,-3.472,-1.886,-1.94,0.3337,-0.8163,-0.7743,-1.702,4.981,3.515,2.369,-4.389,3.359,5.05,5.07,1.642,-3.648,-4.414,-0.258,4.73,7.839,-1.936,-6.067,-0.1707,3.795,0.5192,-8.448,-1.56,-6.542,1.378
275,1.01,-1.337,-5.197,4.26,0.9793,-0.7919,1.13,1.15,2.511,1.552,-2.631,-2.016,-14.44,2.401,6.016,5.366,-1.102,-5.895,-1.739,-4.653,2.806,0.9106,-0.9615,10.66,2.06,1.143,-2.934,-1.562,-0.9342,-0.08,2.766,-0.3229,-0.0888,-1.297,-4.755,-1.439,9.255,3.07,0.9374,-0.1541,-0.5271,5.05,5.07,4.388,-2.746,-4.429,-2.594,2.787,8.745,-5.546,-0.6094,2.223,5.187,0.4746,-10.42,-4.522,-5.037,3.754
276,1.01,1.727,0.5161,3.989,-0.2543,-1.634,1.13,1.15,5.825,0.0754,-1.317,-4.64,-16.22,2.058,7.581,6.38,0.1964,-7.429,-5.212,-3.816,1.401,-0.3256,1.828,11.69,2.018,1.011,-3.243,-4.511,2.652,-2.201,0.9981,0.2724,1.842,-0.0359,-2.811,-3.436,5.567,4.718,6.026,-5.282,1.707,5.05,5.07,2.983,-1.194,-5.7,-0.3084,4.815,9.425,-2.772,-4.55,2.214,1.797,3.515,-8.991,-5.385,-5.85,3.431
277,1.01,2.182,-3.411,2.777,-1.636,0.8737,1.13,1.15,3.029,-0.3824,-1.499,-2.593,-15.57,2.333,5.032,6.518,1.482,-6.224,-3.891,-3.428,-1.12,1.265,-0.3029,11.42,0.8604,-0.6698,-1.48,-1.206,1.347,-0.9111,-0.3615,-3.252,-0.3135,-0.3744,0.6419,-1.031,4.63,3.198,3.379,-3.767,1.875,5.05,5.07,4.288,-3.518,-4.144,-0.578,2.277,9.569,-3.402,-0.8017,0.7633,2.167,0.5801,-10.3,-4.649,-4.841,3.165
278,1.01,1.14,-2.51,1.98,0.6292,-2.91,1.13,1.15,2.502,1.924,-3.231,-2.067,-14.72,4.241,5.889,7.581,1.154,-5.835,-3.061,-4.768,3.522,-1.012,-2.94,9.142,4.941,1.912,-0.5546,-0.9011,0.7924,0.6749,4.232,0.177,-0.9676,-1.376,-1.915,-0.458,6.487,6.325,2.311,-2.69,2.596,5.05,5.07,3.216,-0.2331,-5.445,0.1885,2.732,6.87,-1.391,-2.541,2.887,3.839,-0.2641,-10.91,-3.924,-5.448,2.844
279,1.01,2.549,2.686,2.378,-0.6031,-1.33,1.13,1.15,4.023,-1.226,-2.816,-5.712,-15.38,2.679,6.279,6.372,0.5563,-6.675,-6.365,-0.2662,2.038,2.253,1.462,14.66,2.39,1.564,-2.836,-3.034,-0.6384,-5.528,1.985,3.851,-0.3132,0.4395,-2.724,-2.292,6.011,6.659,4.82,-3.335,1.157,5.05,5.07,1.668,-4.419,-6.817,-2.995,5.15,11.33,-4.278,-3.748,-0.3307,3.646,3.384,-9.401,-5.337,-4.426,3.751
280,1.01,-0.2393,-2.312,3.55,0.7696,2.451,1.13,1.15,1.934,-1.796,-1.752,-2.862,-16.4,1.116,4.036,5.429,0.2576,-7.016,-4.161,-3.042,-0.4022,0.7339,-1.548,12.05,1.627,-0.4849,-2.827,3.301,1.36,-2.423,-2.952,-1.44,-0.4511,1.652,-1.333,-0.439,4.962,2.702,0.6316,-3.379,-0.1124,5.05,5.07,2.524,-4.177,0.0573,1.606,5.804,7.831,-2.669,-3.449,2.251,2.109,0.8337,-9.521,-2.364,-6.806,1.352
281,1.01,1.724,2.203,2.845,2.362,-2.327,1.13,1.15,2.677,0.9695,-3.723,-3.917,-15.09,2.057,5.763,5.404,-0.3578,-6.429,-4.109,-4.665,4.34,-0.1547,-2.409,11.79,3.394,-1.367,-1.316,-3.232,-0.8606,-0.4038,-0.0029,2.483,0.5298,1.231,-3.097,-0.836,8.266,3.31,0.8654,0.2255,1.264,5.05,5.07,3.265,-3.008,-4.535,-0.9012,2.799,12.11,-5.079,-1.139,1.565,3.423,1.913,-9.717,-4.838,-4.313,2.537
282,1.01,4.818,-0.7139,3.974,0.2162,-0.4055,1.13,1.15,5.206,-0.0419,-1.218,-4.309,-15.9,3.779,5.334,7.301,0.8759,-6.543,-4.366,-3.54,-1.422,3.455,-3.526,16.65,4.134,-3.197,-3.252,-1.962,0.347,-0.6997,0.5161,0.5964,0.5321,-0.7035,-2.681,-1.481,5.265,5.767,5.955,-1.928,0.5193,5.05,5.07,5.664,-1.948,-5.075,-0.1368,4.916,11.0,-2.417,-4.937,-0.0282,1.402,3.291,-8.595,-2.124,-8.431,2.156
283,1.01,1.025,-2.426,3.064,2.415,-1.689,1.13,1.15,1.57,0.4376,-3.064,-4.029,-11.38,1.803,6.094,6.04,1.806,-4.967,-2.622,-5.495,1.192,0.3052,-1.601,11.59,3.305,0.7377,-1.722,-1.447,1.825,-2.329,-2.201,-2.913,1.092,1.915,-2.249,0.2733,5.83,5.219,1.432,-1.087,0.9582,5.05,5.07,1.738,-3.021,-4.668,0.7657,2.674,10.69,-0.7919,-1.959,-0.817,-0.1727,2.36,-9.487,-2.971,-5.056,2.473
284,1.01,1.683,-0.523,6.026,-1.099,0.1258,1.13,1.15,3.697,2.731,-7.038,-4.719,-15.44,4.671,6.322,4.62,0.6014,-5.383,-5.088,-1.758,1.017,0.051,-0.2715,12.07,4.212,1.45,-1.14,-1.981,2.779,-0.5715,-0.0554,0.566,-0.0248,-0.4241,-1.26,-1.233,8.628,4.686,1.746,-3.421,-1.573,5.05,5.07,3.042,-2.069,-2.473,-0.9425,3.348,6.225,-2.661,-4.915,3.018,5.346,2.166,-8.875,-5.87,-7.395,4.345
285,1.01,4.237,0.1927,3.62,-0.5171,-1.464,1.13,1.15,3.816,-0.0524,-2.523,-3.512,-17.22,-0.2136,7.204,7.732,0.0781,-7.584,-5.626,-2.676,1.275,0.9183,0.8228,14.01,2.513,-1.431,-4.392,-3.008,0.4221,-2.653,-2.287,1.513,-2.311,-0.5412,-2.797,-1.077,3.68,5.883,3.936,-2.99,0.98,5.05,5.07,2.361,-5.571,-7.01,-0.3646,5.291,10.15,-1.537,-1.07,-0.8716,2.465,3.6,-8.265,-4.657,-3.471,-0.0611
286,1.01,1.053,-3.32,1.923,1.289,0.0471,1.13,1.15,1.595,1.777,-2.242,-2.424,-14.51,1.993,3.324,5.873,1.805,-5.068,-0.7311,-5.032,1.858,2.251,-2.213,12.46,2.991,1.153,-2.851,-0.8744,3.085,-0.8499,-0.1204,-1.084,-1.754,0.8983,-3.629,0.1079,7.737,1.681,0.3406,-1.882,2.123,5.05,5.07,1.779,-1.29,-3.451,3.31,2.968,4.989,-3.027,-3.718,0.0946,0.7566,1.862,-10.43,-2.479,-5.728,1.375
287,1.01,2.462,3.945,3.654,0.0242,-2.337,1.13,1.15,1.263,1.331,-4.786,-3.885,-15.0,1.996,7.243,7.769,1.194,-8.32,-3.128,-1.37,3.465,2.131,1.127,11.66,3.189,1.319,-3.129,-4.719,-0.1988,1.196,0.8605,1.051,-0.4467,0.3829,-3.589,-1.283,8.318,7.536,1.831,-4.058,-0.1231,5.05,5.07,6.08,1.154,-2.639,1.894,4.248,9.946,-2.34,-2.453,2.307,3.548,2.715,-11.28,-3.642,-3.41,3.27
288,1.01,4.858,-6.881,2.807,3.325,-0.7091,1.13,1.15,3.237,-0.4295,-1.925,-3.962,-16.32,2.28,4.578,5.923,2.329,-5.928,-4.318,-1.27,0.8003,2.018,1.65,12.72,3.664,-0.3982,-3.137,-2.84,1.786,-2.618,-0.9504,0.4975,1.436,0.1784,-2.082,-3.441,4.893,6.309,3.358,-2.262,3.136,5.05,5.07,3.196,-1.615,-6.697,0.7902,6.084,12.23,-5.155,-4.11,1.085,1.883,2.315,-10.72,-3.464,-6.784,3.42
289,1.01,1.399,-4.486,5.442,0.307,1.564,1.13,1.15,3.371,1.007,0.7277,-0.896,-16.5,1.463,5.376,6.045,-1.322,-5.553,-4.692,-1.988,2.119,1.398,-3.18,11.24,5.035,1.513,-1.291,0.5167,2.784,-0.7713,-0.7416,-0.7276,-0.5908,0.8823,-1.647,-1.654,5.911,4.41,0.7149,-0.0337,3.929,5.05,5.07,1.981,-3.235,-5.592,-1.968,3.332,6.6,-3.953,-5.15,0.4655,2.701,2.608,-10.4,-1.189,-2.239,1.93
290,1.01,3.175,2.779,5.71,-0.171,-2.092,1.13,1.15,6.667,1.876,-3.588,-3.448,-14.25,4.723,4.679,5.124,-0.7133,-7.035,-2.31,-1.759,0.5312,-1.032,-2.727,12.89,5.278,1.332,-3.665,-4.333,1.545,-1.95,-0.3233,2.293,0.4518,-2.771,-1.623,-0.5962,8.961,4.795,2.993,-2.391,1.384,5.05,5.07,5.183,-5.545,-5.17,-1.389,2.396,8.82,-4.152,-2.241,2.07,3.331,1.77,-10.43,-1.963,-3.434,3.876
291,1.01,4.487,-2.343,1.933,-1.236,1.249,1.13,1.15,3.515,1.527,-1.309,-3.457,-16.35,3.344,5.762,6.379,0.4366,-6.008,-6.377,-2.013,0.4418,0.9228,-0.1621,13.74,2.805,0.4622,-5.391,-1.894,1.78,-3.763,-1.27,1.574,-0.887,1.51,-2.283,-3.483,4.918,4.492,4.352,-3.735,1.419,5.05,5.07,3.747,-0.4678,-6.054,0.2699,5.293,10.2,-2.29,-1.099,-0.7656,1.735,1.897,-8.885,-3.026,-4.657,1.606
292,1.01,1.013,5.54,3.539,1.208,1.952,1.13,1.15,1.5,-1.411,-0.9419,-0.7908,-16.45,2.246,4.332,4.99,-0.2187,-5.07,-3.716,-4.446,1.61,2.463,-0.3423,9.782,2.662,0.9377,-2.155,-1.371,0.4792,-2.831,-0.1317,-1.556,-2.458,0.6811,0.6478,-0.694,5.374,6.273,1.096,-2.455,2.401,5.05,5.07,3.418,-2.259,-4.371,1.282,2.113,5.384,-2.724,-5.851,1.104,1.669,1.989,-9.363,-2.982,-7.563,2.599
293,1.01,2.718,3.511,4.753,1.819,-0.9939,1.13,1.15,4.985,1.595,-5.502,-4.597,-15.79,2.025,8.908,5.178,-0.8983,-4.564,-3.597,-0.6327,0.0973,-0.7448,0.4182,13.94,2.034,1.588,-4.346,-2.36,1.009,-0.552,4.207,0.1334,0.8741,-0.66,-3.459,-0.3214,8.913,4.983,1.193,-2.359,1.295,5.05,5.07,5.043,-0.6761,-6.926,-1.024,4.504,6.446,-4.633,-2.878,1.516,1.637,1.423,-10.13,-4.616,-2.88,3.638
294,1.01,1.461,1.865,-0.015,-0.7729,-0.3838,1.13,1.15,2.707,0.2804,-2.318,-3.709,-17.26,1.808,4.498,6.763,2.31,-5.502,-7.419,-3.221,1.592,1.694,-2.193,14.27,3.362,-1.103,-1.273,-2.284,1.31,-4.061,-2.035,-0.3751,-1.98,4.517,-3.027,-3.965,5.122,6.566,2.76,-4.596,5.042,5.05,5.07,3.602,-3.402,-4.223,1.716,4.79,9.776,-1.405,-0.9387,-0.787,2.665,1.382,-7.551,-3.704,-4.028,4.333
295,1.01,0.596,-2.023,2.671,-0.1242,-0.266,1.13,1.15,5.569,0.5093,-0.7058,-2.994,-11.5,-0.2799,5.524,5.108,1.727,-7.816,-2.053,-5.731,-1.039,2.115,-3.322,11.88,3.504,0.36,-0.4959,-0.6672,2.97,0.0617,-0.9965,-2.137,-0.7622,-0.1871,-0.8369,-0.1588,6.999,3.769,1.831,-3.126,3.99,5.05,5.07,5.42,-1.929,-2.541,0.8152,2.61,5.787,-3.716,-0.1872,1.949,1.823,1.67,-10.1,-3.254,-3.671,3.588
296,1.01,3.81,-0.4821,5.238,2.222,0.5507,1.13,1.15,4.061,0.8443,-1.752,-6.526,-13.84,3.366,3.004,4.461,-0.2306,-7.353,-3.902,-4.787,1.137,-0.7422,-0.5499,12.98,5.088,2.372,-3.204,-4.875,-0.4425,-2.162,1.779,1.725,-1.039,-0.0057,-3.62,-1.243,6.892,6.226,2.019,-2.24,-1.669,5.05,5.07,3.451,-2.259,-6.374,-0.6244,4.211,8.812,-1.015,-3.129,1.307,3.106,2.796,-9.941,-6.781,-5.71,4.475
297,1.01,2.578,3.746,4.816,-1.215,0.428,1.13,1.15,4.718,1.099,-1.219,-4.887,-18.85,1.228,3.42,6.498,3.555,-7.226,-4.4,-3.054,0.7337,0.4278,-0.5667,13.32,4.119,-1.651,-3.399,0.9547,2.252,-2.628,-2.717,-3.306,1.569,0.0627,-1.386,-1.985,5.74,5.07,3.282,-5.848,2.76,5.05,5.07,-0.5407,-3.259,-3.399,0.9623,6.061,6.035,-1.682,0.108,0.6547,3.248,2.44,-10.1,-3.921,-7.787,1.452
298,1.01,-0.0644,-1.557,4.098,1.621,1.451,1.13,1.15,4.993,3.331,-2.831,-3.215,-13.39,-0.8213,4.374,4.921,0.7542,-6.772,-3.805,-3.147,1.215,1.258,-1.538,11.86,2.48,1.504,-1.734,-1.907,0.4718,-1.09,-2.513,-1.021,-2.279,0.1358,-2.486,1.043,6.501,2.432,0.0815,-3.557,2.209,5.05,5.07,3.678,-2.003,-4.524,1.409,3.157,10.6,-4.551,-4.773,1.177,2.741,0.8799,-10.26,-5.499,-6.762,1.642
299,1.01,1.841,0.768,6.426,-0.2891,-3.142,1.13,1.15,5.451,2.084,-3.984,-4.152,-15.55,0.574,6.968,6.148,0.6849,-5.632,-6.682,-4.916,0.8052,-2.393,-2.298,13.93,4.952,-0.4665,-3.58,-3.587,0.9344,-2.534,1.302,0.5342,1.985,2.411,-3.369,-0.177,7.749,6.233,3.274,-2.943,-0.3364,5.05,5.07,2.575,-1.912,-3.168,-0.6088,5.162,10.57,-3.055,-2.347,1.458,4.786,1.267,-8.797,-6.609,-8.685,4.02
300,1.01,1.464,0.5435,1.832,2.133,0.8721,1.13,1.15,0.8028,2.001,-0.429,-5.19,-17.4,2.194,4.556,6.247,3.322,-7.79,-5.139,0.7758,-1.495,0.0627,1.738,15.0,2.722,3.005,-2.261,-3.067,1.624,-1.903,0.1046,0.8472,0.1341,1.418,-2.6,-1.188,4.398,3.284,2.759,-4.304,0.4154,5.05,5.07,3.756,-4.613,-5.293,1.491,3.5,6.608,-2.195,-4.479,-0.3139,0.2516,2.441,-8.324,-3.016,-4.273,-1.038
301,1.01,0.6566,-2.331,5.032,1.362,-1.763,1.13,1.15,3.805,3.225,-1.714,-2.119,-16.55,3.35,6.747,5.173,-0.0808,-5.445,-3.61,-4.779,3.572,1.678,-1.395,10.59,2.759,1.907,-1.343,-3.672,-0.8095,-0.2011,2.667,-0.6398,-1.779,-0.0418,-2.509,1.148,7.406,3.365,2.216,-2.887,1.118,5.05,5.07,3.954,-2.92,-5.349,1.205,1.96,5.971,-1.482,-3.35,2.368,3.613,1.442,-12.37,-7.697,-2.961,2.437
302,1.01,1.223,-0.964,3.841,-2.569,-2.018,1.13,1.15,5.167,0.1517,-5.878,-3.496,-16.75,0.4902,5.017,4.082,-0.746,-7.945,-4.19,-1.227,-1.588,-0.616,-1.546,12.63,3.663,-1.529,-2.15,-3.962,0.9261,-0.5978,-0.7237,1.341,-1.234,-0.0971,-3.153,-2.136,8.658,2.997,4.37,-2.815,3.187,5.05,5.07,3.583,-5.891,-8.001,-0.6726,4.295,11.38,-3.242,-3.849,1.951,4.183,5.133,-10.17,-5.619,-6.466,4.372
303,1.01,-0.0287,0.4754,2.403,-1.14,-1.416,1.13,1.15,4.223,-0.8173,1.272,-2.332,-17.41,0.3936,5.432,6.511,3.713,-4.745,-3.325,-1.717,2.273,3.529,0.4289,14.22,2.015,-0.052,-2.817,0.5268,2.168,-1.843,1.462,-1.033,1.842,1.538,-0.8192,-1.283,4.476,4.419,2.257,-2.964,2.31,5.05,5.07,3.951,-2.225,-5.185,0.5098,6.367,4.693,-1.972,-3.174,1.185,0.4994,0.7103,-9.89,-4.988,-4.056,-0.1333
304,1.01,-1.097,-3.328,3.339,-1.447,-1.468,1.13,1.15,2.786,0.4526,-3.9,-4.012,-12.74,1.895,5.999,3.575,-1.422,-7.838,-1.836,-6.349,3.318,0.5157,-1.539,13.16,2.07,1.421,-2.526,-1.519,-0.99,-0.7609,0.7739,-1.876,-2.789,0.1701,-3.761,-2.05,6.962,6.279,1.363,-2.803,2.089,5.05,5.07,3.296,1.527,-4.479,-2.615,4.472,7.061,-4.484,-4.384,3.988,3.219,0.8038,-10.9,-3.875,-7.104,3.942
305,1.01,1.928,-0.8952,2.381,1.494,0.7746,1.13,1.15,5.134,-1.435,-1.368,-5.042,-18.47,0.4047,7.21,8.715,1.613,-7.02,-6.249,-2.898,-0.3543,-0.6496,-0.6616,12.66,3.578,-0.1021,-2.351,-3.342,3.76,-1.29,0.7513,0.0395,0.7469,0.1979,-1.632,-0.4197,5.433,4.381,4.996,-3.929,0.2244,5.05,5.07,3.569,-5.71,-6.008,-2.841,4.232,7.488,-3.392,-1.542,0.8493,2.963,1.694,-8.924,-5.318,-4.962,4.075
306,1.01,0.9443,-2.362,2.164,0.3394,1.256,1.13,1.15,2.122,-1.264,-2.194,-3.53,-13.7,-0.032,3.546,5.389,1.512,-5.271,-3.907,-2.943,-0.1418,1.764,-0.4897,12.2,1.485,-1.275,-4.175,-1.377,0.877,-0.2004,2.396,-2.336,-0.4438,1.111,-0.7518,-2.22,4.345,3.523,4.72,-1.163,-0.9234,5.05,5.07,3.039,-3.056,-5.269,0.133,7.274,5.675,-1.049,-1.537,2.739,1.844,0.8658,-9.172,-2.911,-4.746,0.8933
307,1.01,1.501,-2.239,4.623,-0.3073,-3.149,1.13,1.15,3.895,5.144,-4.078,-2.37,-14.94,2.389,3.693,5.02,0.6043,-7.028,-3.629,-3.49,2.067,-0.3729,-1.998,14.13,2.435,1.618,-2.699,-1.195,0.0985,-2.032,1.574,1.182,-0.6321,-0.185,-2.966,0.8886,7.228,4.46,0.8186,-1.481,0.3709,5.05,5.07,3.654,-2.666,-3.218,-0.4113,3.594,7.589,-5.744,-4.953,4.065,1.032,-0.2415,-11.12,-4.6,-5.422,1.695
308,1.01,1.552,1.618,1.988,-2.023,-2.315,1.13,1.15,6.014,-0.0144,-3.851,-5.341,-16.22,1.899,5.089,8.845,0.1079,-8.738,-4.221,-2.055,1.578,1.146,-0.2405,14.33,3.836,-0.2663,-5.493,-2.708,0.6408,-2.664,0.3163,0.5718,0.3185,-1.783,-2.865,0.3077,6.493,3.428,2.406,-1.087,0.7328,5.05,5.07,2.927,-0.9997,-5.508,0.7551,5.475,8.846,-4.528,-4.613,1.873,3.564,2.449,-8.156,-4.495,-4.613,2.737
309,1.01,3.586,-2.204,3.418,0.0145,-1.03,1.13,1.15,0.1476,-1.552,-2.302,-4.706,-14.92,2.574,4.072,5.927,1.749,-5.82,-2.149,-3.328,1.116,0.7188,-1.119,12.98,2.555,-0.7037,-1.09,-0.3843,0.6255,-1.388,-1.782,-2.323,0.3245,0.8665,-2.105,-3.32,4.523,2.889,3.818,-2.56,1.357,5.05,5.07,3.334,-3.5,-5.818,0.1694,2.508,7.555,-2.998,-1.021,0.3519,1.454,0.4475,-9.653,-2.204,-4.937,1.909
310,1.01,0.9141,-2.223,4.079,0.61,-0.99,1.13,1.15,2.782,2.085,-3.477,-2.677,-12.72,4.587,5.684,4.136,0.1852,-5.106,-3.668,-0.7815,1.056,-2.741,-2.439,12.59,3.95,1.262,-3.223,-1.799,-0.4322,-0.8717,-0.0108,-1.122,-2.225,-0.2338,-1.88,0.4365,8.389,4.983,0.2285,-1.167,0.8185,5.05,5.07,3.748,-0.8461,-5.973,-2.444,2.589,6.962,-3.699,-5.105,2.768,3.22,2.903,-7.759,-5.584,-2.946,4.808
311,1.01,2.895,3.108,5.431,-1.749,-1.447,1.13,1.15,5.861,1.319,-2.934,-4.0,-15.15,1.403,5.491,7.348,0.8708,-6.626,-6.363,-4.21,1.706,-0.1553,-1.287,12.65,4.33,-0.3951,-2.736,-3.691,0.2356,-4.638,2.39,0.4356,0.8066,-0.2508,-4.232,-0.8904,5.498,6.759,4.787,-4.66,-0.4532,5.05,5.07,-0.0233,-3.421,-4.972,-0.433,4.023,9.726,-2.488,-4.628,0.0352,3.946,3.26,-9.419,-5.141,-3.805,2.387
312,1.01,2.126,-2.684,2.569,-0.4534,0.8078,1.13,1.15,1.556,-1.716,-0.329,-1.94,-14.57,-0.8493,2.019,6.126,1.802,-4.197,-4.537,-3.633,0.6217,0.5961,-0.6788,11.7,1.26,-0.2739,-3.007,-2.273,2.827,-3.816,-0.2489,0.6221,-0.988,2.268,-0.3587,-1.694,3.763,2.236,2.063,-1.529,0.639,5.05,5.07,1.161,-4.944,-3.23,-0.1668,4.706,9.377,-3.016,-2.788,0.5932,1.165,1.807,-9.665,-3.729,-6.194,1.706
313,1.01,1.318,1.457,5.952,0.196,1.4,1.13,1.15,5.197,1.478,-2.306,-6.636,-13.44,5.411,6.531,4.412,-1.463,-8.274,-5.7,-4.895,1.58,-1.579,-1.769,11.97,3.275,3.408,-1.96,-1.279,0.6343,-1.057,-0.7654,1.223,-1.172,-3.435,-3.309,0.0908,6.26,6.078,1.811,-1.62,0.1359,5.05,5.07,2.743,-0.5265,-4.741,-1.767,1.537,8.258,-4.163,-4.804,0.0335,2.399,2.052,-10.89,-5.795,-4.041,3.642
314,1.01,2.211,0.4133,3.878,-2.543,-3.1,1.13,1.15,3.234,-0.9205,-3.578,-5.725,-16.29,2.601,4.921,4.408,-0.259,-9.017,-4.828,-1.298,-0.2408,0.1238,-0.7086,14.41,4.745,0.2477,-3.8,-2.069,0.0512,-1.982,-0.523,1.748,-2.643,-0.7835,-5.248,-3.849,5.24,4.224,3.028,-1.428,-1.057,5.05,5.07,2.926,-2.081,-6.542,1.137,4.968,7.922,-2.677,-5.385,1.178,4.53,2.066,-9.71,-3.201,-8.945,0.8314
315,1.01,1.546,4.918,1.26,-0.0544,0.0902,1.13,1.15,2.445,1.508,-2.371,-4.124,-15.89,1.627,2.714,4.063,1.207,-6.277,-3.5,-1.887,-0.1228,2.655,0.2662,12.08,2.415,-0.2417,-1.418,-5.139,0.5495,-2.653,2.109,-0.5146,-1.525,0.8392,-0.2995,-2.623,7.321,5.243,-0.3977,-2.189,1.151,5.05,5.07,2.576,-3.041,-4.208,-0.6959,4.841,5.06,-3.342,-1.195,1.036,0.9448,0.2815,-10.18,-2.51,-0.9076,1.238
316,1.01,1.873,-0.8207,5.057,-0.3034,-1.846,1.13,1.15,3.04,2.665,-3.789,-1.733,-16.04,3.898,5.855,5.122,0.8013,-4.186,-1.96,-5.431,1.208,0.6175,-1.382,10.92,4.165,2.156,-1.703,-4.388,1.635,-3.727,-0.6873,0.4185,0.1903,0.0382,-2.862,0.0543,7.902,6.154,2.218,-0.8329,0.0163,5.05,5.07,4.731,-1.094,-5.549,-2.857,4.725,10.2,-3.627,-1.626,2.553,3.206,2.195,-10.0,-6.605,-8.172,3.002
317,1.01,2.445,-0.746,1.214,1.242,-0.788,1.13,1.15,2.8,-1.964,-1.054,-4.905,-16.83,0.1918,6.132,6.425,0.4473,-4.923,-4.331,-1.08,-1.398,1.466,-0.956,14.3,2.315,-0.4126,-1.401,-3.507,-1.884,-3.219,-1.266,1.827,1.435,1.217,-4.483,-1.825,5.891,5.949,3.477,-4.006,2.409,5.05,5.07,2.631,-4.104,-6.556,0.0316,4.931,10.39,-4.258,-3.465,0.0663,1.627,4.19,-10.38,-3.782,-5.786,3.059
318,1.01,0.187,1.818,2.235,-0.6055,1.793,1.13,1.15,3.978,0.292,-0.7107,-5.994,-12.84,1.03,3.366,5.596,2.195,-5.715,-2.972,-3.371,4.084,0.4624,0.6313,11.55,2.596,-1.005,-1.166,-4.119,0.6047,-0.3016,-1.411,-0.7925,0.3322,-0.626,-0.2658,-0.9362,4.66,4.824,2.097,-2.556,3.613,5.05,5.07,1.716,-6.279,-6.157,-0.9764,4.07,6.764,-3.71,0.4249,2.068,3.714,0.5419,-9.716,-3.674,-5.772,1.052
319,1.01,1.727,-0.5622,0.427,0.6713,0.8849,1.13,1.15,2.599,0.1627,-2.849,-0.4794,-15.65,1.555,3.955,7.279,-0.8842,-8.865,-2.125,-2.028,2.091,0.2701,-0.6799,12.53,4.189,2.635,-1.02,-2.776,0.9392,-3.715,-0.5077,-1.838,-2.692,-2.235,-3.404,-1.294,8.211,5.208,2.386,-4.202,0.7705,5.05,5.07,6.155,-0.3297,-4.92,-2.614,4.241,5.289,-5.877,-2.904,3.599,3.551,3.296,-11.28,-4.52,-2.299,3.64
320,1.01,4.174,-4.785,2.253,-0.7121,-0.704,1.13,1.15,4.167,0.8597,-3.064,-3.527,-17.32,2.415,3.511,8.097,2.691,-7.386,-3.083,-2.192,0.7863,1.308,-1.369,13.56,3.78,0.9309,-4.951,-1.852,1.612,-3.031,-0.7333,-0.0184,0.2391,1.833,-5.241,-0.6293,4.778,3.363,3.628,-0.2327,1.287,5.05,5.07,2.435,-4.569,-5.828,0.2654,5.027,3.884,-1.924,-5.105,1.198,3.564,3.879,-9.93,-3.74,-4.334,1.742
321,1.01,1.242,-1.446,3.166,0.3949,0.4936,1.13,1.15,2.837,0.7544,-2.651,-2.895,-14.19,2.253,3.846,5.64,2.579,-7.78,-3.976,-1.983,0.3893,1.535,-1.95,9.483,0.2453,-0.791,-3.305,-0.9455,-0.4451,0.4762,-0.1528,-2.366,-2.04,-0.2286,-2.633,-1.495,5.345,6.62,2.831,-0.216,2.709,5.05,5.07,2.046,-0.1102,-4.768,0.0073,3.268,5.302,-0.7496,-3.833,1.429,3.343,1.554,-10.08,-1.238,-3.244,2.124
322,1.01,1.364,4.336,4.564,0.9055,-3.276,1.13,1.15,5.981,1.653,-4.187,-4.197,-15.18,1.775,7.127,5.811,3.258,-7.42,-4.552,-3.786,1.929,-1.585,-3.152,13.69,5.704,2.278,-2.847,-5.579,1.276,-3.532,-0.6655,0.932,0.4834,-2.405,-5.037,-0.4557,6.892,4.465,4.517,-3.68,-1.487,5.05,5.07,4.687,1.415,-5.448,0.7881,2.66,6.779,-3.4,-7.517,1.197,6.351,2.309,-11.54,-5.442,-6.661,3.029
323,1.01,1.643,1.226,4.26,-0.9365,-2.34,1.13,1.15,2.613,-1.233,-2.628,-3.946,-18.44,0.5397,5.889,5.284,1.618,-6.127,-7.547,-2.321,-0.2964,0.5463,-3.576,13.61,3.52,1.036,-3.734,-0.8368,3.297,-1.34,1.848,-1.566,0.0399,0.6569,-0.9591,-2.383,6.893,3.856,5.959,-4.193,3.324,5.05,5.07,2.835,-3.203,-3.043,1.118,5.939,8.8,-3.437,-3.971,-0.6401,1.981,3.06,-8.109,-4.506,-10.5,0.6909
324,1.01,4.003,-4.004,4.746,-1.276,0.9598,1.13,1.15,3.391,0.7422,-1.557,-3.803,-16.79,2.358,4.316,3.445,1.339,-6.243,-4.892,-3.679,0.7589,1.712,-0.2556,11.42,2.972,0.3958,-2.267,-0.896,0.9163,-1.99,2.609,-1.323,-1.481,0.9659,-0.0692,-0.6743,7.832,4.876,1.353,-2.037,1.568,5.05,5.07,1.843,-0.2051,-2.964,-0.4828,5.416,5.504,-1.364,-1.703,3.777,2.646,-0.0231,-11.56,-3.262,-5.172,3.118
325,1.01,0.4913,0.579,2.312,-1.593,0.6865,1.13,1.15,2.71,3.751,-4.116,-3.325,-17.24,4.127,6.816,5.859,-1.616,-7.781,-6.3,-2.406,2.362,0.832,-2.341,12.61,4.009,0.8157,-1.787,-4.79,0.4515,-4.445,0.1258,0.4882,-0.0174,0.1513,-4.193,-1.19,7.827,8.353,2.531,-2.679,0.932,5.05,5.07,3.991,-0.3325,-4.218,-3.066,4.447,10.65,-4.162,-3.402,1.345,4.463,2.104,-9.843,-6.15,-7.969,3.196
326,1.01,1.908,1.214,2.578,0.2156,0.8144,1.13,1.15,3.861,0.0133,-1.424,-6.539,-15.91,-1.141,3.044,8.237,2.147,-7.775,-5.912,-1.486,2.287,1.077,-0.7421,12.82,3.283,-1.351,-1.907,-1.581,3.289,-1.481,0.092,-0.1982,1.372,2.105,-3.467,-0.9183,4.869,3.139,3.506,-1.472,2.432,5.05,5.07,3.074,-1.731,-5.454,1.407,4.182,9.629,-2.032,-3.596,1.378,1.728,2.781,-8.547,-4.016,-1.44,2.561
327,1.01,2.14,0.0951,5.98,3.833,0.5861,1.13,1.15,2.592,0.2113,-2.969,-2.501,-13.33,3.342,3.908,2.561,0.837,-7.783,-2.55,-3.458,2.378,1.839,-2.414,11.23,4.605,2.599,-1.544,-0.9421,1.899,-2.703,-0.3009,-0.4973,-2.109,-0.4441,-2.077,-0.4238,5.92,5.1,2.039,-2.421,0.8706,5.05,5.07,3.075,-2.588,-4.846,-0.1765,2.473,5.578,-3.709,0.3593,0.2713,1.704,1.78,-10.25,-2.909,-5.178,2.472
328,1.01,4.637,1.691,1.589,-3.146,-3.244,1.13,1.15,4.738,1.161,-4.75,-3.595,-16.87,3.552,5.803,6.158,0.2242,-5.194,-2.195,-2.362,0.9539,2.77,-0.5154,11.24,4.484,1.412,-3.003,-2.65,0.378,-4.11,2.932,0.5028,-2.25,-1.429,-4.131,-0.7383,7.823,3.803,1.83,-4.146,-0.5918,5.05,5.07,5.268,-2.067,-6.185,-1.781,5.03,10.39,-3.369,-4.253,1.652,4.48,1.998,-9.658,-4.569,-6.268,3.366
329,1.01,4.264,-1.082,3.646,-0.5868,1.29,1.13,1.15,2.438,-0.5594,-2.568,-3.577,-17.59,1.06,3.967,8.916,1.699,-8.409,-5.865,-3.054,-1.64,2.01,-1.525,12.49,5.114,-1.459,-4.394,-2.553,5.073,-0.8056,-2.261,-1.078,0.4209,0.2994,-3.051,-1.859,5.243,1.627,2.627,-3.079,-0.9402,5.05,5.07,2.024,-3.259,-6.512,-0.3573,5.334,8.638,-0.898,-4.264,0.7681,2.161,1.287,-10.1,-1.596,-3.429,2.808
330,1.01,0.4355,-6.806,5.435,0.4539,-0.9126,1.13,1.15,3.153,0.239,-3.14,-5.046,-15.1,2.459,2.931,5.067,2.299,-7.733,-4.292,-2.861,0.7997,2.857,0.528,9.469,2.043,2.175,-1.276,-0.1811,-0.1682,-0.4019,0.3799,-0.287,-0.9179,-0.212,-1.982,0.5282,8.088,4.176,1.35,-1.71,-0.1506,5.05,5.07,4.293,-3.054,-4.999,0.2163,2.026,8.028,-0.1363,-0.451,1.388,1.302,0.6927,-10.33,-4.231,-3.988,0.9448
331,1.01,1.46,-3.826,3.673,-0.952,-1.616,1.13,1.15,4.292,0.9172,-3.316,-6.516,-18.73,2.109,5.489,6.629,-0.2842,-6.572,-4.945,-1.503,0.7657,-0.0808,-2.386,13.41,3.437,0.8423,-3.512,-2.014,3.587,-3.446,-0.6109,1.288,-0.3564,0.1102,-3.727,0.0419,8.584,6.105,3.002,-4.897,1.144,5.05,5.07,1.98,-0.8285,-6.537,-1.027,1.697,11.11,-1.713,-7.12,1.547,3.698,1.28,-9.194,-4.516,-5.217,2.526
332,1.01,1.972,-0.828,4.694,-0.0571,-0.7258,1.13,1.15,3.965,-1.276,-1.89,-3.66,-15.33,0.6754,3.918,4.836,1.918,-5.871,-3.45,-0.4338,2.206,2.569,1.977,12.52,3.169,-0.762,-2.966,-2.541,2.135,-3.047,-1.38,-1.952,0.3474,2.279,-2.474,-0.5513,6.109,6.212,3.994,-0.7705,1.701,5.05,5.07,1.85,-5.175,-5.446,0.4782,2.99,5.922,-0.5755,-2.63,0.4087,3.086,2.372,-7.963,-2.414,-5.195,1.265
333,1.01,2.899,-1.696,4.639,2.094,-1.561,1.13,1.15,4.854,0.6702,-2.413,-5.933,-16.07,3.22,3.583,5.852,-1.172,-4.014,-2.866,-3.595,1.854,1.762,-1.608,11.09,3.681,1.275,-1.086,-3.057,-0.7879,-1.751,0.0011,0.3712,-0.933,-1.071,-1.526,1.37,7.262,2.818,1.097,-3.253,2.858,5.05,5.07,4.563,0.0734,-3.024,-0.4359,2.149,9.887,-4.631,-5.942,2.837,5.793,4.243,-9.651,-6.515,-3.304,4.066
334,1.01,2.685,-3.428,3.573,-1.194,-0.954,1.13,1.15,3.007,2.478,-2.932,-2.61,-17.49,1.751,7.276,5.671,1.453,-6.92,-4.727,-1.287,1.311,1.286,-1.722,14.83,1.53,-0.0298,-4.262,-2.478,1.015,-3.739,-0.7137,2.01,0.8848,-0.4525,-3.905,-2.991,8.073,4.661,3.361,-3.637,0.3285,5.05,5.07,6.462,-2.456,-7.152,0.0582,3.732,12.06,-2.475,-5.14,-0.1115,4.429,3.414,-8.712,-4.772,-4.04,3.886
335,1.01,0.159,-2.664,4.435,1.071,-0.4367,1.13,1.15,3.949,0.1712,-3.945,-3.472,-14.36,0.649,5.99,4.813,2.846,-6.44,-4.297,-1.953,1.035,2.23,1.01,12.93,1.189,-0.4242,-2.501,-0.8031,1.738,-2.511,0.2013,0.2026,-0.2688,3.117,-2.313,0.2135,6.486,3.148,3.202,-3.279,0.3428,5.05,5.07,4.024,-2.519,-6.469,0.8867,5.235,7.982,-0.5096,-8.542,0.8902,3.829,1.23,-7.767,-2.21,-4.409,0.9494
336,1.01,1.866,-1.329,4.444,2.571,-2.83,1.13,1.15,2.753,3.355,-2.486,-1.97,-13.82,2.753,6.776,2.968,0.9143,-7.221,-2.815,-5.633,2.406,-1.362,-2.725,11.28,3.29,2.34,-2.585,-4.201,1.643,-2.054,-1.498,-0.5714,-0.3882,0.2666,-3.442,-0.4632,7.103,2.972,1.888,-3.678,1.497,5.05,5.07,4.192,-2.204,-6.162,-0.6661,2.261,7.33,-0.5485,1.425,2.62,2.824,2.155,-9.424,-2.624,-6.11,3.696
337,1.01,1.699,0.1388,1.159,-1.812,-2.14,1.13,1.15,3.34,0.472,-0.8337,-3.772,-17.11,3.274,4.305,6.669,1.818,-5.755,-5.801,-2.2,-0.2729,0.152,-2.908,16.79,4.445,0.4619,-5.845,-0.7829,0.1699,-3.396,-0.4715,1.737,1.288,-0.7827,-3.334,-1.139,5.839,4.908,3.193,-2.335,0.9321,5.05,5.07,5.365,-6.566,-7.695,-0.7582,6.31,10.63,-2.678,-3.313,0.906,4.016,3.219,-11.06,-6.605,-7.067,3.268
338,1.01,3.513,0.9501,1.585,0.77,-0.0337,1.13,1.15,2.535,0.2673,-3.139,-2.214,-14.69,2.716,5.826,6.456,3.11,-5.627,-5.751,-3.988,1.887,2.08,0.7417,13.05,3.374,1.758,-2.704,-0.4358,2.295,-1.115,-3.467,-1.308,0.0004,-0.0582,-2.309,-2.011,5.622,0.845,2.726,-1.561,2.544,5.05,5.07,2.689,-0.4208,-4.685,-2.758,4.937,7.573,0.298,-5.009,-0.1586,2.046,0.9401,-9.844,-1.677,-4.77,1.628
339,1.01,1.234,1.595,6.742,1.949,-1.078,1.13,1.15,3.376,2.696,-0.864,-3.459,-13.61,4.454,5.945,3.733,-1.083,-5.095,-3.975,-3.116,0.1001,0.812,-2.642,12.47,3.388,0.6498,-0.874,-2.804,0.837,-0.4159,2.861,3.065,-1.753,-0.098,-3.198,-0.4203,6.792,4.634,-1.326,-1.959,1.595,5.05,5.07,5.851,-1.066,-3.976,-1.739,4.023,13.29,-3.97,-0.8717,2.696,4.717,1.058,-9.278,-7.343,-3.624,2.565
340,1.01,2.176,-0.1453,5.142,-1.365,-1.963,1.13,1.15,4.251,1.304,-3.223,-3.843,-16.43,3.774,7.284,6.874,3.115,-7.8,-4.799,-3.095,0.3031,1.243,-1.541,14.25,4.399,0.6504,-1.99,-2.947,-0.3128,-2.795,-1.378,-0.8661,-0.2444,-0.3181,-3.138,-1.797,7.928,7.206,2.996,-2.242,2.141,5.05,5.07,2.486,-3.208,-3.298,-1.806,5.52,8.631,-2.316,-7.034,0.6028,5.986,2.481,-7.302,-3.802,-4.132,2.693
341,1.01,1.86,-0.203,2.844,0.7777,1.296,1.13,1.15,3.323,-0.9149,-3.465,-2.865,-17.35,0.4223,3.942,4.667,-0.9893,-5.634,-3.71,-1.964,0.5968,1.637,-0.472,14.95,2.903,0.7514,-2.249,-2.544,3.729,-0.894,3.12,-0.1339,-0.5838,1.667,-3.715,-1.336,6.668,4.662,4.153,-1.776,2.457,5.05,5.07,1.606,-1.341,-4.135,1.577,3.511,6.896,-1.014,-7.82,1.84,1.472,2.703,-9.19,-0.9034,-1.699,1.814
342,1.01,0.4229,-1.786,5.447,1.014,-2.01,1.13,1.15,4.741,0.3771,-2.587,-4.34,-14.2,2.985,6.187,5.491,0.4846,-5.633,-3.088,-4.664,0.1063,1.95,-2.042,12.82,5.214,0.3452,-4.01,-3.317,-1.337,-2.091,1.005,-1.633,-1.142,-2.278,-2.127,-1.691,6.8,4.951,1.448,-0.9772,2.518,5.05,5.07,4.174,-4.623,-6.212,-0.6081,2.855,6.075,-6.127,-3.852,2.688,2.139,0.2803,-10.88,-5.037,-5.302,3.385
343,1.01,3.08,1.631,5.389,-1.39,1.304,1.13,1.15,3.481,0.3851,-3.601,-2.258,-17.23,2.532,7.123,5.798,0.9909,-5.119,-5.012,-0.6895,-0.9413,-1.128,0.5641,14.46,5.232,-0.0397,-3.161,-1.739,0.6865,-4.738,-0.5674,0.8143,2.416,0.9422,-0.7561,-2.688,7.099,6.134,2.324,-4.601,3.334,5.05,5.07,4.079,-3.551,-4.974,-0.2245,4.451,9.539,-6.735,-4.941,1.837,2.44,2.738,-8.437,-4.664,-7.049,0.4734
344,1.01,2.01,-2.179,4.172,0.574,1.925,1.13,1.15,2.778,0.3417,-0.7253,-3.368,-15.38,2.905,5.68,3.522,0.2143,-3.881,-2.303,-4.827,1.643,3.051,-0.9134,11.08,0.0472,-1.414,-2.722,1.076,2.339,0.7895,3.021,-0.858,-1.309,0.9397,-0.3097,-0.4969,6.677,5.502,0.9188,-0.1863,3.693,5.05,5.07,2.815,-0.0854,-4.845,0.8436,3.749,5.563,-1.162,-1.845,2.016,2.65,1.617,-9.316,-3.709,-5.732,3.236
345,1.01,0.1803,-1.096,5.731,1.57,0.1276,1.13,1.15,5.178,1.996,-4.102,-3.29,-15.85,3.939,6.163,5.804,-1.175,-4.834,-4.303,-3.238,1.105,0.7461,-0.9188,10.58,6.471,3.047,-2.295,-1.753,-0.0458,-1.909,2.966,-0.8695,-1.393,-0.0555,-3.138,-0.7934,8.64,6.73,2.198,-4.428,1.059,5.05,5.07,3.672,-4.451,-4.937,-1.274,2.024,7.616,-3.953,-2.723,1.105,3.487,2.502,-10.65,-4.501,-5.742,3.831
346,1.01,2.684,-1.301,3.492,-1.782,-1.866,1.13,1.15,3.62,-0.1741,-4.049,-4.166,-15.18,-1.917,6.375,5.866,1.237,-6.505,-4.547,-4.682,0.6127,0.4041,0.718,16.42,4.565,-0.2261,-4.83,-4.2,2.812,-3.586,0.2192,2.422,0.492,1.859,-2.703,-3.051,4.974,6.267,5.043,-2.369,0.8925,5.05,5.07,2.027,-1.428,-4.015,1.148,5.044,6.791,-0.1128,-3.09,-0.3096,1.167,3.75,-7.0,-2.882,-7.378,0.4376
347,1.01,-0.3326,-2.822,3.616,2.725,0.8041,1.13,1.15,2.893,1.247,-2.604,-3.453,-15.08,2.39,3.941,3.064,1.886,-7.505,-4.997,-4.095,3.738,3.672,-1.147,12.12,4.596,2.419,-2.251,-1.25,1.375,-0.9521,-0.051,-1.366,-1.363,2.888,-0.9408,-0.5779,5.075,2.4,-0.4793,-2.636,3.645,5.05,5.07,0.4715,-3.398,-4.765,1.534,4.392,2.521,-2.394,-4.126,1.777,1.358,1.406,-9.079,-2.907,-3.486,1.009
348,1.01,1.847,-3.355,4.823,-0.5203,1.179,1.13,1.15,4.678,0.1113,-3.915,-4.068,-16.3,4.615,5.377,5.582,2.382,-10.36,-7.413,-3.36,0.6517,0.0503,-0.158,12.9,5.265,0.2659,-3.613,-4.387,-1.511,-2.173,6.098,-0.2197,-0.079,1.02,-3.833,-1.139,8.803,5.891,1.101,-6.026,-0.2661,5.05,5.07,5.242,-4.864,-6.498,-2.545,3.859,7.775,-3.209,-2.899,1.414,4.155,1.989,-10.29,-4.683,-6.204,2.529
349,1.01,1.437,2.511,5.436,0.2511,-2.091,1.13,1.15,2.571,-0.2037,-3.296,-1.582,-15.17,0.7574,7.057,6.453,0.5903,-7.802,-3.761,-4.526,0.7414,0.6837,2.183,12.36,2.864,-0.9535,-4.798,-1.124,2.463,-2.333,-0.2319,1.741,1.195,0.6121,-3.293,-1.175,6.069,6.355,1.354,-2.596,3.167,5.05,5.07,5.436,-5.998,-5.964,-0.4193,5.713,4.853,-1.661,-4.078,1.248,4.098,2.289,-8.16,-4.031,-5.25,2.664
350,1.01,2.559,-1.437,2.63,1.463,-0.2983,1.13,1.15,4.479,0.4929,-1.516,-2.441,-15.08,1.286,5.502,5.248,-0.8956,-6.938,-4.973,-3.58,0.9869,4.079,-1.133,10.72,2.314,-0.0567,-2.098,-1.561,2.947,0.3837,-1.725,-0.5298,-2.46,0.0814,-0.1983,0.7,5.69,4.168,1.142,-2.095,0.1757,5.05,5.07,0.5107,-1.894,-4.211,0.7372,1.481,5.829,-2.357,-1.681,0.3198,3.214,2.218,-10.42,-7.027,-5.5,1.276
351,1.01,1.171,-0.744,6.527,-1.501,-1.161,1.13,1.15,4.467,3.261,-5.141,-3.365,-15.76,2.493,5.962,5.099,0.657,-9.254,-3.744,-1.899,0.623,0.3256,-3.022,14.11,1.325,2.912,-2.011,-3.164,0.3947,-2.585,-0.6759,1.717,1.421,-0.05,-3.339,-0.3176,6.363,5.471,1.578,-4.777,0.7236,5.05,5.07,5.53,-1.626,-6.03,0.3176,4.586,8.09,-3.363,-0.4638,1.814,2.405,3.216,-9.759,-3.076,-7.557,3.711
352,1.01,1.878,-2.257,0.8298,1.406,-2.714,1.13,1.15,5.229,0.9473,-3.371,-2.029,-14.92,0.3378,6.597,4.547,1.4,-7.237,-4.08,-1.461,2.118,0.984,0.293,14.55,3.934,-1.867,-4.435,-2.273,3.129,-4.719,0.6414,-1.002,-1.464,0.6543,-1.591,-0.6586,6.27,6.007,-0.3735,-1.853,1.746,5.05,5.07,4.16,-4.484,-6.93,-0.5253,4.116,10.4,-1.985,-3.897,0.7009,2.055,3.02,-9.044,-4.003,-7.662,2.092
353,1.01,1.241,-2.43,4.635,1.033,-1.114,1.13,1.15,1.556,1.539,-2.604,-1.88,-15.68,2.68,5.272,4.206,0.8321,-6.436,-3.236,-5.064,0.7932,3.182,0.1078,10.89,4.2,-1.845,-0.9369,-1.994,0.7613,-1.833,-2.611,0.8908,-0.1259,1.635,-1.974,-1.723,5.325,2.939,0.8884,-0.9985,1.391,5.05,5.07,2.499,-0.8629,-3.238,0.2178,4.634,6.009,-2.884,-2.357,2.099,2.053,2.042,-11.7,-3.512,-1.966,3.165
354,1.01,2.343,1.407,3.376,2.524,-2.942,1.13,1.15,4.658,0.1298,-4.544,-5.081,-14.71,2.633,9.058,5.866,0.3037,-9.238,-5.734,-0.8967,-0.0424,0.3454,-1.944,14.5,3.396,1.533,-2.731,-2.831,-0.3439,-2.616,5.535,-0.2074,0.4305,-1.448,-3.647,-0.7445,6.734,4.85,2.145,-4.074,0.6647,5.05,5.07,4.216,-1.958,-5.828,-0.8701,2.405,9.031,-3.799,-2.87,0.5304,2.679,1.43,-9.603,-6.606,-7.289,4.043
355,1.01,5.533,1.659,3.772,2.405,2.069,1.13,1.15,2.803,-0.336,-0.6863,-3.529,-16.73,0.1516,6.419,5.864,2.257,-5.498,-3.75,-1.419,0.7721,1.554,0.8,11.6,2.248,-0.8087,-3.288,-1.276,1.287,-4.063,-1.628,-1.951,2.364,2.155,-3.01,-2.334,5.803,5.932,5.172,-2.437,0.7008,5.05,5.07,2.384,-1.833,-6.88,0.4992,4.007,9.403,-3.487,-1.875,3.224,1.69,-0.1793,-10.41,-3.348,-5.706,2.638
356,1.01,-0.1306,-0.8284,5.383,3.33,-1.05,1.13,1.15,4.95,1.944,-2.636,-2.837,-14.73,3.85,5.3,5.335,0.3865,-7.494,-5.401,-5.076,3.494,0.955,-2.803,10.77,1.553,-2.096,-1.356,0.9993,1.001,-1.656,0.4612,1.246,-0.0852,0.4293,-1.599,-1.618,5.831,4.818,0.7109,-3.807,-0.397,5.05,5.07,3.573,-0.573,-5.098,-2.383,3.593,9.185,-3.338,-2.182,2.421,3.705,0.9645,-10.8,-5.896,-4.67,2.554
357,1.01,5.028,2.356,3.487,0.2031,-1.064,1.13,1.15,5.474,0.7002,-3.108,-4.028,-16.84,2.532,4.801,5.407,1.924,-7.427,-4.291,-2.073,-0.3419,-1.249,-0.9132,14.5,5.42,0.9773,-3.983,-1.184,0.5057,-0.5145,1.314,0.9945,-2.673,-1.414,-4.078,-0.2498,7.494,2.924,3.602,-3.98,2.346,5.05,5.07,1.391,-2.544,-5.418,-2.211,1.84,9.403,-5.056,-1.516,2.379,4.602,2.472,-11.31,-5.1,-5.008,3.624
358,1.01,4.492,-1.758,1.003,-1.965,-0.6349,1.13,1.15,0.2453,-0.5742,-4.092,-4.276,-16.43,-1.222,4.076,5.662,1.393,-6.829,-3.456,-2.775,-0.7545,-0.7993,0.7592,11.94,4.206,-0.9799,-4.796,-0.8271,1.969,-0.9632,-0.6859,-0.9762,0.6913,-0.9553,-2.703,-2.965,4.677,4.187,2.105,-1.664,-0.221,5.05,5.07,4.341,-1.341,-5.123,2.292,2.962,6.515,-1.725,-4.332,1.629,2.978,3.704,-7.869,-3.673,-4.919,1.742
359,1.01,2.726,0.7931,3.561,0.3314,0.8627,1.13,1.15,2.368,2.964,-2.016,-2.986,-14.85,2.919,4.196,5.343,-0.4936,-6.644,-2.835,-5.106,1.435,2.647,-2.362,12.74,2.309,1.467,-2.342,1.013,1.671,-2.217,1.241,-1.078,-1.07,0.6485,-0.3047,-1.871,5.941,5.12,2.592,-1.246,2.156,5.05,5.07,4.359,-4.632,-4.301,0.0755,1.9,8.156,-1.243,-1.739,3.965,3.905,1.486,-9.171,-6.541,-0.9095,3.257
360,1.01,1.421,1.742,4.42,-1.014,-1.671,1.13,1.15,4.408,-0.3452,-2.36,-4.321,-16.82,0.7453,4.864,7.838,-1.543,-7.858,-4.27,-1.431,4.126,0.2615,-3.042,14.43,3.626,-2.145,-3.897,-2.172,1.95,-0.5887,0.21,1.646,0.1183,-1.761,-0.7572,-2.309,6.444,7.484,0.8529,-3.934,-0.6657,5.05,5.07,4.186,-4.117,-4.207,0.5767,3.168,9.212,-2.893,-2.902,2.948,4.742,2.658,-9.869,-3.699,-6.101,3.631
361,1.01,3.91,-3.533,3.723,-1.747,-1.142,1.13,1.15,1.699,0.8616,-2.79,-3.659,-18.64,0.4994,5.036,5.982,1.063,-6.141,-4.903,-2.153,-0.4615,0.9725,-1.202,11.86,2.847,-0.5157,-2.068,-2.207,2.24,-0.8439,1.188,-0.4139,1.062,0.9333,0.2218,-2.286,5.807,3.528,3.87,-1.867,1.98,5.05,5.07,1.692,-4.672,-3.771,-0.5897,4.869,4.528,-1.064,-3.488,0.5777,1.077,2.398,-7.075,-4.01,-2.493,3.22
362,1.01,0.4687,-1.891,4.442,-1.589,-0.0664,1.13,1.15,4.336,0.4285,-2.516,-5.391,-15.44,3.534,5.236,4.27,1.902,-7.015,-4.927,-4.376,3.35,-0.4301,-3.481,14.26,3.804,0.1743,-0.5993,-0.6503,1.63,-0.53,-0.7105,-1.197,-1.838,0.3519,0.9162,0.5879,6.679,5.573,2.899,-0.2948,4.415,5.05,5.07,5.399,-3.647,-3.487,0.477,2.379,8.118,1.501,-4.15,1.455,4.299,2.33,-11.25,-6.99,-5.522,4.216
363,1.01,1.249,0.3132,4.515,-1.644,-1.487,1.13,1.15,5.264,1.372,-3.303,-5.112,-18.38,2.321,7.202,4.948,1.907,-7.285,-4.647,-0.5495,2.59,0.5827,-0.5064,13.08,3.043,0.2273,-2.297,-4.323,1.512,-4.58,-2.173,1.179,0.6188,-0.8242,-5.246,-2.563,6.223,5.62,2.553,-1.594,-0.105,5.05,5.07,4.949,-4.247,-3.051,0.1961,4.796,7.562,-4.195,-4.848,3.111,2.745,1.445,-8.716,-4.197,-6.576,2.041
364,1.01,2.386,-2.143,4.905,-0.8744,0.9911,1.13,1.15,3.326,2.33,-2.101,-2.489,-15.22,1.492,3.851,5.402,1.462,-7.699,-4.817,-3.465,-0.1281,-1.156,1.959,15.87,2.916,0.3268,-2.054,-0.3354,3.462,-2.372,-5.018,-0.6596,0.3905,1.116,-2.582,-0.2477,5.943,5.688,0.9307,-2.32,1.905,5.05,5.07,3.209,-3.168,-1.448,-0.5517,5.388,7.972,0.161,-3.851,3.264,2.6,1.944,-8.44,-2.162,-6.685,1.432
365,1.01,1.291,-0.5875,4.614,2.643,-3.412,1.13,1.15,3.924,-0.0948,-1.408,-3.383,-13.47,3.686,5.518,6.362,2.655,-7.142,-1.207,-4.746,3.731,1.814,-2.156,11.53,4.838,1.132,-1.231,-1.193,0.0349,-1.086,1.504,0.9538,2.54,-1.022,-2.358,-1.259,5.311,4.472,1.063,-3.025,0.5972,5.05,5.07,6.245,-1.724,-4.502,-1.493,3.445,7.507,-3.188,-2.448,3.568,1.851,2.898,-9.091,-5.563,-3.703,2.76
366,1.01,1.645,0.3447,4.754,0.7916,-3.369,1.13,1.15,3.892,-0.646,-1.008,-5.444,-17.58,1.697,5.137,6.629,3.328,-7.421,-2.078,-0.7505,2.182,-0.0218,0.0318,15.56,3.394,0.3867,-3.341,-3.393,2.91,-4.318,3.489,2.917,1.473,-1.785,-2.194,0.3578,6.475,4.905,3.212,-5.226,1.955,5.05,5.07,4.345,-5.676,-6.358,-1.223,5.497,9.314,-5.164,-2.17,0.4985,5.394,2.606,-8.398,-4.241,-7.97,3.561
367,1.01,2.438,-1.881,3.211,4.182,0.7086,1.13,1.15,4.378,4.074,-1.304,-5.168,-16.55,2.481,2.866,7.278,2.159,-5.274,-4.137,-4.71,-0.1009,3.815,-0.7422,10.49,3.108,-0.1752,-3.366,-1.058,1.759,-0.6061,-2.132,1.278,2.26,-1.113,-0.3599,-2.263,4.755,4.039,0.2276,-4.075,2.314,5.05,5.07,4.303,-5.276,-6.149,-0.1945,2.161,10.0,-0.7354,-1.733,1.337,3.357,3.679,-9.381,-3.543,-1.645,4.485
368,1.01,0.604,-1.237,4.786,0.4357,-0.4304,1.13,1.15,3.892,0.0092,-4.41,-3.37,-14.31,0.5059,6.757,4.818,-1.025,-6.955,-1.682,-2.831,2.842,2.641,-0.4504,13.05,1.963,4.784,-2.585,-2.239,-1.82,-0.9527,0.2236,-0.911,-0.3165,-1.291,-1.247,-1.245,7.406,4.208,2.031,-2.096,0.4305,5.05,5.07,5.022,-6.762,-3.793,1.534,5.006,8.626,0.8572,-1.371,3.139,1.974,1.172,-10.41,-2.857,-3.998,1.68
369,1.01,2.08,-3.329,4.571,-1.38,-0.6563,1.13,1.15,4.648,0.3347,-1.756,-3.17,-17.43,1.012,4.066,6.788,1.378,-7.103,-2.97,-4.449,-0.6938,-0.7037,-2.02,12.9,4.28,0.2154,-3.407,-3.303,1.236,-1.668,3.313,1.731,0.8131,-1.716,-1.324,-1.838,7.607,6.264,3.291,-2.657,2.112,5.05,5.07,3.194,-1.959,-3.44,-2.111,4.991,6.271,-3.042,-3.605,2.709,5.136,3.562,-8.833,-5.404,-7.979,3.114
370,1.01,1.609,-2.938,4.459,1.932,-0.9798,1.13,1.15,0.3447,0.4571,-2.387,-3.078,-17.06,2.671,4.41,6.634,1.227,-6.764,-3.317,-3.91,0.2663,4.194,-0.8371,11.58,0.8227,0.8983,-3.518,0.9639,2.236,-0.5047,-2.353,-0.5979,2.677,-0.9188,-0.7584,0.9126,4.971,2.673,1.385,-4.431,1.187,5.05,5.07,2.189,1.053,-5.317,-0.2525,4.086,5.819,-2.609,0.2356,1.669,4.262,1.636,-8.365,-3.022,-4.533,3.251
371,1.01,2.607,-0.3713,4.174,-0.2602,-1.706,1.13,1.15,3.92,1.783,-4.155,-2.915,-17.08,1.936,3.541,7.505,0.6075,-6.179,-1.37,-2.712,-0.5974,1.015,2.47,13.2,3.909,0.8952,-2.295,-1.659,-0.7767,-1.748,0.5733,1.13,-0.1957,0.5876,-3.739,-0.0629,7.715,2.716,1.843,-1.229,0.5359,5.05,5.07,4.929,0.8534,-4.782,-0.4257,5.741,7.908,-4.886,-2.147,1.975,2.142,1.315,-9.397,-4.627,-3.421,2.935
372,1.01,5.835,0.2618,5.792,-1.001,0.6897,1.13,1.15,4.373,0.7769,-3.034,-4.581,-17.27,1.348,5.282,6.934,-0.4098,-8.094,-3.384,-1.79,-1.088,-1.319,-2.226,14.85,3.828,-0.4147,-3.802,-4.304,2.871,-2.913,-0.363,0.9765,1.729,-1.206,-4.141,-2.387,6.254,6.066,3.978,-2.043,0.1962,5.05,5.07,3.568,-6.886,-4.42,-1.263,5.502,6.832,-1.775,-1.751,1.567,3.435,3.139,-8.215,-5.654,-3.317,0.8951
373,1.01,2.296,-0.4564,1.524,2.825,0.7021,1.13,1.15,2.17,-0.322,-2.396,-2.521,-14.3,0.7931,5.364,7.387,0.3355,-6.827,-3.415,-2.719,2.557,3.632,-1.136,13.91,2.891,-0.1905,-4.968,-0.6937,1.469,-2.578,2.47,0.4978,-0.1828,2.663,-0.3116,-1.1,7.163,2.446,0.713,-1.671,4.164,5.05,5.07,4.251,-2.571,-4.214,-1.088,3.921,5.474,-1.442,-0.9409,0.8976,0.9176,1.044,-9.168,-1.469,-4.901,1.551
374,1.01,1.881,3.183,6.189,-2.99,-2.276,1.13,1.15,3.379,2.279,-3.232,-3.322,-16.75,3.336,7.29,4.659,1.242,-6.194,-2.87,-4.888,1.563,1.303,-4.032,14.92,6.005,1.29,-2.085,-2.006,1.178,-1.934,3.826,0.3802,-0.2613,-1.396,-2.21,-0.4386,5.474,6.75,2.483,-2.684,0.5038,5.05,5.07,8.117,-2.822,-7.442,1.437,2.287,7.624,-5.257,-3.986,3.292,4.878,2.629,-10.21,-5.857,-8.938,1.952
375,1.01,3.48,2.143,2.447,-2.564,-2.495,1.13,1.15,4.084,-1.361,-3.205,-3.159,-16.73,0.5219,5.654,6.746,1.031,-6.287,-7.608,-3.988,0.3243,2.621,1.819,14.38,1.51,-1.321,-4.69,-2.419,1.499,-2.499,-2.163,1.615,1.887,0.7151,-5.542,-1.874,6.53,4.78,3.563,-3.087,-0.4785,5.05,5.07,4.228,-6.279,-7.344,2.8,4.324,9.621,-1.539,-4.137,1.139,1.719,1.055,-7.905,-4.574,-12.58,2.415
376,1.01,-0.7319,-2.836,6.746,3.072,-0.4288,1.13,1.15,3.44,0.3593,-1.069,-2.659,-16.63,1.107,1.686,5.022,0.3974,-3.912,-3.679,-1.488,1.626,1.851,0.0927,13.27,2.834,-0.7904,-3.594,-0.491,2.742,-0.0255,3.638,-0.3601,0.3486,2.52,0.4637,-0.8408,6.073,3.953,-0.0748,-0.1711,3.273,5.05,5.07,4.431,-3.511,-3.942,0.6365,5.011,9.522,-2.921,0.1762,0.846,0.7234,2.843,-8.275,-4.044,-2.645,4.465
377,1.01,0.78,0.9387,5.349,1.315,-0.129,1.13,1.15,4.279,1.928,-3.446,-3.532,-16.59,3.244,5.645,5.442,0.643,-6.33,-3.077,-2.825,0.8694,-2.276,-1.146,13.44,3.73,2.038,-2.537,-3.624,-0.4786,-1.66,1.334,1.275,2.085,0.3962,-2.299,-0.085,8.424,5.188,4.11,0.0239,0.3954,5.05,5.07,3.817,-6.146,-4.579,-2.342,2.974,8.2,-1.858,-4.674,4.134,3.204,1.126,-9.792,-2.866,-6.634,2.177
378,1.01,4.283,0.9487,0.9917,0.7681,-0.0982,1.13,1.15,2.239,0.3913,-0.3021,-5.103,-16.31,1.412,7.254,4.833,-0.7791,-4.461,-4.828,-4.132,-1.088,0.8457,1.696,13.56,2.993,-0.079,-4.325,-1.75,1.919,-2.613,-1.025,2.246,1.486,0.271,-1.873,0.1432,6.645,5.391,2.162,-5.25,-0.2328,5.05,5.07,5.84,-3.052,-6.024,-0.4123,4.006,9.724,-2.988,-7.104,2.89,1.959,2.119,-9.801,-3.569,-1.877,3.548
379,1.01,1.197,-0.9563,2.986,2.675,0.5312,1.13,1.15,4.033,2.735,-2.036,-1.713,-15.5,4.613,5.654,5.722,0.297,-4.2,-3.13,-4.18,2.302,3.136,-0.5767,13.27,4.812,2.191,-3.61,-1.641,-1.156,0.8087,0.1225,-0.2964,1.656,1.493,-0.999,-0.7472,5.504,4.719,2.855,-0.5594,2.647,5.05,5.07,2.229,-3.827,-2.293,0.4379,3.676,9.082,-0.6813,-4.434,1.166,1.748,2.671,-8.289,-3.343,-3.612,-0.3127
380,1.01,2.534,-0.4601,4.738,0.4586,0.3123,1.13,1.15,3.689,1.188,-5.935,-2.677,-15.77,2.498,4.547,4.77,0.2074,-7.618,-4.571,-3.673,0.4946,-2.49,-2.508,16.1,2.384,0.6476,-0.956,-4.742,0.3544,-0.6613,-1.021,-1.202,0.4201,-2.302,-2.877,-0.8658,6.781,4.418,1.408,-4.138,4.304,5.05,5.07,7.442,-0.2662,-4.699,0.7319,4.333,12.1,-2.175,-4.115,3.47,3.989,1.962,-10.46,-5.307,-5.309,4.273
381,1.01,4.502,-0.4885,4.291,-0.5799,-0.6832,1.13,1.15,2.681,-0.8109,-3.001,-4.962,-15.7,2.659,6.912,6.674,0.1249,-7.631,-4.598,-3.906,2.62,-0.5376,0.4089,14.42,4.462,0.3779,-5.222,-0.9453,3.373,-3.74,0.6001,1.937,0.9147,1.846,-0.2933,-3.262,6.672,3.248,2.344,-2.431,2.695,5.05,5.07,5.572,-4.638,-4.654,-2.355,5.929,8.332,-3.681,-0.6909,1.173,4.368,3.916,-8.749,-4.861,-5.269,1.894
382,1.01,-1.001,-3.279,3.433,2.482,-0.7443,1.13,1.15,2.85,-0.5652,-0.6167,-4.7,-15.9,3.18,6.662,7.473,-0.2712,-5.485,-2.831,-3.936,2.162,3.517,0.8124,12.41,0.3911,0.9517,-3.395,-0.4021,-0.2731,-0.3395,-1.425,-0.515,-0.4655,1.248,-2.034,-0.2362,5.093,3.401,2.284,-0.9111,1.793,5.05,5.07,4.937,-2.625,-5.442,1.317,3.865,6.691,-2.669,-0.0951,1.031,1.644,0.6639,-11.57,-2.193,-1.904,2.735
383,1.01,1.752,-1.016,5.933,0.83,-0.9835,1.13,1.15,3.133,1.934,-3.929,-2.772,-14.76,2.434,6.434,5.63,1.645,-8.027,-5.792,-4.401,0.5519,0.8917,-0.9968,14.42,4.992,1.338,-2.247,-3.3,0.1063,-3.866,4.763,-0.6874,-1.72,-0.0566,-3.777,0.0521,8.116,4.786,0.9141,-2.62,-1.654,5.05,5.07,7.487,-2.477,-4.61,-1.284,5.212,7.055,-3.297,-4.285,2.288,3.428,0.907,-10.06,-5.812,-2.249,3.036
384,1.01,3.544,-1.254,2.435,0.2626,-1.283,1.13,1.15,1.21,0.9399,-2.007,-3.249,-18.04,1.232,6.106,7.513,1.334,-6.575,-6.215,-0.3573,1.715,1.734,2.551,13.45,2.332,0.9312,-4.249,-0.1502,-1.018,-1.843,-2.542,-0.9274,1.038,0.7578,-3.828,-2.063,6.119,5.413,1.923,-3.155,0.3259,5.05,5.07,4.263,-3.248,-7.243,0.3177,4.381,8.106,-2.02,-3.645,-0.4884,2.175,2.207,-9.042,-2.613,-8.286,3.534
385,1.01,0.9703,-4.049,4.964,2.044,-1.208,1.13,1.15,2.762,1.489,-1.705,-4.745,-11.64,3.765,6.163,3.945,1.509,-7.533,-3.224,-3.552,-1.416,4.19,1.45,10.68,1.842,-0.6426,-1.476,-2.427,1.993,-1.578,1.18,0.5375,0.6987,0.1626,-2.656,-1.553,5.673,2.13,2.05,-0.7057,2.07,5.05,5.07,3.351,1.537,-4.154,-0.0285,4.389,7.113,-3.04,-5.032,2.961,2.923,2.182,-10.58,-3.404,-5.783,3.217
386,1.01,2.583,-1.254,5.677,-2.644,-1.923,1.13,1.15,4.675,-0.3204,-5.571,-4.992,-15.75,2.629,7.634,5.678,0.5734,-7.479,-4.916,-1.886,0.7395,-0.4009,-2.146,15.07,4.912,0.8155,-2.793,-1.983,-0.9797,-0.49,1.165,2.077,-1.561,-0.8109,-2.154,0.0886,7.101,8.955,4.038,-1.713,0.0545,5.05,5.07,4.0,-1.976,-5.733,-3.323,2.06,7.795,-3.132,-4.586,2.274,4.909,2.709,-9.206,-5.658,-6.792,2.286
387,1.01,4.231,1.1,7.222,2.404,-0.8609,1.13,1.15,5.984,-1.148,-2.54,-3.719,-17.35,0.8483,4.495,9.577,2.895,-6.025,-4.709,-2.745,-0.1291,2.265,-2.312,15.12,1.405,0.1949,-2.675,-3.529,2.425,-4.125,-1.878,-0.6429,1.086,3.874,-4.225,-1.667,6.565,4.165,4.711,-1.872,0.0166,5.05,5.07,4.709,-3.783,-3.56,-0.2022,5.436,12.62,-3.319,-2.789,0.8964,2.931,3.184,-9.996,-4.113,-6.748,2.836
388,1.01,3.246,-3.659,4.489,1.14,1.454,1.13,1.15,0.8512,0.9377,-1.753,-1.826,-17.14,2.237,3.765,6.267,0.6751,-7.261,-4.144,-4.758,2.459,2.875,-1.167,13.54,1.925,1.142,-3.912,-1.412,1.785,0.3795,-1.301,-0.6635,1.241,0.2432,-0.435,-0.8731,5.411,3.853,2.249,-2.272,-0.1091,5.05,5.07,5.981,-2.271,-2.457,1.366,2.334,8.572,-2.798,-1.989,2.548,3.477,0.5458,-10.69,-5.183,-2.018,2.211
389,1.01,3.75,-0.4306,2.787,-0.1946,-2.266,1.13,1.15,2.645,1.701,-3.099,-4.387,-17.37,3.95,7.843,5.948,-0.346,-7.939,-5.292,-4.729,1.555,0.5154,-2.459,13.4,1.974,1.182,-4.109,-2.471,1.953,-1.4,0.8678,0.7483,-2.279,0.4161,-2.218,-1.91,6.507,5.989,3.305,-1.96,1.401,5.05,5.07,3.936,-0.3636,-6.6,0.2981,3.881,7.076,-3.721,0.5838,1.54,5.53,1.962,-9.691,-4.709,-3.619,2.791
390,1.01,3.488,7.086,4.526,-0.1786,0.5327,1.13,1.15,5.931,0.2098,-1.359,-5.168,-16.61,2.037,4.879,4.715,1.112,-4.13,-5.842,-2.216,2.383,0.5769,-2.022,15.19,1.91,2.2,-2.634,-1.927,0.6571,-2.551,1.983,0.3174,1.38,-0.5064,-2.919,-2.319,4.656,5.338,3.817,-2.966,2.12,5.05,5.07,-0.1312,0.4234,-4.145,0.2695,4.226,7.927,-2.972,-2.093,1.35,1.778,0.4113,-8.492,-3.915,-4.383,-0.3157
391,1.01,1.034,0.6159,3.099,2.587,0.6868,1.13,1.15,3.701,1.463,-2.456,-4.202,-14.96,1.521,4.764,5.489,2.654,-8.21,-4.268,-0.8152,2.88,0.9889,0.0975,12.59,2.573,2.875,1.513,-0.3455,-0.9507,-1.989,2.034,0.4051,-1.154,0.5263,-1.62,-0.7582,5.406,4.221,0.86,-0.3954,-0.3952,5.05,5.07,1.868,-2.204,-4.936,-0.8763,3.578,6.971,-2.545,-4.986,2.174,2.479,0.9088,-11.18,-6.519,-4.861,1.861
392,1.01,1.297,1.569,2.12,-0.4161,0.1082,1.13,1.15,5.396,-0.6724,-3.013,-4.911,-16.99,4.167,4.116,7.876,0.8044,-7.855,-4.983,-3.592,0.7289,2.465,-0.3122,14.21,4.63,0.013,-4.779,-0.8402,0.9359,-0.8317,-1.493,0.009,1.16,0.8256,-4.479,0.1798,7.193,5.322,2.455,-1.685,1.658,5.05,5.07,4.41,-0.6812,-7.459,1.491,3.432,8.5,-1.758,-1.812,1.157,4.104,2.214,-9.949,-5.759,-7.916,3.25
393,1.01,2.398,2.357,3.54,1.961,1.177,1.13,1.15,2.677,0.0917,-3.46,-4.145,-16.21,3.317,5.109,4.931,2.656,-8.038,-2.777,-1.405,0.8964,2.164,-0.3617,12.42,2.631,-1.746,-3.247,-3.701,0.6633,-3.054,-2.96,-0.6103,0.7618,1.146,-2.503,-0.7119,5.335,6.038,3.33,-2.073,1.851,5.05,5.07,0.8893,-3.832,-4.664,0.8911,4.61,7.211,-2.059,-3.078,1.846,2.126,4.047,-9.6,-4.573,-2.405,2.55
394,1.01,1.569,0.1809,4.2,1.139,1.679,1.13,1.15,3.461,2.597,-1.204,-4.909,-14.72,3.224,5.524,5.435,1.791,-7.645,-2.487,-2.925,1.05,2.086,0.0874,12.11,1.889,0.6921,-1.602,-1.406,0.6683,-0.4007,2.101,-0.5089,0.0343,-1.075,-0.2651,0.3797,5.617,4.883,1.981,-0.3316,1.033,5.05,5.07,2.918,0.0198,-7.754,-0.9404,5.749,9.9,-2.75,-4.133,1.281,4.547,2.385,-9.955,-6.445,-2.818,5.457
395,1.01,3.322,-3.656,4.086,-0.621,-0.4302,1.13,1.15,3.067,2.448,-1.734,-3.223,-14.96,2.249,8.427,7.143,0.5573,-8.705,-5.697,-5.06,1.303,2.769,-0.9837,13.24,6.0,0.2544,-1.98,-4.546,1.233,-1.652,3.157,0.4646,0.956,-0.7683,-4.334,-1.848,5.99,6.235,1.209,-2.139,-1.325,5.05,5.07,7.24,0.6774,-5.676,-1.369,3.163,8.308,-4.688,-3.816,1.5,3.762,3.334,-10.92,-4.823,-5.913,4.286
396,1.01,3.475,-1.614,2.869,3.599,-1.79,1.13,1.15,3.357,0.0985,-1.753,-3.392,-17.15,-0.376,5.361,7.019,1.573,-5.335,-7.024,-2.248,-1.204,2.976,1.667,12.23,2.573,2.126,-3.394,-2.984,1.999,-0.3879,-3.03,-0.7435,2.013,2.344,-3.48,-1.52,5.273,4.263,2.311,-3.417,0.5575,5.05,5.07,1.314,-3.929,-6.009,1.378,4.331,10.07,-5.001,0.2416,0.6882,4.67,2.421,-9.963,-2.908,-6.444,1.342
397,1.01,0.8727,1.175,5.702,1.421,-1.001,1.13,1.15,5.139,-0.2727,-2.315,-3.774,-13.67,2.295,4.108,4.569,2.245,-7.109,-2.058,-3.71,3.714,0.9926,0.8199,15.13,1.593,-0.5113,-2.848,-0.2607,-0.4213,3.078,-0.0397,-2.835,1.859,-1.367,-0.8878,-0.1213,7.731,3.41,0.8287,1.38,-1.849,5.05,5.07,3.277,-2.582,-4.68,-0.1574,3.749,5.392,-2.268,-6.212,2.536,2.469,1.231,-9.266,-3.009,-2.503,4.712
398,1.01,2.916,2.287,3.764,0.7318,-1.732,1.13,1.15,1.117,0.7506,-4.697,-4.364,-19.02,2.971,4.624,4.766,0.3923,-6.998,-5.506,0.3015,0.8245,-0.6654,0.842,12.86,4.299,0.6007,-2.067,-3.696,3.346,-0.7745,-0.8979,-0.1631,3.923,0.4466,-2.872,-2.577,6.77,6.612,1.036,-1.839,1.117,5.05,5.07,5.66,-4.281,-5.578,-0.0464,5.039,12.13,-5.818,-4.734,1.689,4.044,1.781,-9.868,-5.375,-5.832,3.832
399,1.01,2.179,-2.619,5.832,0.7552,2.955,1.13,1.15,2.662,1.012,-0.5856,-1.856,-16.29,2.77,5.527,6.203,1.81,-6.869,-2.315,-2.985,0.8689,2.109,1.948,14.74,1.762,-0.0684,-3.253,-2.207,2.619,-3.419,0.1423,-0.6734,0.6863,0.6239,-2.892,-1.834,7.707,3.197,2.099,-3.468,2.909,5.05,5.07,3.671,-3.732,-4.904,0.466,5.483,7.14,-2.293,-3.181,2.152,1.12,1.613,-10.41,-4.277,-3.479,2.389
400,1.01,2.398,-1.982,5.068,1.577,-1.567,1.13,1.15,1.894,2.531,-3.979,-3.874,-15.78,3.24,5.664,4.284,0.8109,-6.094,-4.471,-3.564,1.782,2.073,0.3309,13.05,3.997,2.303,-3.269,-1.39,0.5087,-1.731,4.828,-0.1925,1.064,0.0297,-1.271,0.6687,6.998,4.416,5.321,-1.245,-0.6027,5.05,5.07,2.197,-5.26,-6.531,-2.09,2.828,5.672,-3.787,-0.6513,1.242,5.515,-0.2884,-10.26,-2.976,-3.215,3.626
401,1.01,3.138,-1.869,3.871,0.9345,0.2225,1.13,1.15,5.087,1.574,-2.648,-5.164,-16.53,2.033,6.661,4.022,2.711,-7.594,-3.802,-3.879,2.533,-0.1315,1.54,11.91,3.007,1.094,-4.687,-2.61,1.406,-1.039,-2.434,1.111,-0.7002,-1.074,-4.616,-2.777,6.394,4.536,4.087,-2.665,1.751,5.05,5.07,5.794,0.0519,-6.378,-1.57,5.193,9.349,-0.8544,-4.174,2.807,3.099,1.775,-9.027,-3.584,-7.12,3.67
402,1.01,3.289,-1.234,1.926,1.899,0.7115,1.13,1.15,2.009,-0.2236,-2.511,-2.121,-18.87,1.707,6.041,7.72,1.326,-5.773,-1.907,-3.123,0.4152,1.602,-0.5246,15.76,5.086,2.339,-5.282,-0.8321,2.768,0.2959,-0.4008,1.697,4.831,2.045,-4.492,-0.3835,5.664,6.537,4.08,-2.821,-0.0934,5.05,5.07,2.03,0.4068,-4.656,-0.9401,6.329,6.967,-1.412,-3.647,0.7151,3.971,1.202,-11.15,-2.114,-6.672,3.264
403,1.01,0.7146,5.012,4.364,0.8818,0.47,1.13,1.15,1.548,-1.044,-2.247,-3.875,-15.24,3.638,4.035,4.596,2.645,-6.683,-6.162,-3.587,1.865,1.191,-1.075,16.14,2.694,1.715,-2.577,-4.554,0.7251,-1.576,0.6772,0.0247,0.8265,-0.6294,-0.8961,0.4518,6.629,5.917,2.716,-2.377,2.745,5.05,5.07,5.221,-1.551,-4.599,-1.32,4.362,6.898,-2.46,-4.798,2.021,4.56,0.4347,-10.46,-6.298,-3.427,4.4
404,1.01,3.964,2.179,3.693,0.5001,-0.8789,1.13,1.15,3.623,0.2734,-2.123,-4.966,-18.01,1.979,6.593,6.962,1.574,-6.942,-5.801,-1.808,-0.5073,1.087,0.9212,15.21,3.916,0.1136,-3.492,-2.431,-0.1394,-4.26,-0.2011,1.658,-0.3415,1.38,-5.865,-0.8531,4.859,4.194,4.907,-2.796,0.5094,5.05,5.07,3.826,0.4421,-5.755,-1.401,6.401,11.85,-3.02,-2.191,1.521,3.388,3.636,-9.651,-4.392,-5.544,2.215
405,1.01,1.376,-2.954,2.577,-0.1355,-0.6407,1.13,1.15,3.787,-0.7646,-1.312,-2.731,-15.98,0.1221,3.485,4.677,1.794,-6.622,-5.211,-5.158,1.77,2.152,-0.5445,12.84,1.47,1.298,-3.357,-3.293,2.091,-2.633,-1.76,1.517,-1.067,0.1942,-2.148,-1.306,6.486,5.449,2.124,-0.7214,2.651,5.05,5.07,5.568,-2.804,-3.628,-1.01,2.897,12.45,0.7854,-1.966,3.27,3.884,2.717,-9.712,-2.927,-3.34,1.501
406,1.01,2.307,-0.2667,7.172,1.918,-2.024,1.13,1.15,5.279,3.034,-5.074,-5.669,-17.87,4.52,4.095,5.423,-0.5497,-6.21,-1.992,-4.971,1.542,1.173,-1.978,13.64,3.63,0.2058,0.7961,-1.807,-0.3098,-2.215,4.64,-0.6055,-0.6766,0.0012,-1.995,-0.4184,7.985,2.296,2.413,-2.88,1.813,5.05,5.07,3.511,1.324,-4.611,-1.443,2.542,10.73,-5.102,-4.614,0.4337,4.115,1.192,-10.34,-5.939,-7.528,4.913
407,1.01,2.874,-0.4455,2.448,0.5439,-0.3421,1.13,1.15,3.424,0.5123,-1.199,-2.443,-15.67,2.953,4.635,5.535,1.231,-6.424,-4.562,-2.04,-0.4019,-0.3788,1.048,15.84,3.951,-0.0422,-3.156,-4.721,-1.02,-1.848,-0.2745,3.177,0.4586,-1.231,-1.726,-2.928,6.883,5.834,4.748,-3.258,1.021,5.05,5.07,3.656,-2.2,-3.571,-1.347,7.16,5.733,-3.141,-2.346,3.283,2.887,3.89,-7.005,-2.952,-6.544,2.848
408,1.01,0.3226,0.0794,5.948,1.601,1.616,1.13,1.15,2.459,0.2579,-2.52,-3.243,-17.38,2.262,6.172,8.532,-0.8324,-6.299,-0.8272,-5.054,2.986,1.881,-1.778,12.12,1.058,0.781,-2.062,-1.931,1.085,-1.721,0.5311,-0.6527,-0.6945,0.6172,-2.86,-0.307,5.03,4.612,2.825,0.9126,3.251,5.05,5.07,3.902,-2.931,-3.957,2.287,4.321,11.32,-2.957,-3.607,2.076,1.199,1.209,-10.12,-2.865,-7.428,1.042
409,1.01,3.725,1.282,4.932,-0.4481,0.9029,1.13,1.15,2.571,-0.653,-3.547,-5.464,-17.15,4.889,6.304,7.112,-0.5179,-8.58,-3.568,-3.912,-0.0356,-1.333,-2.989,13.77,4.51,0.6237,-1.601,-3.996,-0.4316,-0.8312,-2.352,1.118,0.0929,-0.3348,-3.163,0.1586,8.741,5.59,3.531,-2.822,5.55,5.05,5.07,4.443,0.8415,-5.806,-0.576,3.306,6.434,-4.901,-2.138,3.178,4.961,1.076,-12.39,-5.936,-6.903,2.087
410,1.01,4.533,4.543,3.675,1.993,0.919,1.13,1.15,3.87,-0.5844,-1.748,-4.676,-17.9,2.881,7.583,7.538,1.282,-6.873,-3.619,-1.921,0.4315,3.48,-0.4583,15.3,5.224,0.1466,-2.596,-4.024,1.368,-1.051,-1.133,1.025,0.6894,-0.5207,-3.862,-1.633,4.82,4.886,3.804,-2.075,0.2246,5.05,5.07,4.227,-3.094,-6.691,-0.714,6.616,9.108,-1.021,-4.398,2.49,5.564,2.651,-9.775,-5.054,-6.159,2.868
411,1.01,-0.3302,0.8144,3.072,1.453,-2.178,1.13,1.15,3.622,1.243,-1.616,-4.618,-16.09,2.855,6.094,3.819,0.7247,-5.644,-3.452,-3.783,2.219,1.728,-0.7562,14.55,3.459,-1.282,-3.22,-0.7187,0.6945,-0.7602,0.2396,-0.1156,-0.0495,1.795,-1.9,-1.869,7.731,3.494,1.582,-1.39,3.654,5.05,5.07,4.371,-2.058,-5.602,2.933,3.047,7.606,-1.461,-1.213,0.9312,-1.281,0.4134,-10.1,-4.83,-1.778,2.571
412,1.01,1.98,-1.058,5.013,-0.3182,-1.545,1.13,1.15,5.055,3.791,-3.993,-5.513,-16.28,3.069,8.021,4.66,0.3049,-8.968,-3.269,-3.301,0.7584,4.925,-0.1911,12.57,3.815,1.402,-1.381,-3.127,0.4376,-1.328,2.359,0.4226,-0.0874,0.6237,-2.177,-1.027,7.463,5.466,3.851,0.1871,1.95,5.05,5.07,5.13,-2.068,-7.038,-0.9686,3.946,8.3,-4.498,-3.562,3.025,4.902,-0.2039,-10.26,-4.013,-4.056,2.884
413,1.01,0.885,-3.624,3.15,-0.1435,0.0718,1.13,1.15,4.298,-0.6078,-3.821,-4.84,-18.05,1.905,4.681,7.371,3.787,-6.27,-4.801,-2.325,1.033,3.862,-0.3617,14.44,1.546,-0.3997,-1.747,-1.914,2.855,-1.15,2.647,-1.444,1.684,0.3724,-4.626,-2.293,6.231,6.659,3.245,-4.976,0.6718,5.05,5.07,2.897,-2.117,-6.287,-1.148,4.298,10.43,-4.746,-3.424,1.784,2.634,4.368,-9.592,-5.387,-2.347,1.171
414,1.01,2.857,2.091,6.457,2.518,-0.7535,1.13,1.15,2.65,0.6745,-3.15,-4.437,-18.28,1.463,6.197,5.328,-0.1217,-6.76,-4.552,-3.598,1.143,2.198,-1.529,12.9,0.4558,-1.274,-4.314,0.0814,1.389,-3.927,-0.2022,-1.991,1.088,-0.0203,-2.058,-1.29,6.499,5.791,1.572,-1.019,-0.3392,5.05,5.07,1.677,-3.404,-7.018,-2.92,5.614,6.242,-4.138,-3.302,1.547,0.3008,1.062,-9.932,-5.983,-5.789,3.634
415,1.01,2.046,1.767,5.889,1.518,0.8916,1.13,1.15,5.283,-0.3943,-1.922,-1.705,-16.87,1.575,6.158,6.912,0.3688,-7.995,-4.332,-2.519,1.431,0.4217,-0.1222,13.91,6.014,1.581,-0.9951,-2.976,1.228,-3.576,3.272,1.835,2.263,0.0449,-5.083,-0.7509,8.458,5.294,1.975,-0.4331,0.7118,5.05,5.07,4.797,1.563,-2.815,-0.4195,2.694,9.999,-3.93,-4.447,2.88,5.825,-1.005,-9.188,-4.508,-5.738,2.283
416,1.01,2.518,-1.365,3.218,0.2245,-1.436,1.13,1.15,4.768,0.7208,-2.853,-3.033,-16.62,3.199,6.397,7.164,2.474,-6.465,-2.708,-1.873,1.934,1.804,-1.199,16.92,3.226,-1.136,-2.279,-3.075,1.584,-0.5528,1.587,-0.7994,0.3768,-0.6713,-2.339,-2.071,6.788,5.38,3.712,-5.711,0.7762,5.05,5.07,4.675,-2.743,-5.156,-1.31,2.666,9.607,-2.011,-3.08,3.221,4.052,2.836,-9.943,-6.113,-6.988,3.109
417,1.01,3.58,-4.23,5.818,0.7815,-1.071,1.13,1.15,3.699,2.512,-1.57,-3.996,-16.44,3.489,4.407,6.849,0.9557,-6.769,-5.564,-3.696,1.163,2.135,-2.35,10.3,3.105,0.5399,-3.216,-3.683,2.313,-1.32,1.061,0.6478,0.8717,-0.2524,-1.555,-1.185,6.728,4.244,-0.5432,-1.226,1.854,5.05,5.07,4.239,0.5841,-3.277,-1.073,2.093,7.482,-1.247,-4.162,2.738,4.021,0.9864,-10.58,-6.197,-5.133,2.182
418,1.01,1.305,-5.099,4.106,0.5751,-0.9054,1.13,1.15,4.378,0.1443,-2.998,-4.247,-16.18,2.561,7.961,8.094,-0.3895,-7.887,-5.075,-2.89,0.3348,-0.3852,-0.6764,10.88,5.421,-1.072,-5.165,-2.047,1.502,0.4807,-2.494,0.8732,1.754,0.8358,-2.422,-1.153,7.465,7.711,2.89,-2.302,2.316,5.05,5.07,5.08,-2.21,-4.888,-0.4725,3.915,6.453,-5.63,-0.4022,1.329,3.755,1.607,-11.31,-5.925,-2.757,1.731
419,1.01,4.357,-4.006,4.452,-0.0502,-0.1657,1.13,1.15,2.478,1.218,-3.554,-3.562,-18.68,1.421,7.907,6.637,0.9033,-5.613,-6.278,-1.972,2.088,1.083,-0.3828,14.62,3.979,-1.185,-4.404,-2.236,2.945,-1.264,-0.1521,0.2488,-0.8016,-1.334,-1.349,-1.297,6.702,5.452,5.082,-2.728,0.9544,5.05,5.07,4.092,-2.313,-6.722,1.611,6.11,10.74,-4.074,-0.839,-0.6145,2.236,1.62,-9.23,-4.24,-6.579,2.477
420,1.01,2.611,0.1086,2.734,-0.1769,0.3555,1.13,1.15,1.419,-0.0794,-2.685,-0.2055,-16.26,3.521,5.966,4.117,0.1202,-5.905,-4.237,-7.038,1.928,2.686,-1.91,12.87,4.211,-0.6153,-1.5,-2.122,1.046,-2.244,-3.033,-1.35,0.4738,-1.21,-1.017,-0.8205,6.935,2.307,2.511,0.7591,1.125,5.05,5.07,1.937,1.658,-3.567,1.087,3.407,10.77,-4.605,-3.726,1.652,1.724,1.869,-11.9,-3.216,-3.665,2.863
421,1.01,1.464,-3.843,4.837,-0.4661,-1.982,1.13,1.15,3.64,0.814,-3.47,-4.166,-15.41,4.052,6.157,5.814,1.111,-7.795,-3.825,-2.443,1.684,3.301,-1.502,14.53,2.391,1.101,-3.548,-1.09,-0.9202,-1.808,-0.2271,-0.0618,2.408,0.4871,-0.9073,-0.7282,5.778,6.354,3.575,-3.422,2.007,5.05,5.07,4.971,-1.622,-6.686,-3.189,4.345,7.651,-2.469,-1.507,2.342,2.932,1.792,-11.97,-6.276,-3.805,3.667
422,1.01,2.764,-2.441,4.558,1.998,0.4672,1.13,1.15,2.654,0.6788,-1.915,-3.997,-17.56,2.632,5.297,5.234,0.5788,-5.196,-4.294,-1.303,1.465,-0.6524,-1.386,13.43,1.629,-2.662,-4.444,-2.623,3.506,0.7278,-0.1218,1.72,-0.9777,1.851,-1.248,-1.474,5.932,2.943,2.979,-3.199,3.888,5.05,5.07,2.268,-5.997,-3.725,1.139,5.441,9.502,-4.228,-0.3422,-0.7727,2.31,2.475,-10.28,-2.485,-5.745,0.5491
423,1.01,2.149,0.2383,5.211,1.113,-0.174,1.13,1.15,4.265,2.207,-1.253,-3.568,-14.9,3.086,5.723,4.781,2.064,-6.413,-3.535,-3.54,1.759,3.772,0.3949,13.24,1.935,-1.137,-2.466,-1.383,0.9722,-1.365,-1.27,1.357,-0.6333,-1.823,-3.156,-1.427,7.011,5.962,3.154,-0.0874,-0.1545,5.05,5.07,4.491,1.289,-5.639,-0.3403,5.24,6.744,-0.5313,-2.766,2.505,3.794,0.4443,-12.32,-4.071,-5.094,2.981
424,1.01,1.938,-2.511,6.28,0.5679,-1.807,1.13,1.15,5.329,1.147,-3.15,-4.269,-18.09,3.002,7.93,5.495,2.183,-8.562,-4.417,-3.26,1.132,1.736,-0.9083,12.33,4.927,-1.085,-3.571,-3.494,1.67,-2.353,3.198,1.234,-0.6526,1.429,-5.945,-2.783,7.256,2.707,0.9459,-3.693,0.4629,5.05,5.07,4.955,-6.721,-4.584,-1.294,4.613,8.353,-3.515,-4.524,2.135,3.366,1.044,-9.31,-4.738,-8.527,2.95
425,1.01,2.705,1.034,4.047,1.655,0.5753,1.13,1.15,2.484,1.457,-3.193,-5.306,-14.32,2.586,6.75,7.733,0.6493,-4.996,-7.965,-2.897,3.991,2.153,0.9061,14.42,3.203,0.4911,-3.25,-2.335,-0.564,-2.715,1.373,2.273,0.7352,0.5804,-2.249,-2.019,5.071,5.137,3.232,-3.507,2.589,5.05,5.07,2.862,-3.485,-4.961,-0.2298,5.178,9.981,-1.023,-2.376,-1.021,3.28,-0.6262,-9.603,-4.635,-4.55,1.823
426,1.01,1.648,-1.162,1.319,2.544,-1.045,1.13,1.15,3.013,2.305,-1.832,-4.385,-15.66,2.026,7.235,6.179,-0.1031,-8.076,-2.084,-3.717,1.647,1.954,-2.154,11.09,2.319,2.705,-4.329,-1.163,1.282,-1.103,1.464,-0.4864,0.3483,-0.2956,-3.322,-1.328,7.56,8.509,1.918,-2.862,2.039,5.05,5.07,6.636,-3.113,-3.475,1.154,3.656,9.017,-2.697,-3.371,2.292,2.503,0.9285,-10.28,-4.116,-5.508,3.653
427,1.01,0.6154,2.697,3.994,3.942,0.6541,1.13,1.15,5.412,-0.8356,-3.431,-4.081,-17.82,4.42,6.82,7.968,-0.4426,-6.56,-4.722,-1.921,0.9557,0.7681,-2.845,13.19,4.97,1.509,-3.844,-1.761,2.456,-3.611,0.2256,-1.218,0.0902,-0.5049,-1.453,-1.795,6.411,7.66,2.707,-2.647,-0.1896,5.05,5.07,5.082,-4.123,-4.471,1.067,5.255,8.43,-5.059,0.6824,2.046,2.701,1.998,-10.68,-5.951,-5.558,2.69
428,1.01,1.683,0.8495,5.764,2.021,0.5549,1.13,1.15,1.887,0.3438,-1.403,-2.364,-16.78,2.764,3.386,6.415,1.174,-5.026,-3.814,-2.36,2.934,2.046,-0.5808,14.91,3.273,0.0022,-3.344,0.0662,2.594,-4.858,-2.664,-0.5151,-0.4712,1.737,-0.0421,-2.76,4.314,2.953,3.374,-3.534,1.998,5.05,5.07,2.459,-7.024,-5.485,0.836,4.615,9.092,-3.118,-3.948,1.624,2.75,1.38,-11.55,-4.171,-4.333,2.026
429,1.01,1.573,-0.1273,5.013,1.249,-1.96,1.13,1.15,3.917,0.2106,-4.517,-4.244,-16.97,3.917,5.841,4.56,0.2302,-7.925,-2.629,-3.338,2.577,1.505,-5.008,14.69,2.926,0.6119,-1.198,-1.254,1.963,-2.971,-0.044,-0.5717,-2.274,0.5265,-1.341,-1.487,6.649,5.016,1.193,-0.0589,0.6974,5.05,5.07,4.354,-2.395,-5.64,-1.495,1.181,6.032,-3.617,-3.731,1.994,5.865,1.186,-11.95,-4.427,-7.662,2.983
430,1.01,3.81,-1.032,4.668,-0.0426,-1.001,1.13,1.15,5.87,0.9714,-4.361,-4.59,-16.56,1.345,4.886,5.419,2.643,-4.668,-5.931,-0.5122,0.5683,1.333,-1.692,14.93,3.053,-1.832,-3.832,-2.173,0.9472,-3.316,-0.1086,0.7282,0.2634,1.013,-4.209,-2.15,6.008,6.342,-0.5649,-2.346,-1.134,5.05,5.07,5.043,-0.4898,-6.337,-1.241,5.688,8.455,-1.862,-5.13,3.04,2.446,3.522,-11.96,-3.746,-6.331,2.329
431,1.01,2.701,-2.09,5.695,-0.0437,-1.284,1.13,1.15,1.713,-0.6083,-1.152,-4.625,-15.42,2.342,4.436,5.835,2.221,-6.209,-3.392,-3.235,0.9988,1.611,-0.9247,14.45,2.719,0.0173,-5.539,-2.484,0.4249,0.3812,1.415,-1.11,-0.3601,0.014,-0.8382,-1.747,6.609,5.699,3.039,-1.027,2.872,5.05,5.07,2.491,-0.3383,-5.715,0.5835,4.202,6.296,-2.014,-2.382,0.7006,3.636,1.545,-9.623,-3.043,-7.283,2.501
432,1.01,-0.4964,-0.5595,5.001,-0.7534,-2.043,1.13,1.15,3.156,0.5435,-4.89,-5.905,-17.57,2.417,4.832,4.951,1.06,-6.214,-2.147,-4.793,3.686,1.761,-2.994,13.41,1.851,0.1624,-2.642,-3.406,2.387,-1.378,1.258,0.2546,-1.617,-0.0012,-2.991,-0.7948,5.509,2.449,1.585,0.4035,1.145,5.05,5.07,6.208,-2.812,-5.931,0.1519,2.724,8.452,-4.583,-2.862,1.808,5.172,1.661,-10.69,-2.829,-4.81,1.493
433,1.01,3.797,0.549,3.286,0.3058,-0.3257,1.13,1.15,3.821,-0.4711,-3.471,-6.562,-17.78,2.614,6.596,7.514,1.846,-8.016,-5.603,-5.103,-0.2952,-0.2993,0.5888,12.9,4.546,0.5509,-5.292,-3.421,1.681,-2.882,-1.393,0.848,0.4806,0.5343,-1.001,0.4849,6.119,7.076,3.393,-4.522,0.6868,5.05,5.07,6.706,-3.502,-4.902,1.366,5.293,6.154,-1.881,-2.028,1.372,3.229,3.521,-12.36,-4.964,-7.454,4.313
434,1.01,2.146,6.566,2.816,-1.864,-1.014,1.13,1.15,0.4583,0.8349,-3.684,-4.86,-17.17,2.107,4.159,7.232,1.969,-5.741,-5.508,-2.449,0.5559,0.6559,0.9947,11.25,5.512,-1.153,-2.735,-1.448,3.476,-1.598,-2.966,0.288,-0.0646,1.517,-3.223,-2.325,6.477,3.936,2.383,-1.4,1.558,5.05,5.07,2.908,-1.252,-5.205,0.8298,3.969,6.138,-4.421,0.2688,1.571,3.191,2.034,-10.4,-5.961,-5.33,2.492
435,1.01,1.404,-0.1699,5.547,-0.7274,1.015,1.13,1.15,4.003,1.637,-5.917,-4.688,-15.78,2.698,5.568,4.035,0.5255,-7.946,-1.116,-3.444,4.242,2.584,-0.1227,13.04,3.737,-0.8607,-1.083,-4.158,-0.4349,-0.0179,1.759,0.5341,1.233,1.367,-2.595,0.1873,6.995,5.288,1.189,-1.754,-1.674,5.05,5.07,5.08,1.236,-3.477,-1.852,2.467,7.887,-4.242,-3.229,3.724,2.261,2.934,-10.55,-7.434,-4.449,4.768
436,1.01,4.396,0.9529,3.984,-1.273,-2.365,1.13,1.15,3.187,-0.6082,-2.743,-6.649,-17.62,3.642,5.009,4.624,1.779,-5.077,-5.57,-1.917,-0.6531,1.05,0.0232,15.87,5.943,1.98,-3.355,-2.652,1.245,-0.7218,1.631,1.668,-1.413,0.2575,-1.821,0.0694,7.189,5.027,3.683,-3.048,1.091,5.05,5.07,4.646,-3.921,-5.894,1.235,3.762,6.852,-4.174,-3.222,0.8036,4.034,1.138,-9.583,-7.242,-4.565,1.706
437,1.01,2.809,-0.6035,4.457,-0.1822,-0.3526,1.13,1.15,3.446,2.375,-2.549,-4.734,-15.96,4.202,2.952,4.731,1.642,-6.66,-4.015,-4.592,0.5735,2.665,-1.428,14.42,2.838,-0.8133,-4.086,-1.675,2.465,0.3385,-2.778,-1.075,-1.765,-1.565,-2.221,-1.756,5.772,4.693,0.9221,-0.7975,1.735,5.05,5.07,2.651,-2.555,-5.102,0.7333,5.563,2.246,-1.64,-4.132,1.909,4.006,2.461,-10.91,-3.2,-5.29,2.035
438,1.01,0.9326,3.605,2.343,0.523,0.8479,1.13,1.15,6.584,1.905,-5.308,-4.284,-17.87,4.053,3.875,4.264,1.098,-5.741,-4.131,-3.369,1.087,-0.6507,-0.2586,12.92,3.94,1.707,-3.87,-5.591,0.2829,-0.6336,3.039,2.247,-0.0619,-0.3492,-2.085,-0.932,7.192,6.778,3.861,-0.5455,-0.5649,5.05,5.07,5.884,-4.416,-4.897,-1.847,1.717,8.498,-1.358,-3.685,1.972,3.937,-0.5394,-11.47,-4.116,-4.849,3.664
439,1.01,3.235,1.77,1.734,1.075,-0.8283,1.13,1.15,4.352,1.332,-0.8026,-3.269,-14.98,3.591,6.634,4.829,2.923,-6.59,-5.952,-2.902,1.163,1.844,-3.483,13.0,3.826,-0.0179,-4.278,-2.248,2.032,-2.087,-1.338,1.064,0.2603,-1.129,-1.546,-0.2929,6.447,7.006,0.9781,-0.3848,-0.3489,5.05,5.07,2.489,-2.903,-6.693,-1.258,4.509,7.767,-3.213,-4.621,0.5062,4.542,2.129,-9.571,-2.795,-7.77,2.625
440,1.01,3.079,-1.889,4.496,-0.1394,-1.6,1.13,1.15,-1.829,1.06,-1.712,-5.151,-13.6,2.483,4.804,6.038,2.159,-5.098,-4.498,-3.705,1.211,1.397,0.7573,14.56,3.445,0.6154,-3.807,-2.631,2.056,-1.234,-2.216,-0.4137,-0.3367,1.248,-0.8861,-2.436,6.11,5.308,1.012,-5.423,1.461,5.05,5.07,2.525,-5.942,-5.282,-0.8485,2.465,7.499,-4.321,-2.565,1.037,1.602,3.241,-10.54,-6.543,-10.01,1.024
441,1.01,1.766,-1.286,6.492,0.5102,-0.9645,1.13,1.15,5.31,0.9965,-4.953,-5.23,-15.94,1.431,6.691,6.581,0.8164,-6.851,-1.96,-3.674,2.345,1.792,-2.631,14.18,5.091,-1.651,-1.462,-3.794,0.0084,-3.27,2.969,-0.0847,-0.896,-0.4091,-2.601,-0.0194,6.767,2.95,1.802,-1.439,1.542,5.05,5.07,4.531,-4.93,-5.761,-0.5473,4.156,12.27,-3.9,-2.334,-0.2787,3.963,0.6263,-13.94,-5.176,-4.952,3.31
442,1.01,3.665,-1.121,6.097,-0.1959,-0.6221,1.13,1.15,4.666,0.3559,-2.609,-3.688,-16.47,2.499,6.141,4.924,2.578,-5.776,-5.201,-1.087,0.3407,1.289,-0.5068,13.39,5.381,2.122,-3.25,0.2349,0.1414,-2.459,-1.94,1.198,1.491,1.226,-4.327,-0.4891,6.499,6.571,2.151,-3.693,3.117,5.05,5.07,5.188,-4.444,-5.398,-0.0278,3.275,11.62,-3.328,-5.312,1.866,1.661,1.458,-11.25,-4.319,-6.03,4.205
443,1.01,2.892,0.4241,3.537,0.4913,0.7311,1.13,1.15,4.28,0.4568,-2.302,-3.136,-13.63,1.206,6.532,3.439,2.343,-5.309,-4.955,-1.608,0.2515,2.285,-2.728,15.53,2.382,1.443,-3.268,-2.331,4.585,-0.1681,0.8418,1.441,1.032,1.362,-2.841,-0.9174,5.304,4.562,2.432,-1.264,0.6013,5.05,5.07,1.57,-0.4458,-5.183,0.556,2.864,7.91,-0.8671,-4.874,2.315,0.6234,2.822,-9.723,-5.725,-4.788,2.04
444,1.01,4.438,2.804,6.968,-0.2097,-0.6796,1.13,1.15,5.342,3.215,-2.565,-4.862,-17.49,3.817,5.733,5.073,1.033,-7.427,-5.335,-2.948,1.35,-1.39,-1.152,11.89,3.027,2.776,-3.818,-2.671,1.639,-0.5162,-1.325,0.184,-0.6449,-0.9066,-1.403,0.9923,5.855,5.903,1.971,-1.574,0.401,5.05,5.07,5.263,-3.962,-2.713,-2.999,5.742,9.196,-3.386,-1.699,1.513,3.635,2.213,-12.45,-8.284,-5.471,2.085
445,1.01,2.427,1.189,2.802,0.6227,-1.604,1.13,1.15,1.681,0.2252,-3.225,-4.496,-15.03,2.852,2.908,5.831,1.069,-6.259,-6.163,-5.642,-1.188,1.109,-1.394,12.77,5.747,0.1751,-4.896,-3.828,3.277,-0.9423,-1.48,1.579,1.038,1.481,-3.026,-0.7434,4.675,6.397,1.828,-1.814,-0.0761,5.05,5.07,5.007,-4.068,-7.366,0.4183,3.125,12.75,-0.3781,-3.169,0.3447,5.838,2.671,-10.52,-4.397,-4.67,3.406
446,1.01,2.296,4.558,4.06,-0.2174,0.7377,1.13,1.15,6.695,0.8923,-2.39,-2.954,-15.04,2.864,3.839,4.295,1.548,-4.976,-2.265,-3.314,2.604,2.625,-0.2456,11.76,2.317,-1.333,-3.221,-0.8569,2.244,-1.027,-0.3766,-0.0813,0.7859,-0.6929,-2.685,-2.108,5.631,3.543,0.9603,-0.4953,3.819,5.05,5.07,3.993,-3.035,-5.311,1.173,1.113,6.19,-3.496,-2.416,2.37,3.361,2.049,-10.37,-3.727,-2.063,2.553
447,1.01,1.887,-1.135,5.014,-0.8524,-0.3853,1.13,1.15,3.947,2.099,-3.417,-3.044,-15.61,2.51,5.437,7.236,2.891,-5.764,-4.518,-2.425,2.401,0.3515,0.0802,12.71,2.797,1.627,-2.207,-3.815,1.417,-2.519,2.761,-0.7382,-1.411,-0.0275,-2.746,-1.734,7.228,5.92,3.023,-3.509,2.592,5.05,5.07,2.173,-3.26,-3.566,-2.255,3.297,7.655,-3.643,-4.508,1.285,3.916,2.033,-11.73,-3.554,-6.845,1.561
448,1.01,1.299,-1.692,4.2,1.403,-1.3,1.13,1.15,2.633,-1.417,-4.86,-3.29,-17.99,3.349,5.569,6.561,1.651,-7.057,-4.691,-3.797,0.6228,-0.7995,-0.0269,14.25,3.559,-1.806,-2.392,-1.22,1.706,-2.006,0.6428,-0.2381,0.2985,0.3366,-2.508,-0.5811,4.422,5.437,2.856,-4.731,2.383,5.05,5.07,4.509,-5.713,-3.383,0.402,5.374,9.889,-2.386,-6.236,0.9114,5.493,2.5,-9.003,-4.817,-9.62,1.94
449,1.01,1.94,1.133,4.316,-0.8555,0.3032,1.13,1.15,1.78,-0.2869,-3.969,-3.004,-17.17,2.498,4.845,5.721,0.743,-6.482,-5.241,-4.846,1.705,1.398,-0.2614,12.14,5.05,-2.271,-3.587,-2.957,1.95,-2.536,2.566,1.715,-1.029,-0.2032,-3.115,-0.7459,7.933,4.197,0.1225,-0.8967,2.735,5.05,5.07,3.46,-3.428,-4.263,-0.6138,1.562,5.28,-3.383,-4.251,0.5732,3.048,1.346,-10.09,-3.255,-7.309,2.846
450,1.01,3.111,1.603,3.351,1.845,0.7602,1.13,1.15,4.642,1.934,-2.786,-4.781,-16.81,3.783,4.609,7.703,2.04,-8.253,-4.536,-3.963,1.944,1.052,-0.1187,13.44,2.98,1.612,-2.423,-2.95,0.9155,-3.511,-1.417,-0.4306,-0.7321,2.184,-2.201,-0.8254,6.059,7.581,5.637,-2.679,3.88,5.05,5.07,3.167,-4.035,-4.525,-1.861,5.265,7.376,-4.036,-4.454,1.195,2.352,1.777,-11.47,-4.885,-4.137,2.688
451,1.01,1.781,-0.7999,2.947,3.435,0.5606,1.13,1.15,4.476,0.0924,-3.069,-5.471,-17.71,0.7892,2.9,6.935,2.493,-7.263,-3.125,-3.139,2.712,2.272,0.7094,14.57,3.242,-0.4232,-1.956,-4.59,1.274,-2.347,2.031,-0.5719,0.0828,3.518,-0.813,-1.429,6.007,7.297,1.434,-2.947,3.429,5.05,5.07,2.309,-5.812,-4.652,2.352,3.873,10.87,-3.296,-1.686,0.3201,0.6896,2.272,-9.201,-4.146,-5.873,3.458
452,1.01,1.599,-0.851,2.79,0.1719,-0.2029,1.13,1.15,2.664,0.3827,0.2096,-3.348,-16.36,3.914,3.442,4.701,-0.5448,-6.796,-2.449,-5.434,-0.1502,1.374,-1.72,12.84,2.545,0.3395,-1.523,-1.08,0.7382,-0.31,2.913,0.632,-0.0597,-0.5322,-0.4996,-0.9404,6.618,4.269,3.382,-0.6995,2.611,5.05,5.07,3.369,-3.495,-4.316,-0.725,0.6511,5.714,-2.771,-3.232,2.433,3.424,2.319,-10.09,-4.178,-3.473,1.872
453,1.01,2.829,-7.179,6.354,1.162,-3.346,1.13,1.15,4.176,2.474,-3.339,-3.36,-16.5,2.689,6.609,5.693,-0.066,-9.876,-4.668,-3.544,-0.2129,0.3649,-2.216,12.05,6.199,-1.17,-3.538,-3.605,1.495,-2.187,1.796,0.0671,-1.856,0.4548,-2.917,1.125,6.051,7.092,3.252,-3.936,-0.7489,5.05,5.07,6.164,-2.292,-6.302,-3.738,4.401,8.959,-3.281,-2.18,1.745,2.663,1.345,-9.147,-5.419,-3.086,4.854
454,1.01,3.141,0.1222,3.867,3.183,-0.7599,1.13,1.15,3.935,-0.0113,-0.9502,-5.38,-17.74,2.121,5.127,5.65,1.84,-5.106,-3.73,-3.637,-2.219,0.4738,-1.643,12.82,1.59,-0.9261,-2.734,-2.834,1.717,-3.076,1.913,0.2746,2.029,0.0387,-4.981,-0.1348,6.673,5.703,3.16,-5.354,3.857,5.05,5.07,3.479,-1.004,-5.53,2.103,4.22,6.432,-1.5,-0.2213,1.88,3.654,2.367,-10.25,-6.594,-7.469,2.008
455,1.01,-0.2355,-7.671,4.183,-1.62,0.2458,1.13,1.15,3.445,1.867,-2.432,-4.429,-15.59,2.633,4.381,7.268,0.7967,-5.566,-3.63,-3.654,-0.3702,1.015,-0.2823,12.29,4.609,0.8671,-4.159,-2.546,0.8525,-2.073,-0.4952,2.66,-0.544,1.316,-1.34,0.9878,5.442,4.613,6.764,-1.663,3.228,5.05,5.07,5.59,-0.8476,-6.25,0.1404,2.886,7.755,-3.822,-0.9313,0.2216,3.85,2.348,-10.82,-3.431,-4.351,3.562
456,1.01,3.52,-3.857,1.181,-1.162,-1.61,1.13,1.15,2.774,1.656,-3.885,-5.495,-18.53,3.214,6.261,3.88,1.821,-7.101,-3.934,-0.914,0.4874,-1.231,0.1203,15.83,2.172,-2.227,-3.726,-2.75,0.656,-2.368,4.795,-1.277,-0.0424,-0.2178,-4.609,-1.158,6.41,5.844,3.461,-3.38,1.321,5.05,5.07,3.879,-4.76,-4.973,0.8115,4.275,11.01,-6.013,-2.522,2.083,3.312,1.449,-11.43,-4.29,-7.377,3.952
457,1.01,2.495,-5.117,1.918,-0.1532,-1.844,1.13,1.15,5.38,-0.6522,-2.526,-4.933,-15.68,1.486,6.356,5.897,2.441,-7.105,-5.227,-2.784,0.7239,1.031,-0.2495,15.2,4.277,-0.7192,-6.184,-1.833,3.307,0.3124,0.4545,-0.5313,0.053,1.738,-0.9232,-0.187,6.341,3.784,2.938,0.0301,-0.5359,5.05,5.07,3.96,-5.956,-4.945,-1.197,4.976,7.918,-3.147,-4.771,2.108,2.722,2.305,-10.1,-4.225,-5.821,1.238
458,1.01,-1.252,0.4619,4.875,1.701,0.3637,1.13,1.15,3.465,2.463,-4.449,-2.652,-14.66,2.119,4.97,6.262,2.781,-5.614,-2.032,-5.69,2.63,1.981,-1.551,13.37,4.291,-0.0392,-4.383,-1.47,-0.1855,-1.944,-1.722,0.1804,0.3586,0.533,-1.499,-1.831,4.689,4.243,-0.4882,-0.8286,0.7406,5.05,5.07,2.584,-3.512,-4.0,-0.396,5.435,7.412,-1.115,1.14,4.096,5.883,2.585,-10.32,-5.4,-2.721,2.823
459,1.01,2.636,-2.655,2.54,0.367,-0.711,1.13,1.15,6.559,1.601,-3.174,-4.272,-16.74,2.767,5.09,6.636,2.05,-6.201,-5.487,-2.574,2.052,0.9302,-3.243,15.59,5.875,0.3371,-3.164,-3.198,0.2937,-2.202,-2.495,-1.416,-1.95,0.8934,-3.715,-2.934,5.751,4.257,3.368,-2.935,-0.4027,5.05,5.07,4.093,-4.75,-4.633,0.8039,5.667,7.709,-3.338,-3.317,1.929,1.611,2.451,-8.841,-5.956,-6.976,2.82
460,1.01,2.694,-5.597,2.789,2.07,-1.089,1.13,1.15,2.223,0.0878,-2.828,-5.184,-17.1,2.735,6.385,7.345,0.9839,-5.388,-4.983,-0.9394,2.94,0.9154,1.75,14.65,0.7336,0.6196,-3.769,-3.36,0.2428,-0.2824,-0.281,-1.553,1.914,-0.847,-2.072,-0.9228,5.818,3.816,3.86,-5.132,3.808,5.05,5.07,3.198,-3.636,-4.931,0.4352,4.325,11.54,-2.919,-3.356,1.513,3.212,2.372,-9.584,-5.309,-3.456,0.439
461,1.01,1.08,0.5236,5.537,0.7513,0.6383,1.13,1.15,2.604,1.088,-2.65,-3.874,-16.04,0.6843,4.024,3.478,0.1599,-7.714,-2.82,-3.715,1.35,0.6069,-1.624,14.61,3.503,2.697,-2.62,-1.42,1.067,-1.09,3.19,-1.567,0.2829,-0.937,-4.162,-0.8977,6.226,5.498,2.415,0.1333,-1.883,5.05,5.07,5.381,-3.207,-6.792,-2.176,3.958,9.164,-3.028,-2.067,3.07,3.752,1.292,-10.3,-5.1,-4.159,2.509
462,1.01,4.591,3.042,5.377,-1.177,0.2077,1.13,1.15,5.364,-2.783,-3.823,-6.643,-17.35,6.451,7.215,5.861,0.5506,-8.175,-6.478,-1.613,1.401,0.8903,0.4675,14.33,3.33,1.759,-3.28,-2.142,1.331,-4.938,0.5375,2.232,1.571,1.767,-2.902,-2.663,7.152,5.719,2.758,-2.404,1.534,5.05,5.07,4.742,-4.364,-6.161,-2.516,4.981,11.61,-4.627,-5.433,1.827,4.513,3.228,-10.09,-5.89,-5.119,4.597
463,1.01,1.003,-1.574,3.629,-0.6653,-0.0424,1.13,1.15,2.941,0.9679,-2.135,-6.077,-17.02,0.6714,6.65,5.999,2.124,-4.839,-3.599,-3.183,2.154,2.569,-1.288,11.82,3.737,-2.082,-2.827,-1.739,-0.5119,-3.4,0.4062,0.7941,-1.144,0.7117,-3.399,-3.137,6.303,4.19,3.846,-1.515,4.523,5.05,5.07,3.074,-2.8,-4.411,0.6398,3.802,10.78,-3.027,-2.22,1.591,3.852,1.216,-8.915,-5.398,-4.518,2.977
464,1.01,0.5023,-0.7801,3.354,1.787,-0.2421,1.13,1.15,2.285,2.288,-3.391,-2.048,-15.05,2.213,6.427,6.277,-0.1002,-5.709,-4.294,-2.358,-0.5631,1.917,-0.3211,13.2,5.077,2.861,-1.856,-0.7537,2.135,-1.844,3.443,-1.091,-1.324,-0.3921,-2.457,0.1235,7.068,4.093,1.811,-1.12,0.3348,5.05,5.07,5.222,-2.853,-5.187,0.6928,3.77,9.409,-3.575,-2.266,1.714,3.471,0.827,-10.98,-3.445,-7.977,1.498
465,1.01,2.433,2.634,1.441,1.772,-3.363,1.13,1.15,2.976,1.575,-4.288,-3.061,-18.38,1.462,7.518,6.442,3.434,-6.193,-3.888,-4.897,0.8988,0.7521,0.6231,16.04,5.827,0.3369,-4.224,-1.797,2.763,-1.427,-1.288,2.427,1.102,2.103,-3.918,-1.448,4.567,4.39,2.784,-2.4,0.4845,5.05,5.07,5.667,-3.503,-6.679,0.3417,6.988,8.999,-4.655,0.3528,1.766,3.941,1.778,-10.17,-5.18,-5.22,2.623
466,1.01,1.585,-1.642,2.487,1.073,-2.72,1.13,1.15,4.838,0.9382,-2.719,-3.81,-17.66,2.064,5.079,6.97,1.994,-8.035,-4.469,-2.83,0.3932,1.406,-2.245,15.44,4.497,-0.4847,-3.765,-1.575,1.865,-1.177,-2.216,1.259,0.0681,1.317,-1.344,-1.064,5.312,4.22,2.321,-2.393,-0.064,5.05,5.07,3.983,-4.876,-6.482,1.528,1.841,10.8,-1.707,-4.687,2.371,2.926,2.959,-10.06,-4.797,-4.377,4.469
467,1.01,0.6501,0.5042,4.474,1.121,1.507,1.13,1.15,4.316,1.423,-4.441,-3.719,-16.58,3.88,6.594,7.873,0.3617,-8.457,-4.166,-4.165,2.628,1.569,-1.221,13.89,5.046,1.664,-2.433,-3.881,0.6916,-0.3943,3.117,0.0259,-1.367,-0.2201,-1.26,-0.46,6.216,4.629,2.805,-0.207,-1.521,5.05,5.07,6.036,-2.316,-5.56,0.1934,3.357,11.04,-2.362,-4.365,1.11,6.248,3.04,-11.69,-3.447,-3.71,2.794
468,1.01,1.737,-3.687,5.211,-0.1658,-3.207,1.13,1.15,4.498,0.7849,-3.712,-3.812,-17.4,1.366,6.444,7.457,1.395,-6.602,-4.731,-2.083,-0.5108,0.1884,-0.3643,14.26,4.949,0.4769,-4.048,-3.13,1.129,-1.659,3.596,-0.2612,0.981,-0.1082,-3.781,-2.053,6.098,6.419,2.138,-3.476,3.716,5.05,5.07,5.78,-4.465,-5.697,0.6886,3.965,5.934,-2.284,-5.079,3.09,4.261,3.257,-10.35,-3.394,-10.75,2.729
469,1.01,1.561,-1.348,4.261,-0.3026,1.954,1.13,1.15,3.589,-2.821,-3.546,-6.14,-16.0,4.447,3.048,5.139,2.201,-6.787,-5.65,-3.864,-0.3198,1.661,0.0685,11.75,2.138,-2.578,0.4023,-2.898,-0.0327,-2.099,-2.131,1.007,-1.166,0.9013,-1.844,-0.011,7.148,3.156,0.361,-1.561,3.959,5.05,5.07,3.098,-0.4323,-6.228,0.1678,6.663,8.692,-3.268,-5.443,0.6107,3.611,3.026,-10.8,-3.023,-5.795,2.774
470,1.01,1.284,5.343,6.468,0.0718,-0.6113,1.13,1.15,2.964,1.821,-4.094,-4.382,-17.05,2.293,7.146,6.652,0.2194,-7.752,-3.008,-5.382,1.109,2.423,-1.418,14.06,3.593,4.041,-3.555,-2.88,1.256,-1.969,-3.054,1.028,-0.1484,-0.9994,-2.876,-1.885,5.243,4.015,1.856,-2.229,2.604,5.05,5.07,4.397,-3.31,-6.59,-1.104,3.864,8.97,-7.235,-3.46,1.997,4.31,2.134,-12.77,-3.481,-6.333,2.36
471,1.01,2.983,4.951,3.21,0.2113,0.2143,1.13,1.15,5.423,0.3447,-4.416,-2.903,-16.28,2.038,4.457,4.312,2.04,-9.091,-3.85,-1.642,1.117,2.073,-1.146,14.41,5.34,-0.234,-1.289,-2.555,1.419,-3.711,-1.204,1.738,-1.786,0.7705,-3.992,-3.004,6.193,7.119,3.763,-2.216,2.548,5.05,5.07,2.657,-3.823,-4.912,-0.3409,4.518,9.935,-4.559,-1.033,2.033,4.276,3.907,-11.05,-4.248,-3.248,3.104
472,1.01,2.987,-2.096,6.516,3.226,-3.062,1.13,1.15,2.661,3.43,-3.957,-4.126,-15.5,3.664,6.307,6.141,0.1853,-7.763,-5.303,-2.969,3.093,1.252,0.4483,12.88,2.198,1.114,-3.823,-2.23,2.017,-2.721,-1.463,0.3237,1.323,-0.9242,-1.607,-0.9361,4.918,4.15,1.105,-2.713,0.2945,5.05,5.07,1.955,-0.2462,-4.958,1.09,5.618,10.29,-1.555,-3.931,1.843,2.787,2.751,-10.7,-4.456,-5.045,2.995
473,1.01,2.454,-0.8348,5.475,-0.566,-0.3671,1.13,1.15,4.726,-0.2198,-2.637,-3.952,-15.73,5.531,4.514,3.325,0.0354,-8.861,-2.876,-6.135,0.2665,0.0707,-0.5537,13.88,5.638,-0.7824,-0.6398,-1.813,0.8493,-1.226,3.591,2.334,1.607,-2.09,-1.842,0.505,7.124,6.69,2.257,-1.572,3.485,5.05,5.07,4.131,-0.611,-6.099,-0.7666,5.118,8.011,-4.357,-4.613,-0.4733,5.183,2.539,-10.8,-7.828,-6.66,2.578
474,1.01,3.271,-1.494,3.059,-0.5107,1.384,1.13,1.15,4.0,-1.598,-2.304,-1.982,-16.38,3.421,7.242,7.818,0.6868,-5.918,-2.318,-2.843,0.6861,3.836,0.0828,13.53,3.739,0.5133,-3.111,-0.5586,0.7391,-4.294,-2.228,0.6813,1.363,2.786,-4.787,-0.67,5.78,9.54,4.323,-3.807,1.859,5.05,5.07,3.496,-1.641,-4.143,0.2398,4.688,10.95,-4.305,-5.404,1.475,3.53,2.047,-10.38,-3.024,-8.525,3.133
475,1.01,1.525,-3.893,3.394,1.941,0.3563,1.13,1.15,1.855,1.893,-2.801,-3.443,-16.88,1.463,6.723,5.32,0.8797,-5.148,-4.965,-3.367,-0.3662,2.241,-1.611,14.22,1.896,-0.3249,-3.297,-1.197,1.05,-1.176,-0.1323,0.9875,0.5608,-1.849,-1.54,0.3158,5.649,5.541,3.083,-0.9414,1.719,5.05,5.07,4.248,-2.92,-4.041,0.7702,4.138,6.798,-4.179,-1.44,2.023,2.626,1.994,-11.51,-2.617,-3.483,2.347
476,1.01,1.928,0.4305,4.827,-0.5394,-1.223,1.13,1.15,4.683,0.9478,-4.274,-2.239,-18.68,3.452,6.123,4.749,1.097,-5.641,-3.96,-3.624,1.848,0.4625,-0.5687,16.05,4.33,0.9141,-2.917,-2.004,0.2692,-1.026,-0.361,-1.067,-1.248,0.7958,-3.515,-0.7155,6.596,6.407,-0.6075,-5.435,2.882,5.05,5.07,6.174,-2.779,-5.739,0.0932,3.044,6.774,-4.22,-3.727,1.947,6.002,1.654,-10.35,-3.616,-4.734,5.105
477,1.01,3.631,2.532,4.863,1.246,0.9176,1.13,1.15,2.385,0.1205,-3.048,-5.111,-16.3,2.766,6.91,8.903,0.7333,-8.04,-6.334,-1.993,-0.0895,0.607,-0.4868,16.08,4.382,0.7109,-4.985,0.995,4.039,-2.289,-1.22,0.7703,0.0453,-0.0931,-0.0252,-2.363,4.155,5.513,4.586,-4.518,2.555,5.05,5.07,2.795,-4.32,-4.196,-0.4107,5.135,7.391,-2.221,-6.333,1.046,5.096,2.781,-10.94,-4.901,-4.43,3.482
478,1.01,2.102,-0.8537,4.655,1.231,-3.097,1.13,1.15,3.314,1.414,-3.095,-4.612,-15.52,3.208,5.449,4.581,2.833,-4.407,-4.933,-3.918,1.728,1.763,0.0044,13.18,1.423,-1.146,-4.589,-2.551,2.13,0.1019,1.109,0.8617,-1.875,0.4982,-1.616,-0.2782,6.337,4.342,-0.1643,-2.192,2.686,5.05,5.07,5.621,-2.69,-6.195,0.8,4.422,5.761,-1.947,-3.478,2.337,5.353,1.849,-10.38,-2.296,-1.45,1.71
479,1.01,1.528,-0.0927,4.834,0.5997,-3.093,1.13,1.15,3.651,0.4864,-2.711,-3.619,-13.93,3.346,6.432,5.678,0.6314,-6.295,-4.421,-3.187,1.032,-0.4263,-0.2557,12.79,1.301,2.176,-3.254,-4.732,0.3138,-2.224,-0.6324,0.2691,2.018,-3.365,-2.159,-1.072,6.888,5.475,3.717,-1.579,1.049,5.05,5.07,5.115,-3.742,-4.01,-1.997,5.128,10.64,-5.247,-3.639,1.453,5.552,2.867,-12.68,-4.1,-4.072,3.08
480,1.01,2.246,-0.7287,2.637,-2.435,-0.4741,1.13,1.15,4.48,1.45,-2.34,-3.377,-17.7,1.875,4.345,8.16,1.71,-6.289,-4.497,-3.362,0.7683,0.3724,-0.2152,14.83,4.872,-1.847,-4.233,-2.409,0.2665,-1.734,-1.005,2.931,0.3634,1.482,-3.406,-1.39,5.326,5.262,4.523,-1.574,1.22,5.05,5.07,4.622,-3.805,-4.285,0.5079,5.419,10.58,-0.8132,-3.41,1.34,1.441,2.802,-10.16,-4.433,-6.471,0.5847
481,1.01,0.9129,1.58,5.16,2.768,-0.2749,1.13,1.15,5.237,1.09,-3.337,-2.763,-16.57,4.35,5.699,5.633,1.079,-5.185,-5.094,-3.552,0.6692,1.258,-0.3265,17.54,3.035,0.5698,-3.869,-1.404,-0.8674,-0.6513,3.194,1.094,0.0358,-0.4342,-1.665,-2.968,6.416,3.841,1.427,-5.213,1.296,5.05,5.07,0.6517,-1.037,-5.136,-1.777,3.743,7.777,-1.945,-3.426,1.224,1.291,1.587,-11.36,-2.499,-3.294,1.622
482,1.01,1.97,4.201,6.918,-0.1656,-0.0138,1.13,1.15,5.412,-0.0869,-0.9209,-4.364,-16.3,2.996,7.347,5.322,0.5793,-9.536,-5.908,-2.015,0.3958,2.247,-1.133,11.32,2.463,0.6356,-3.338,-2.194,3.476,-1.25,0.4059,-1.02,-1.204,-0.0323,-3.679,-0.9433,5.789,6.582,1.117,-4.238,0.7847,5.05,5.07,4.782,-1.428,-6.371,-1.727,2.318,6.573,-2.162,-9.331,4.09,5.143,3.81,-11.52,-4.743,-1.788,3.215
483,1.01,4.065,-1.235,2.663,-1.207,-4.068,1.13,1.15,2.918,0.9967,-1.975,-3.109,-17.72,2.114,6.214,6.527,0.4792,-5.802,-4.941,-4.349,0.6943,0.8695,-1.617,15.27,4.423,-0.2299,-1.386,-1.661,1.742,0.3266,0.7097,0.5216,-2.939,1.245,-2.856,-1.86,7.34,2.263,3.984,-2.136,2.547,5.05,5.07,4.867,-5.863,-6.766,-0.1873,3.817,7.006,-2.009,-6.776,0.7326,3.759,3.7,-11.14,-6.504,-10.43,0.9252
484,1.01,2.806,-4.521,4.145,1.17,-0.8494,1.13,1.15,2.975,0.6321,-2.877,-6.133,-15.63,2.61,6.791,4.365,-0.706,-7.665,-1.522,-3.783,2.48,1.258,-2.759,13.74,1.783,-1.16,-1.813,-3.471,0.218,-3.406,0.7662,1.37,0.0394,-0.389,-3.113,-0.6828,6.325,5.161,3.071,-3.193,-0.4868,5.05,5.07,2.882,-2.255,-2.697,1.746,5.137,6.355,-4.285,-1.113,2.648,4.377,2.715,-11.74,-6.943,-0.8874,4.638
485,1.01,0.7822,-2.683,8.236,-0.1483,-2.92,1.13,1.15,4.524,1.607,-1.007,-5.004,-18.17,0.9869,6.415,5.977,1.05,-6.693,-6.476,-2.499,0.9915,0.8773,-0.6629,11.97,3.41,-3.14,-4.572,-0.2149,-0.8251,-3.172,-4.843,0.8797,1.251,1.335,-2.185,-0.8397,6.399,4.616,1.43,-2.433,2.456,5.05,5.07,4.236,-4.083,-5.385,1.327,4.377,7.277,-5.862,-2.064,0.8259,3.86,2.04,-9.74,-3.708,-6.641,1.96
486,1.01,2.335,-2.233,5.678,2.062,-3.381,1.13,1.15,4.611,0.7372,-1.845,-4.327,-15.67,1.698,6.337,4.781,1.252,-6.769,-3.557,-3.726,0.5565,2.099,-0.9242,16.55,0.8896,0.8183,-3.204,-1.443,1.058,-2.46,-1.728,0.4241,-0.9283,-1.675,-4.464,-1.311,6.365,3.588,3.956,-4.202,1.262,5.05,5.07,3.644,-6.955,-5.817,1.203,6.687,10.03,-2.177,-3.008,2.363,1.887,2.173,-10.33,-4.852,-5.188,2.1
487,1.01,0.1928,4.242,7.151,1.107,-0.0088,1.13,1.15,2.64,0.8887,-3.073,-5.115,-17.76,2.371,6.832,3.956,0.139,-6.838,-1.339,-5.183,3.828,2.177,-1.766,12.36,3.948,1.234,-2.318,-1.336,1.847,-3.116,-0.1209,0.1411,-1.785,-0.625,0.4059,-1.169,5.797,3.37,0.3111,-1.218,0.8564,5.05,5.07,4.704,-0.399,-4.199,-2.24,1.178,7.056,-2.618,-3.461,2.464,3.178,2.262,-10.07,-6.766,-4.525,0.5784
488,1.01,0.5052,-1.371,8.081,1.887,-2.504,1.13,1.15,5.498,2.14,-3.542,-6.459,-17.12,0.7564,5.938,5.314,0.0321,-10.21,-3.981,-3.224,3.164,2.409,-0.5961,13.46,3.865,-0.1294,-2.043,-1.45,2.432,-4.445,-2.488,0.1328,1.188,-1.755,0.3674,-2.247,8.104,5.652,0.4401,-2.114,2.854,5.05,5.07,4.031,-3.603,-5.294,0.5436,5.288,9.221,-3.452,-4.572,0.2687,5.019,2.059,-11.14,-4.529,-7.573,3.154
489,1.01,1.266,-0.7668,3.446,1.303,0.7412,1.13,1.15,3.884,1.088,0.9493,-5.833,-17.5,0.928,4.175,9.205,2.615,-5.438,-4.752,-0.3152,-0.0189,0.7939,0.3763,15.36,2.894,0.6209,-3.282,-0.3132,2.846,-2.65,-2.725,2.155,1.5,1.895,-4.75,-2.309,5.767,4.49,3.524,-2.589,2.519,5.05,5.07,2.574,-2.942,-4.483,-0.2549,7.436,10.74,-0.4618,-0.7574,1.993,3.3,3.303,-12.31,-3.577,-5.13,3.413
490,1.01,0.6133,1.846,5.057,0.466,-1.296,1.13,1.15,3.946,-0.4878,-5.1,-4.85,-15.23,1.382,5.135,5.093,0.8461,-8.543,-5.765,-2.152,4.736,0.0065,-4.06,13.52,3.516,0.6327,-2.773,-1.914,3.225,-3.299,2.002,1.476,2.055,1.309,-1.505,0.5437,6.148,7.387,2.154,-1.692,2.028,5.05,5.07,3.478,-1.528,-4.598,-0.0964,3.035,7.779,-2.924,-3.085,3.553,2.505,0.0058,-11.89,-4.52,-2.458,4.927
491,1.01,2.074,-1.977,5.526,-1.124,-2.413,1.13,1.15,4.601,-1.369,-2.426,-4.456,-16.67,3.021,5.383,8.073,-0.806,-8.055,-5.827,-1.721,0.2578,0.6057,-0.0572,15.28,4.63,1.964,-4.705,-2.643,2.617,-1.365,2.745,-0.7018,0.3364,4.209,-1.282,-2.634,6.563,3.428,2.274,-2.112,1.269,5.05,5.07,4.997,-2.801,-5.923,-1.905,1.96,6.921,-4.478,-0.8861,2.002,5.099,2.384,-12.04,-6.635,-5.067,2.567
492,1.01,3.776,0.4886,3.885,1.259,-1.065,1.13,1.15,-0.0199,3.241,-3.952,-3.278,-19.53,3.51,6.572,6.251,2.637,-7.332,-5.069,-2.737,0.4919,1.081,1.033,15.93,4.569,-0.7866,-2.599,-2.053,2.648,-1.488,-1.526,-0.7822,2.019,0.3023,-2.999,0.0639,5.062,2.916,2.258,-3.312,1.057,5.05,5.07,5.767,-1.718,-6.199,0.6207,6.341,6.569,-2.848,-2.19,1.911,1.67,2.243,-11.49,-4.057,-9.883,2.999
493,1.01,-0.6751,-2.473,2.17,0.8012,0.0544,1.13,1.15,3.419,-0.1343,-5.174,-3.21,-15.45,2.177,3.839,5.189,0.7762,-6.293,-4.234,-5.231,-0.1521,2.66,-0.5797,13.57,3.582,1.071,-1.903,-1.174,0.8297,-0.6817,1.571,0.296,-3.29,-2.766,-2.106,-1.325,4.03,5.026,3.146,-3.2,1.698,5.05,5.07,3.46,-1.739,-3.058,-1.164,2.39,6.427,-1.138,-0.3532,2.621,2.541,2.165,-10.69,-4.315,-2.306,3.684
494,1.01,2.661,0.0216,4.525,-0.1102,-1.897,1.13,1.15,5.113,0.2949,-2.363,-5.769,-17.3,2.982,9.683,5.721,0.3989,-6.026,-3.89,-3.752,2.141,-0.2354,1.346,13.79,3.66,-0.3435,-3.457,-2.706,2.603,-1.749,-2.166,-0.4892,2.105,0.675,-3.33,-1.988,7.32,7.635,3.261,-4.808,1.308,5.05,5.07,4.14,-2.954,-3.615,0.2639,4.07,6.926,-2.232,-3.833,0.8221,3.686,2.59,-10.61,-5.394,-6.817,3.472
495,1.01,1.208,-1.817,4.047,2.72,-1.161,1.13,1.15,2.58,0.5803,-4.102,-4.465,-16.18,2.75,5.968,5.923,3.063,-8.707,-7.007,-1.778,0.4844,1.39,-0.0481,13.29,1.482,-3.3,-2.365,-1.899,3.503,-1.308,-5.036,-0.8025,-0.5763,-0.0564,-2.626,-1.785,5.464,5.003,1.704,-1.744,0.6431,5.05,5.07,2.989,-3.761,-5.943,-3.118,3.127,9.681,-0.1799,-3.921,0.5313,2.814,2.678,-10.11,-3.228,-7.297,3.144
496,1.01,2.386,-4.653,4.428,2.338,-0.9849,1.13,1.15,4.11,2.312,-3.899,-3.067,-15.04,2.42,2.562,6.961,2.324,-7.819,-2.728,-3.588,0.9344,1.359,-0.9765,13.75,2.192,2.476,-2.79,-2.058,2.909,1.291,2.285,1.223,-1.05,-1.147,-1.105,-2.079,6.192,4.148,4.719,-2.343,1.134,5.05,5.07,3.579,-2.307,-3.274,-0.938,4.202,6.369,-2.478,0.0411,2.786,1.951,1.467,-10.78,-5.476,-5.105,3.399
497,1.01,4.433,-1.123,4.547,-0.7259,-1.449,1.13,1.15,3.183,-0.2363,-2.142,-4.54,-16.63,1.219,6.867,7.802,3.496,-5.99,-6.534,-3.604,0.2682,1.04,-1.927,14.01,3.582,-0.6686,-4.129,-4.692,3.208,-1.227,2.075,1.119,2.737,1.228,-2.482,-1.229,5.174,5.582,3.082,-4.187,0.3526,5.05,5.07,6.704,-1.718,-5.96,-1.739,6.49,8.637,-2.016,-6.425,1.111,2.277,3.046,-12.19,-5.471,-6.929,1.541
498,1.01,0.5673,-1.534,1.352,0.9052,-0.5542,1.13,1.15,1.362,-1.323,-3.368,-5.128,-16.84,1.106,5.723,7.131,0.9647,-5.96,-4.964,-5.375,0.1935,1.56,-1.831,15.07,2.705,-0.0998,-4.676,-1.754,1.822,-1.002,-2.465,0.7415,-0.5389,-1.267,-1.156,-1.19,4.772,5.875,0.8192,-1.856,3.422,5.05,5.07,1.854,-5.431,-4.98,0.5271,6.373,4.829,-2.581,-1.837,1.726,3.739,2.083,-10.06,-3.398,-3.209,3.429
499,1.01,1.362,-0.0392,4.322,1.129,-2.044,1.13,1.15,1.726,2.593,-3.127,-3.056,-15.26,5.535,4.975,5.447,0.8535,-7.159,-5.953,-6.685,2.542,-1.118,-1.456,12.16,3.025,1.25,-1.907,-3.303,0.3167,-1.38,0.162,0.8702,-0.5859,-0.4203,-1.043,-1.132,6.045,5.03,0.741,-1.598,-0.8634,5.05,5.07,3.636,-2.657,-3.614,-1.913,4.539,10.86,-3.439,-3.739,3.069,3.912,3.851,-11.69,-2.948,-0.2258,3.418
500,1.01,2.15,-0.5814,3.727,-0.104,1.081,1.13,1.15,5.278,1.382,-3.082,-5.068,-17.46,3.601,6.252,6.66,1.244,-5.133,-5.359,-3.688,0.9796,0.1513,1.885,12.86,3.192,3.514,-2.393,-3.729,1.157,-1.622,2.774,1.189,-0.3963,2.371,-0.2541,-0.8074,5.938,6.489,1.238,-3.027,2.436,5.05,5.07,4.908,-5.552,-5.306,1.161,4.186,6.604,-5.661,-6.043,4.121,2.742,2.721,-10.79,-4.466,-11.47,1.78
501,1.01,3.312,-4.345,4.707,0.2568,0.2813,1.13,1.15,2.193,1.292,-3.434,-2.527,-16.37,2.957,5.35,7.68,1.091,-3.884,-3.828,-4.336,1.593,1.045,0.1242,13.93,1.177,1.782,-2.705,-2.65,-0.1322,-4.467,0.1134,-1.148,1.453,-0.087,-3.699,-2.133,5.508,3.066,4.343,-1.935,3.971,5.05,5.07,4.078,-4.406,-5.076,-2.962,4.231,9.315,-0.7934,-2.777,-0.8584,3.511,2.493,-9.897,-3.337,-5.68,3.202
502,1.01,1.576,-2.656,6.141,0.6873,-1.725,1.13,1.15,3.38,1.728,-4.468,-4.999,-15.74,2.687,6.08,6.06,-0.1321,-6.31,-3.587,-5.063,1.031,0.8709,0.0152,13.06,2.9,0.5156,-2.733,-3.928,0.7232,-2.962,0.2584,0.5535,-0.6404,0.1239,-1.558,0.0233,7.109,8.206,3.296,-3.144,-0.432,5.05,5.07,3.303,-1.164,-5.101,-0.6982,3.038,8.151,-4.649,-0.4504,1.822,4.317,1.509,-11.97,-6.198,-3.982,2.778
503,1.01,1.868,-0.2164,3.223,-1.957,-1.257,1.13,1.15,4.802,0.2539,-1.616,-1.709,-17.88,1.779,4.663,6.336,3.132,-7.687,-4.435,-3.492,2.073,-0.366,-1.164,13.62,3.271,-1.887,-1.896,-4.58,-0.1928,-3.498,-0.4327,2.909,0.7328,0.9257,-3.491,-1.635,6.557,5.824,1.693,-3.846,-0.7282,5.05,5.07,3.546,-1.987,-6.111,-1.677,4.379,11.76,-3.16,-1.389,1.652,3.724,0.9331,-11.05,-3.304,-7.822,2.169
504,1.01,3.352,0.0114,2.791,-0.9735,1.345,1.13,1.15,3.365,2.495,-1.349,-2.729,-19.74,-0.3382,4.769,6.267,1.925,-5.804,-4.011,-2.298,-1.385,3.128,0.0751,13.8,3.568,0.0126,-3.597,0.6435,-0.8514,-1.134,2.768,-0.2844,1.394,2.631,-2.033,-3.653,4.707,3.231,3.619,-3.147,1.753,5.05,5.07,4.128,-4.894,-4.938,0.7528,5.637,10.4,-3.664,-0.7928,2.341,3.808,3.102,-10.68,-3.01,-5.118,2.201
505,1.01,1.265,-1.239,1.299,0.1538,-3.467,1.13,1.15,2.505,-1.401,-3.934,-4.337,-16.99,1.734,4.648,4.566,-0.1062,-6.558,-2.799,-3.134,3.176,0.0354,-0.4012,12.66,3.77,0.155,-3.652,-1.068,2.297,0.8849,-0.6738,-0.0366,-1.508,-1.457,-3.842,-1.459,3.744,5.321,3.174,-1.739,0.0189,5.05,5.07,4.797,-3.246,-4.308,-0.6993,3.012,8.336,-2.343,-3.574,1.102,3.768,2.482,-11.56,-6.442,-6.995,4.403
506,1.01,2.075,2.771,3.374,-0.2733,-2.025,1.13,1.15,2.938,-0.101,-3.493,-5.62,-18.7,2.894,5.573,3.971,3.109,-5.408,-3.358,-3.011,0.9621,1.397,0.0062,14.51,2.043,1.723,-2.126,-5.061,2.321,-0.9549,-0.1396,-1.79,-0.7326,-1.177,-3.09,-1.057,4.989,6.24,3.354,-4.67,1.315,5.05,5.07,3.454,-3.356,-3.962,-0.1666,5.953,9.646,-4.114,-5.761,1.444,1.335,2.354,-9.459,-3.226,-6.559,3.074
507,1.01,1.276,-5.062,3.474,-0.0692,0.8008,1.13,1.15,2.649,0.3997,-2.178,-4.312,-17.14,0.176,4.556,4.828,2.181,-5.271,-4.947,-3.406,2.347,1.745,-1.33,14.38,2.519,-0.4205,-3.261,-2.598,4.193,-2.306,3.239,-0.5483,1.237,-0.3359,-1.226,-0.4042,4.65,2.903,1.197,-4.5,0.3035,5.05,5.07,3.475,-3.625,-6.45,-1.936,5.185,9.843,-4.178,-0.5878,1.476,4.468,4.14,-10.62,-4.52,-4.703,1.817
508,1.01,0.4958,-0.4756,3.775,1.725,-2.675,1.13,1.15,3.688,0.4522,-2.522,-4.788,-16.65,2.853,7.716,6.621,-0.08,-5.29,-5.218,-2.375,3.114,-0.9458,-1.407,15.05,3.671,1.694,-2.531,-2.652,2.395,-0.5277,2.974,-0.468,0.4167,-0.632,-3.741,-1.758,7.487,4.281,1.039,-3.911,0.2006,5.05,5.07,3.75,-3.198,-7.74,0.1113,5.526,9.132,-4.355,-6.033,-0.1987,4.93,3.549,-12.05,-3.257,-3.848,2.836
509,1.01,2.079,-4.273,4.092,-0.2458,-0.4159,1.13,1.15,4.785,0.1256,-2.847,-2.863,-18.64,1.729,5.403,5.397,1.022,-5.749,-5.1,-4.215,1.186,0.8088,-0.3449,16.87,1.974,-0.3421,-4.491,-3.124,0.2926,-4.249,-1.097,1.551,1.525,1.485,-2.235,-1.582,3.891,6.115,0.4888,-1.389,2.791,5.05,5.07,5.13,-6.197,-5.846,-0.1373,5.31,7.527,-4.329,-2.575,1.937,5.086,2.9,-12.84,-4.797,-7.7,1.757
510,1.01,2.301,-2.226,4.949,-0.1003,-0.9974,1.13,1.15,5.763,1.469,-3.757,-3.488,-15.65,3.732,4.613,6.972,2.224,-6.622,-3.892,-1.128,-0.8856,1.629,0.5098,12.76,1.454,-0.0421,-1.659,-0.9784,0.8053,-4.28,-1.743,0.2351,-0.0927,0.0633,-0.765,-2.161,3.894,2.632,3.476,-4.923,1.58,5.05,5.07,2.699,-1.484,-4.508,0.4936,2.623,6.188,-4.659,-3.293,1.27,2.76,1.734,-12.86,-3.187,-7.08,2.502
511,1.01,1.756,1.259,5.672,0.1759,-2.762,1.13,1.15,2.707,-0.4653,-3.498,-5.016,-16.87,2.994,7.094,7.409,1.582,-6.395,-2.85,-3.808,-1.521,1.387,-1.453,15.51,2.508,0.6573,-1.87,-0.3186,-0.7133,-1.786,0.5399,0.7197,1.051,-0.0425,-3.884,-1.412,5.853,3.722,1.095,-2.357,1.487,5.05,5.07,8.353,-3.086,-3.986,-1.717,5.287,9.708,-3.358,-6.292,1.848,2.607,1.82,-10.63,-4.569,-8.653,3.3
512,1.01,4.193,7.229,3.248,-0.4232,1.451,1.13,1.15,2.555,0.9892,-0.9839,-2.598,-18.42,3.538,2.267,7.526,-0.2637,-9.367,-6.842,-4.178,1.817,2.19,-0.5084,15.81,3.01,-1.577,-1.507,-0.0715,0.6655,-1.942,1.988,0.7231,-0.2493,1.853,-6.513,-1.861,4.953,5.726,1.453,-3.377,2.461,5.05,5.07,2.829,-1.733,-6.852,0.9676,5.533,7.981,-1.779,-3.045,1.764,1.856,1.827,-10.42,-3.057,-6.214,2.282
513,1.01,2.233,-0.3617,3.723,-0.749,-0.0118,1.13,1.15,5.456,0.7709,-0.7871,-4.021,-14.11,2.34,4.619,5.473,1.151,-5.178,-2.704,-4.448,1.541,2.142,-0.363,11.8,2.499,1.866,-2.771,-1.936,-0.3188,-1.451,-0.0857,-2.558,-0.4646,1.822,-2.88,-0.9573,6.444,6.703,2.411,-3.635,3.964,5.05,5.07,4.73,-4.166,-7.154,-2.074,4.352,8.399,-4.175,-1.988,1.365,2.404,0.6626,-10.87,-3.16,-2.178,0.4834
514,1.01,3.712,3.227,4.067,1.793,-1.339,1.13,1.15,2.929,0.0857,-1.629,-4.31,-17.45,2.352,5.693,8.254,-0.7813,-8.085,-3.001,-3.042,2.026,1.178,-3.315,12.37,5.038,2.492,-2.943,-2.426,3.187,-3.919,-0.9906,-0.4011,0.0803,0.288,-2.779,-1.533,4.885,6.229,2.829,-3.854,-0.2387,5.05,5.07,5.211,-6.099,-4.979,-1.602,3.525,7.187,-6.091,-2.987,1.67,3.765,3.474,-11.29,-5.459,-10.32,3.146
515,1.01,4.415,0.2325,2.807,-0.0712,-0.6797,1.13,1.15,2.327,1.467,-2.599,-5.214,-16.33,2.281,6.509,4.212,-0.9705,-7.69,-5.331,-3.566,1.151,1.65,-1.292,14.22,5.252,2.34,-3.383,-1.773,0.5631,-0.5181,-1.248,1.087,0.9334,0.4955,-3.24,-2.272,6.537,3.586,2.539,-3.299,0.6036,5.05,5.07,4.832,-2.207,-4.745,0.0549,6.771,9.082,-4.236,-1.999,1.045,3.354,2.916,-12.3,-1.715,-6.322,3.698
516,1.01,1.194,-0.6484,4.271,0.4135,-2.148,1.13,1.15,1.702,2.72,-3.533,-4.181,-13.98,4.315,5.698,3.647,-0.2034,-5.508,-4.789,-2.661,2.564,-0.4146,-3.141,14.52,1.832,-2.376,-2.166,-1.873,2.126,-1.571,2.389,1.288,0.355,-0.0054,0.2682,-0.8139,5.401,5.261,2.084,-3.432,2.086,5.05,5.07,1.904,-0.1394,-4.933,-1.731,3.33,8.533,-2.906,-0.7993,1.04,4.552,1.401,-11.21,-3.732,-5.863,1.344
517,1.01,2.859,-2.026,5.489,-0.9945,-2.871,1.13,1.15,2.692,-2.076,-1.682,-3.011,-16.46,3.123,8.722,6.64,2.27,-7.883,-3.809,-0.0602,1.974,2.645,-1.017,13.9,3.423,-3.065,-2.899,-3.645,1.247,-1.078,0.0179,1.189,-0.0771,-2.796,-3.778,-2.582,6.58,4.368,1.629,-5.383,-0.7546,5.05,5.07,7.924,0.2557,-6.364,-1.793,4.108,10.4,-3.305,-4.61,1.373,1.742,2.032,-12.13,-4.716,-2.941,2.371
518,1.01,1.465,-0.8189,3.711,-1.18,1.755,1.13,1.15,4.247,-1.295,-1.458,-4.622,-17.37,4.587,3.58,7.802,2.963,-4.131,-5.457,-2.86,2.073,1.047,-0.311,14.23,4.119,-1.6,-3.324,-1.188,2.284,-2.351,-0.8381,1.662,-0.2192,-0.6538,-3.513,-1.003,3.858,5.464,3.983,-1.297,-0.3473,5.05,5.07,3.98,-3.571,-5.198,-0.6095,5.007,6.302,-2.401,-2.087,2.697,2.309,1.03,-10.39,-1.854,-4.476,3.809
519,1.01,0.2712,1.479,4.41,-0.1109,0.6348,1.13,1.15,4.065,0.8033,-3.604,-2.701,-16.97,1.733,6.5,6.428,1.261,-5.109,-2.625,-3.321,0.7675,0.9359,-0.7405,13.4,3.52,1.721,-2.552,-2.35,2.324,-2.698,6.127,0.6721,-4.22,0.3874,-1.753,0.126,5.0,3.956,1.674,-3.868,0.2429,5.05,5.07,4.137,-2.137,-5.344,-0.2896,4.155,9.555,-3.823,-0.1416,1.536,3.154,3.191,-11.89,-3.091,-5.116,3.311
520,1.01,0.9745,2.028,4.949,0.0679,-1.452,1.13,1.15,2.631,-1.92,-3.08,-5.31,-17.64,1.86,7.54,5.352,0.814,-7.143,-5.355,-3.32,-1.01,3.016,-1.412,15.25,4.405,-0.0427,-1.825,-3.984,0.3081,-0.2937,2.108,1.269,-2.137,-0.3481,-2.779,0.4643,5.624,8.974,3.304,-4.3,2.548,5.05,5.07,2.075,-0.1563,-7.719,-0.6846,5.175,10.48,-4.747,-5.229,2.047,2.985,3.237,-11.49,-4.763,-3.426,4.418
521,1.01,2.533,-1.756,4.301,-1.343,1.429,1.13,1.15,4.514,-0.3879,-2.482,-3.703,-16.45,1.884,6.914,6.704,1.035,-6.038,-4.556,-2.438,-0.4045,1.696,-0.4306,16.89,3.742,-1.453,-1.318,-4.992,2.923,-1.749,1.921,0.9695,1.371,-0.1845,-3.927,-1.84,5.95,4.128,1.141,-3.142,2.243,5.05,5.07,1.975,-4.251,-5.129,-0.867,5.098,11.44,-2.074,-0.4612,0.6874,1.73,1.276,-11.5,-5.51,-6.596,0.5507
522,1.01,1.204,5.627,4.383,2.967,-1.768,1.13,1.15,2.334,2.439,-2.903,-2.979,-16.52,0.5231,6.381,4.562,1.684,-7.751,-2.866,-1.71,0.733,3.932,-1.671,13.71,3.062,1.789,-2.39,-3.107,1.158,-2.461,0.33,1.355,-0.0675,0.129,-1.64,-0.6989,7.406,3.558,1.529,-3.472,2.312,5.05,5.07,3.318,-1.156,-4.352,0.2336,5.292,7.928,-1.921,-3.42,1.923,3.075,1.868,-11.78,-2.968,-4.808,2.813
523,1.01,0.8397,0.5556,3.018,-1.304,2.144,1.13,1.15,4.141,1.839,-2.071,-4.472,-16.72,2.271,5.407,5.078,1.502,-7.211,-7.246,-2.533,-0.0062,-1.59,-3.27,16.59,7.348,2.633,-1.154,-2.558,2.402,-2.853,-1.454,1.602,-0.3344,-1.107,-2.433,-3.118,6.319,6.584,3.941,-3.05,2.963,5.05,5.07,4.943,-3.016,-6.731,-2.403,3.649,11.44,-1.861,-6.369,2.15,1.511,4.375,-11.0,-4.75,-6.9,1.286
524,1.01,0.9124,-1.303,6.048,-0.581,1.413,1.13,1.15,3.05,-1.852,-3.114,-2.684,-18.24,1.858,4.879,5.299,3.231,-7.505,-5.635,-1.238,1.132,2.574,-1.09,15.47,3.45,-1.178,-2.909,-1.454,2.152,-0.174,3.082,0.8654,0.5654,1.359,-5.154,-0.1184,4.593,4.627,1.528,-4.846,2.239,5.05,5.07,2.36,-1.889,-4.694,-0.9989,4.24,6.882,-0.9799,1.085,2.007,3.235,1.908,-9.444,-4.675,-6.38,3.261
525,1.01,0.2117,4.817,5.892,0.4848,-0.6242,1.13,1.15,2.921,2.889,-4.132,-5.205,-14.36,1.241,6.421,7.062,1.684,-7.276,-7.025,-3.8,0.6569,1.706,-0.2685,15.93,3.835,0.8402,-2.532,-1.086,1.069,-0.5633,-1.202,-1.192,0.4804,1.705,-0.376,-2.312,6.557,5.363,3.459,-3.806,0.007,5.05,5.07,4.767,-2.035,-4.723,0.3656,4.188,8.748,-3.344,0.0444,1.98,3.751,-0.1353,-10.41,-3.366,-1.6,4.294
526,1.01,1.841,0.8099,3.626,-1.304,-2.609,1.13,1.15,1.579,1.402,-1.531,-4.636,-17.71,-0.6288,7.4,5.274,2.641,-7.818,-4.104,-3.989,-0.4806,0.3749,-0.1515,14.97,4.631,1.498,-2.756,-2.88,-0.9668,-2.737,0.2759,0.4841,1.745,-1.342,-2.469,-1.007,3.59,6.739,3.237,-2.318,2.161,5.05,5.07,4.562,-4.526,-6.314,-0.4118,2.752,6.462,-6.316,-5.338,5.321,3.192,2.557,-11.0,-6.056,-5.874,4.318
527,1.01,3.558,-0.208,5.159,-0.6122,0.3088,1.13,1.15,5.749,-1.301,0.1493,-4.909,-19.06,3.294,4.995,6.798,1.36,-4.648,-4.576,-3.252,1.777,1.049,-0.4647,16.22,1.774,-0.933,-2.651,0.1104,-0.348,-2.998,-1.204,-1.745,0.1273,0.0385,-1.983,0.0989,6.027,4.366,1.697,-1.196,1.711,5.05,5.07,2.406,-7.132,-7.288,0.8525,5.642,9.46,-2.004,-5.194,2.153,3.272,2.668,-11.22,-5.79,-6.082,3.724
528,1.01,3.094,-5.165,4.716,2.844,-0.5169,1.13,1.15,3.224,1.114,-3.589,-5.415,-14.87,-1.527,6.717,6.425,2.918,-4.566,-4.066,-4.89,3.483,3.01,-4.12,15.04,3.13,-0.0035,-0.9625,-1.953,2.297,-1.368,-0.1292,2.319,0.7662,0.5214,-4.953,-0.2947,4.783,3.318,1.053,-3.256,0.6547,5.05,5.07,5.509,-2.53,-4.706,-0.096,4.957,8.139,-4.563,-5.283,2.006,4.936,2.769,-12.66,-4.518,-3.663,4.076
529,1.01,2.234,1.373,6.16,-0.9297,-2.389,1.13,1.15,4.923,0.2934,-3.277,-3.674,-16.42,4.962,5.073,10.53,-0.8972,-7.203,-6.703,-3.748,-0.453,1.587,-0.3433,11.64,4.523,-2.11,-4.707,-2.197,2.443,-2.138,0.995,0.8495,-0.4475,-0.6082,-4.96,-0.0476,8.402,5.827,4.519,-4.55,-0.4411,5.05,5.07,4.946,-3.399,-5.965,-0.844,4.606,11.3,-1.496,-1.96,0.8377,3.963,1.478,-11.37,-5.031,-4.876,2.901
530,1.01,3.731,-1.49,4.612,-1.795,-1.874,1.13,1.15,0.9983,-0.3046,-4.466,-4.101,-17.56,0.7969,5.83,7.745,1.452,-5.841,-3.245,-3.466,0.7787,-0.708,-0.1929,13.9,2.799,0.2676,-1.561,0.1832,-0.7295,-4.146,-1.051,1.01,-1.507,0.3973,-2.083,-3.164,4.419,4.472,3.693,-2.184,3.121,5.05,5.07,3.031,-7.024,-5.68,0.609,3.984,8.965,-1.305,-3.299,0.9674,3.296,2.367,-9.933,-3.112,-6.89,2.846
531,1.01,-0.4063,-0.4397,2.775,1.912,-1.772,1.13,1.15,2.432,1.497,-3.665,-3.562,-17.44,4.245,5.14,5.095,0.7419,-6.619,-3.537,-3.843,1.262,-0.024,-4.342,14.34,3.13,1.001,-2.604,-3.078,1.793,-5.006,1.14,0.4267,0.0287,1.862,-0.3528,-0.855,5.476,4.633,2.174,-0.3293,2.281,5.05,5.07,2.727,-2.788,-5.475,-1.059,2.153,7.016,-2.915,-0.4371,1.83,4.537,3.677,-9.99,-5.985,-5.504,5.652
532,1.01,3.564,-1.73,6.252,-0.9917,-3.598,1.13,1.15,3.134,2.58,-3.509,-4.905,-18.82,2.818,6.58,6.454,0.6211,-8.894,-3.878,-2.685,2.871,1.302,-3.441,14.72,3.991,1.654,-3.103,-1.81,0.6938,-2.019,1.448,2.296,1.376,-0.5138,-5.062,-1.925,4.75,2.151,2.179,-3.067,1.065,5.05,5.07,3.24,-6.745,-5.284,0.0797,3.563,10.9,-2.471,-4.875,2.687,3.803,2.319,-11.17,-3.177,-6.947,2.951
533,1.01,-0.7312,5.28,3.199,1.88,-0.6456,1.13,1.15,4.397,1.378,-2.321,-4.522,-15.66,1.406,3.907,5.547,1.622,-5.858,-7.002,-2.275,0.0169,2.4,-1.147,13.36,3.31,0.7206,-3.326,-2.551,-0.6758,-4.475,1.828,1.722,0.1571,-0.1576,-1.374,-0.8297,6.284,4.503,2.69,-3.379,2.633,5.05,5.07,6.035,-5.117,-5.438,0.495,4.263,7.904,-1.513,-6.158,3.158,5.169,2.562,-10.49,-1.237,-8.486,2.474
534,1.01,0.9351,0.8711,2.199,0.788,-2.72,1.13,1.15,2.96,2.64,-4.488,-2.933,-18.47,1.707,4.818,5.775,-0.3176,-6.208,-1.916,-3.643,-0.4533,-0.4534,-2.107,16.37,5.321,0.643,-3.898,-1.744,0.8553,-0.1627,3.026,-0.3502,-2.41,1.208,-1.643,-1.629,5.733,4.311,1.936,-2.101,0.4619,5.05,5.07,6.255,-4.701,-5.016,0.2052,3.276,11.51,-4.512,-5.132,0.3427,3.369,3.158,-11.63,-4.214,-4.769,1.735
535,1.01,3.348,0.4241,4.221,2.921,-0.8528,1.13,1.15,4.672,0.75,-4.646,-3.581,-17.59,1.382,5.169,7.458,0.3062,-6.934,-5.088,-3.812,-1.87,0.8988,-0.1727,14.5,4.976,0.1989,-2.639,-4.243,0.3212,-3.737,1.047,1.405,2.067,1.917,-4.227,-1.51,6.034,5.108,3.397,-2.215,0.4718,5.05,5.07,4.647,-3.274,-6.166,2.16,6.164,8.786,-1.039,-6.657,2.233,3.926,3.823,-10.14,-6.13,-3.257,3.15
536,1.01,2.456,-5.398,4.781,2.022,-1.385,1.13,1.15,2.616,0.0645,-0.9714,-3.118,-16.45,1.407,6.52,5.72,1.423,-5.602,-4.281,-2.818,2.765,1.166,-1.263,16.03,0.838,2.161,-1.38,-0.7084,2.554,-1.816,4.485,-0.9856,-0.698,0.7352,-0.9159,-2.394,4.429,3.47,2.441,-4.486,2.859,5.05,5.07,4.152,-3.218,-5.717,-0.7235,4.455,10.94,-0.8965,0.9258,1.757,3.241,2.056,-11.13,-3.386,-5.426,1.308
537,1.01,0.7724,-1.033,2.539,-0.4194,-3.218,1.13,1.15,1.595,1.996,-2.004,-4.382,-15.64,3.406,6.336,5.307,-0.4364,-5.985,-1.909,-2.092,-1.117,4.239,-0.3672,15.12,4.332,3.072,-3.429,-0.9715,1.839,-3.251,-1.843,1.386,1.121,-1.216,-0.4814,-1.442,5.515,6.338,0.6119,-3.267,2.156,5.05,5.07,4.651,0.1862,-5.788,-0.1272,1.868,8.318,-4.575,-0.447,2.475,3.583,2.538,-11.0,-5.192,-3.58,2.95
538,1.01,1.268,2.542,5.769,-0.7047,-2.403,1.13,1.15,3.596,-0.4395,-0.8076,-5.554,-18.01,2.416,7.304,5.453,0.7824,-5.405,-5.133,-4.946,0.4027,0.7326,1.025,12.94,3.481,0.6031,-4.883,-1.831,1.236,-2.951,-2.266,0.9335,2.777,0.5296,-2.332,-2.306,5.867,6.741,3.36,-4.537,0.348,5.05,5.07,5.294,-0.8125,-4.336,0.6485,6.437,4.943,-4.612,-2.467,2.869,3.128,2.236,-9.577,-3.157,-6.621,3.059
539,1.01,1.346,0.0317,2.314,0.5963,1.501,1.13,1.15,3.013,-0.6948,-4.366,-4.213,-17.56,3.143,3.481,5.741,1.249,-5.278,-5.863,-4.547,2.24,2.168,-0.0969,14.74,4.131,0.0161,-3.729,-2.334,1.399,-2.215,-0.2152,0.604,1.034,1.371,-1.421,-0.4073,6.044,6.985,1.775,-2.74,-1.215,5.05,5.07,3.073,-3.142,-6.358,0.2748,2.838,10.54,-1.931,-4.825,2.885,3.47,2.552,-12.99,-2.996,-4.89,3.812
540,1.01,1.613,0.9179,6.183,2.038,0.4862,1.13,1.15,5.51,2.928,-3.613,-5.088,-16.88,3.199,7.348,5.709,-0.5583,-7.995,-5.137,-2.756,1.685,0.1051,-2.07,15.16,2.214,1.432,-3.278,-1.971,3.265,-1.594,2.616,0.8763,1.492,2.196,-2.929,-0.8409,6.839,5.579,4.4,-1.364,0.5249,5.05,5.07,7.505,0.4654,-7.216,-0.5946,3.371,5.069,-1.707,-3.966,1.061,5.397,2.133,-10.64,-4.31,-4.912,2.727
541,1.01,3.192,-1.118,1.6,-0.5687,1.046,1.13,1.15,3.488,0.2457,-1.362,-3.897,-18.69,2.793,6.382,6.806,2.715,-6.955,-4.931,-3.949,1.329,2.506,-1.853,15.67,2.917,-1.102,-3.639,-2.926,0.5071,-3.549,2.932,1.238,1.266,-1.056,-3.557,-1.47,4.959,7.417,1.579,-2.199,0.5535,5.05,5.07,5.383,-2.868,-4.13,-0.9217,4.219,9.552,-4.25,-2.06,2.242,2.001,3.804,-10.86,-4.224,-7.626,3.132
542,1.01,0.3459,2.58,5.533,1.913,-1.022,1.13,1.15,5.61,2.191,-1.691,-2.536,-19.45,3.492,5.864,6.643,2.342,-5.945,-3.066,-4.698,0.575,3.398,-0.077,13.79,1.821,0.1247,-3.767,-3.937,2.305,0.1472,0.8493,-0.6056,-0.0234,1.438,-4.473,-1.173,5.042,2.675,2.802,-1.535,1.599,5.05,5.07,2.969,-2.773,-3.418,2.322,2.75,10.43,-1.597,-0.3765,1.45,2.366,2.947,-10.72,-4.943,-4.193,1.145
543,1.01,0.1194,-7.354,7.971,1.608,-0.1156,1.13,1.15,3.556,0.262,-2.638,-5.224,-16.32,3.111,6.344,6.102,1.35,-5.458,-2.591,-4.306,1.114,0.5438,-2.591,15.09,2.149,1.702,-5.195,-1.592,-1.072,-3.849,0.9513,1.763,-0.4786,-0.2369,-2.302,-2.05,6.428,5.791,1.398,-2.875,2.436,5.05,5.07,4.281,-3.241,-4.664,-1.831,2.469,12.55,-5.167,-7.309,1.426,3.538,2.156,-10.75,-4.59,-5.58,3.091
544,1.01,0.8189,0.0069,3.641,-0.9882,-2.14,1.13,1.15,3.603,3.099,-2.385,-2.252,-17.28,4.104,6.361,8.308,0.2795,-7.565,-3.802,-5.379,0.3367,2.232,-0.8445,12.83,4.383,1.105,-4.767,-1.96,2.424,-1.971,0.1424,-0.9749,1.014,-0.013,-2.355,-2.196,5.264,3.959,2.744,-2.692,-0.9115,5.05,5.07,1.335,-3.639,-5.188,1.317,2.413,6.395,-6.508,-3.933,1.163,4.173,2.046,-10.86,-6.186,-6.276,3.006
545,1.01,0.8158,-1.327,5.329,1.652,-0.0979,1.13,1.15,4.395,0.5317,-3.258,-2.126,-16.55,1.794,3.668,5.399,2.793,-6.943,-3.53,-3.34,2.964,4.352,-2.565,11.81,2.935,1.879,-2.11,-2.644,1.432,-0.3349,0.1981,-0.2491,1.86,0.5903,0.188,-0.8586,5.45,5.055,2.705,-2.841,1.913,5.05,5.07,4.242,-1.196,-5.24,-0.9078,3.086,8.784,-3.927,-5.363,2.594,4.401,3.01,-11.17,-4.16,-6.882,1.71
546,1.01,1.273,2.311,5.088,-1.118,-0.0092,1.13,1.15,2.425,1.77,-1.716,-2.508,-16.0,0.6426,8.181,6.604,-0.1609,-9.412,-6.132,-1.917,1.494,3.266,0.8663,15.42,2.566,0.8767,-1.534,-0.7575,1.392,-1.667,1.863,1.521,1.929,1.33,-2.107,-1.207,7.555,5.314,5.164,-3.324,-0.1083,5.05,5.07,6.653,-3.102,-7.348,0.9122,2.977,9.037,-3.913,-1.013,2.108,3.415,1.569,-11.08,-4.366,-7.294,3.32
547,1.01,1.744,-1.094,3.59,0.0886,-0.6311,1.13,1.15,2.363,0.641,-0.1167,-2.145,-17.28,2.823,8.277,3.46,-0.0126,-6.921,-3.467,-3.874,1.533,-0.7267,-2.001,13.13,4.782,-0.4227,-3.01,-1.403,1.28,-4.012,1.604,2.332,1.391,-0.5879,-3.69,-1.188,6.752,6.985,1.924,-2.297,2.994,5.05,5.07,3.151,-1.158,-5.65,-0.9863,6.829,10.67,-2.025,-2.54,0.8442,3.689,3.128,-11.52,-5.052,-7.485,3.974
548,1.01,1.721,-1.849,4.535,1.122,0.7098,1.13,1.15,1.274,1.192,-4.156,-4.293,-17.26,1.605,5.812,6.111,0.1154,-7.53,-5.242,-1.792,1.103,1.83,-0.7353,13.14,4.334,1.338,-4.386,-0.6172,0.4444,-2.977,1.011,3.161,-1.984,1.844,-1.648,0.096,5.016,4.932,1.258,-0.0612,0.5173,5.05,5.07,4.579,-3.547,-7.307,-1.542,5.465,8.409,-3.52,0.5078,1.207,3.66,2.267,-9.589,-3.685,-6.379,3.938
549,1.01,2.136,-2.764,8.0,1.217,-3.172,1.13,1.15,6.551,-0.7882,-3.432,-5.805,-19.66,2.659,7.894,5.131,1.289,-6.569,-5.244,0.3063,1.565,0.3333,-0.8102,14.25,5.295,2.194,-2.865,-1.319,1.142,-3.08,-0.2778,2.109,0.0093,0.256,-2.603,-2.663,5.726,7.41,3.666,-3.157,0.262,5.05,5.07,5.445,-3.936,-6.216,-1.452,7.425,9.624,-3.195,-1.76,3.146,6.656,2.533,-11.06,-3.232,-10.17,2.787
550,1.01,0.1296,0.4599,2.363,-1.693,-2.082,1.13,1.15,4.628,2.025,-2.007,-2.531,-15.68,0.3825,6.786,7.833,1.354,-6.297,-5.153,-3.103,0.3685,2.783,-1.583,15.8,4.305,-1.127,-3.862,-0.5188,2.589,-4.061,-2.201,0.53,0.5393,2.047,-3.863,-0.6284,7.338,5.97,2.668,-2.778,1.531,5.05,5.07,2.96,-4.115,-2.068,-0.7711,4.393,8.757,-3.495,2.582,1.591,2.686,2.71,-9.84,-3.471,-5.988,3.975
551,1.01,1.602,-0.8595,5.588,0.5179,0.3899,1.13,1.15,3.368,-1.066,-2.807,-5.232,-17.79,2.066,6.362,3.308,0.2885,-6.395,-5.503,-2.51,1.544,1.7,-1.708,12.12,2.862,2.899,-1.192,-2.33,1.472,-0.8183,0.6407,0.5972,1.31,-1.484,-2.5,-1.182,6.812,5.262,2.677,-0.8452,3.052,5.05,5.07,2.207,-1.309,-5.501,-0.0175,3.991,5.361,-2.646,1.297,1.482,4.061,2.32,-11.81,-7.347,-5.315,3.425
552,1.01,1.753,2.677,3.606,3.377,-3.459,1.13,1.15,2.888,-0.7329,-4.324,-4.067,-18.86,2.999,7.627,5.157,2.501,-7.26,-5.5,-3.089,2.544,0.6012,-0.3268,13.41,4.38,1.304,-2.483,-4.146,-0.4421,-1.397,3.771,1.28,1.884,-0.1273,-4.141,-0.5774,5.788,5.808,3.299,-2.572,1.466,5.05,5.07,6.977,-1.479,-6.217,2.017,6.647,7.636,-1.953,-2.802,3.231,3.692,3.149,-10.92,-7.194,-6.69,3.422
553,1.01,3.132,-1.949,6.563,0.3013,0.7923,1.13,1.15,1.972,-0.5976,-2.746,-2.597,-16.76,1.94,5.663,6.816,-0.6175,-6.743,-4.729,-4.089,0.5267,1.842,-0.0863,12.95,3.482,0.9268,-3.572,0.439,-0.1126,-2.929,4.978,-2.751,1.173,2.579,-3.116,-0.0196,6.883,6.137,3.428,-3.888,1.523,5.05,5.07,3.764,-5.466,-5.217,-1.19,5.807,5.292,-2.036,-1.216,2.863,4.264,2.113,-10.63,-3.946,-4.147,2.363
554,1.01,0.4753,-1.322,2.511,1.921,0.057,1.13,1.15,3.574,-0.2614,-3.967,-4.363,-18.1,0.7989,5.346,7.855,0.639,-6.124,-3.162,-0.8619,1.863,0.9277,-0.9849,14.71,3.006,1.239,-3.002,0.0232,2.709,-0.2377,-0.0729,-0.5834,-0.7601,0.699,-1.624,-1.59,5.068,5.319,2.053,-3.181,4.114,5.05,5.07,3.974,-2.771,-4.159,1.345,3.583,6.519,-3.998,0.2596,1.466,2.73,1.002,-11.95,-4.091,-6.291,4.119
555,1.01,2.234,-4.152,4.685,1.437,-2.009,1.13,1.15,5.053,1.795,-2.769,-4.555,-16.5,3.282,7.67,7.476,3.056,-7.366,-5.887,-2.19,0.5055,0.7349,-0.8777,13.58,2.399,0.4463,-5.796,-2.836,1.488,-1.497,1.566,2.19,2.71,1.421,-4.141,-2.012,4.314,5.107,0.8404,-2.851,0.2301,5.05,5.07,4.512,-4.541,-5.333,-0.3525,4.539,11.09,-1.651,-4.135,1.885,4.16,2.542,-10.01,-3.29,-7.656,4.018
556,1.01,0.5115,-5.133,2.498,2.575,-1.048,1.13,1.15,2.127,-1.112,-3.743,-2.73,-16.31,2.287,5.431,6.543,2.786,-6.255,-3.727,-3.315,0.3371,2.285,-0.1521,14.94,3.034,0.5156,-2.36,-1.466,0.6411,-3.155,1.461,-0.1474,3.505,-0.7607,-2.159,-0.9789,5.752,5.197,1.518,-1.905,3.582,5.05,5.07,5.378,-2.974,-5.104,0.0769,3.806,5.271,-3.021,-1.221,0.7598,4.168,2.96,-12.64,-4.199,-7.688,2.235
557,1.01,2.651,0.5062,4.944,1.6,0.2812,1.13,1.15,3.185,-0.4156,-1.756,-5.007,-19.19,1.72,7.318,6.165,2.424,-7.609,-5.369,-4.783,2.822,2.995,-0.5217,14.38,1.549,0.9479,-0.9627,-1.174,0.9132,-1.127,-0.3029,-0.1951,-0.5811,-0.9878,-5.477,-1.808,6.907,3.46,3.314,-2.97,-1.118,5.05,5.07,6.016,-3.034,-4.917,0.9695,2.703,6.955,-3.399,-5.851,1.779,6.765,2.842,-10.64,-4.222,-3.833,1.671
558,1.01,3.397,-1.795,3.986,-0.4987,-2.696,1.13,1.15,5.985,-0.621,-2.84,-2.09,-17.99,1.736,5.607,4.98,1.177,-7.13,-5.54,-2.355,0.6031,2.669,-1.216,13.86,3.96,1.961,-3.617,-0.6939,1.76,-2.383,0.7294,-0.0457,-0.4666,-2.574,-2.19,-0.9706,4.424,6.178,2.554,-3.159,2.75,5.05,5.07,5.531,-3.243,-6.652,-1.037,6.171,9.17,-3.417,-1.864,2.133,2.676,2.238,-11.16,-4.425,-5.43,3.79
559,1.01,4.168,-1.385,5.705,0.5302,-4.054,1.13,1.15,3.616,0.6732,-1.664,-3.967,-16.14,4.695,5.98,4.061,2.577,-6.988,-4.553,-2.542,0.5963,-2.234,3.244,12.96,2.681,-1.618,-2.596,-2.184,2.569,-5.667,-3.074,0.5359,0.2148,-0.2922,-1.847,-1.423,6.48,4.9,5.028,-4.741,0.7851,5.05,5.07,3.792,-4.406,-6.643,0.3123,4.916,6.015,-3.539,0.6007,0.7908,1.054,3.112,-10.19,-2.26,-2.899,4.307
560,1.01,1.123,-2.708,7.96,-0.1392,-2.221,1.13,1.15,3.278,1.603,-2.099,-4.299,-18.05,3.937,8.857,6.689,0.1459,-9.495,-4.11,-4.134,1.688,0.8018,-1.992,14.12,3.905,0.8402,-2.6,-2.048,2.265,-3.082,-0.7656,0.7862,-2.47,-0.3107,-5.077,-2.126,5.821,6.937,0.521,-6.404,0.8143,5.05,5.07,4.725,-1.616,-5.214,-1.445,4.103,7.43,-4.241,-1.993,2.585,4.62,3.323,-10.67,-4.874,-5.515,2.681
561,1.01,1.986,-0.1015,3.499,-1.77,-2.226,1.13,1.15,3.63,2.423,-1.626,-3.557,-17.4,4.124,5.39,7.059,1.298,-7.641,-6.841,-5.224,-0.6766,2.072,-1.327,15.18,4.001,3.211,-3.753,-1.411,-0.1021,-4.008,4.063,1.652,1.48,1.88,-2.137,-0.2799,5.636,3.815,3.592,-2.311,2.691,5.05,5.07,4.447,-1.3,-4.746,-0.5162,7.148,9.492,-0.8034,-1.777,2.312,4.082,2.945,-10.98,-4.704,-6.91,3.272
562,1.01,2.774,1.428,4.92,1.197,-1.963,1.13,1.15,4.083,1.372,-3.625,-3.515,-19.12,1.764,6.273,5.227,-0.4352,-8.034,-2.449,-3.041,0.2814,1.57,-1.805,14.13,5.022,0.529,-2.054,-3.263,2.802,-0.4761,2.051,1.554,0.1825,0.7719,-4.091,-2.174,4.195,5.52,0.6237,-3.736,1.935,5.05,5.07,3.653,-5.2,-3.698,0.3657,3.203,6.205,-1.861,-1.295,2.523,5.577,2.405,-10.57,-4.506,-3.868,1.616
563,1.01,3.108,2.929,3.813,-1.76,-2.156,1.13,1.15,3.81,0.9596,-2.358,-6.258,-15.76,3.05,3.567,6.46,1.614,-7.574,-3.875,-2.003,0.7948,-0.5321,-3.75,15.77,2.671,2.7,-5.162,-2.057,1.012,-2.235,-2.057,0.315,-1.196,0.9774,-1.121,-0.671,5.624,5.148,2.409,-3.86,2.982,5.05,5.07,4.542,-4.948,-4.557,1.049,3.573,8.475,-2.739,-6.049,1.848,5.586,3.523,-11.21,-5.945,-4.224,3.184
564,1.01,3.76,5.888,6.351,1.242,-3.506,1.13,1.15,4.812,1.256,-3.875,-4.424,-15.85,1.79,7.5,6.057,1.68,-9.741,-4.142,-3.081,0.113,0.4741,0.9565,13.43,3.204,-0.1598,-3.133,-4.267,1.724,-3.036,0.8501,-0.6416,-0.8261,1.129,-2.39,-1.23,5.135,5.392,2.161,-4.314,3.094,5.05,5.07,7.401,-2.442,-4.13,-0.182,3.956,9.42,-2.188,-2.971,3.505,0.7942,0.9277,-11.84,-7.036,-5.296,3.282
565,1.01,1.115,1.66,4.719,1.585,0.2157,1.13,1.15,4.302,-1.075,-2.358,-2.751,-16.93,4.131,1.594,5.683,0.8839,-7.859,-6.83,-3.777,-0.5657,2.481,-3.019,14.99,3.146,-1.721,-3.691,-1.545,1.766,-2.109,2.33,2.71,1.257,1.23,-2.766,-1.826,6.259,4.229,2.266,-3.744,0.6043,5.05,5.07,6.451,-1.919,-4.846,0.4935,4.186,7.702,-2.036,-2.714,2.727,4.534,2.551,-11.63,-5.394,-3.694,1.998
566,1.01,3.223,1.412,3.406,-0.5698,-0.3421,1.13,1.15,2.441,1.991,-1.908,-6.588,-16.02,3.266,6.067,7.986,1.383,-5.889,-3.053,-5.224,3.67,3.608,-2.339,15.03,2.605,1.241,-2.872,-3.351,1.474,-1.599,-0.9541,2.165,0.5386,0.0095,-1.974,-1.936,5.714,4.517,3.031,-3.654,0.4568,5.05,5.07,5.22,-4.203,-7.007,-2.985,3.302,3.865,-4.248,-3.285,2.15,5.878,1.117,-11.19,-3.655,-3.999,2.726
567,1.01,0.9316,0.4718,4.87,0.0065,-0.7533,1.13,1.15,2.137,-0.8406,-2.308,-3.89,-16.09,2.482,4.353,6.712,4.032,-6.071,-6.921,-3.07,3.093,2.009,-0.2017,13.27,2.627,-0.407,-2.747,-2.705,1.087,-1.621,0.9749,3.205,-0.7037,0.3032,-5.072,-1.463,6.626,6.031,3.107,-2.835,-0.636,5.05,5.07,3.045,-1.818,-4.315,-0.7218,6.566,8.054,-3.499,-1.98,-0.128,3.167,1.053,-12.83,-3.772,-6.585,2.528
568,1.01,1.974,-3.458,2.692,-0.1113,0.9781,1.13,1.15,4.507,0.3379,-2.762,-4.303,-16.91,1.799,5.49,6.165,1.9,-5.755,-5.898,-4.192,1.452,1.69,1.133,14.53,4.142,-0.5461,-3.088,-3.08,1.603,-0.18,0.4626,-0.5639,-1.869,-0.9916,-1.135,-2.179,7.489,3.509,3.451,0.7131,3.431,5.05,5.07,4.947,0.419,-5.706,-2.314,3.137,8.846,-4.561,-4.808,1.235,3.758,2.53,-12.31,-3.747,-1.362,2.024
569,1.01,1.839,0.1019,3.653,1.017,-0.5387,1.13,1.15,4.83,1.252,-2.981,-2.468,-15.99,3.598,6.475,5.21,0.5801,-7.866,-6.424,-5.999,2.417,-0.7196,1.268,13.41,3.902,2.405,-3.057,-3.483,1.845,-0.9366,1.74,0.3268,-1.582,0.0091,-3.844,-2.813,6.016,5.696,1.574,-3.352,-0.3019,5.05,5.07,4.069,-0.2761,-5.294,-0.9977,4.679,8.198,-3.051,-4.448,1.271,3.464,2.856,-11.14,-5.834,-5.231,2.263
570,1.01,1.03,-0.4096,5.241,0.3173,-1.417,1.13,1.15,3.086,0.3061,-3.548,-4.474,-16.74,0.7785,6.563,4.427,1.862,-7.554,-7.952,-2.694,0.3397,0.8052,-3.29,13.39,2.388,0.1083,-3.715,-0.2377,0.6843,-4.144,-0.7501,0.5168,0.2271,-1.649,-3.328,-0.718,6.456,6.439,1.883,-4.144,0.3216,5.05,5.07,2.807,-1.308,-8.032,-1.448,4.837,8.187,-2.423,-6.244,0.9506,1.116,2.646,-10.69,-3.387,-9.324,2.925
571,1.01,3.255,-1.869,4.691,0.1979,-1.479,1.13,1.15,2.153,1.77,-4.002,-4.294,-16.96,2.855,4.337,4.717,0.7727,-9.554,-3.524,-3.845,-0.7112,1.871,0.7644,14.61,3.768,1.608,-2.964,-1.712,-1.627,-1.694,-1.24,1.882,0.3009,0.0534,-2.391,-1.168,4.247,4.394,3.041,-1.739,-0.9908,5.05,5.07,4.649,-1.798,-4.753,-0.3679,4.227,6.241,-2.642,-4.151,1.975,2.588,0.7467,-11.09,-5.282,-5.56,2.566
572,1.01,1.386,-4.662,5.795,-1.61,-1.239,1.13,1.15,5.209,0.0273,-0.8843,-3.921,-15.34,2.871,3.171,6.886,0.037,-6.113,-4.12,-1.315,2.62,1.294,-2.146,15.03,5.863,-0.0646,-3.659,0.0305,0.3623,-1.618,-2.262,-1.152,-0.4904,-1.232,-1.026,-2.153,7.236,3.628,0.3083,-1.115,1.864,5.05,5.07,4.188,-0.0613,-5.696,-1.76,3.673,9.734,-1.049,-5.885,0.4898,4.045,2.956,-10.98,-4.91,-6.406,3.912
573,1.01,2.891,0.4427,3.719,-0.8296,-0.046,1.13,1.15,2.852,-0.3744,-3.819,-4.526,-16.19,2.367,4.008,6.799,1.331,-7.039,-2.812,-0.9058,0.2562,2.617,-0.9934,13.9,2.961,-0.1,-3.018,-0.1115,1.106,-2.865,1.409,0.4822,0.5713,0.3961,-2.192,-1.248,5.921,5.889,3.926,-4.234,2.68,5.05,5.07,3.814,-2.523,-6.902,-2.628,5.918,9.403,-5.306,-6.084,0.6083,2.833,1.419,-11.82,-5.551,-5.747,2.921
574,1.01,2.331,-0.4413,4.229,0.0417,-2.151,1.13,1.15,5.831,1.062,-3.415,-5.551,-17.26,0.6669,3.88,6.038,1.994,-6.142,-5.529,-3.874,3.568,1.58,0.4492,15.44,3.713,2.361,-1.964,-1.84,2.339,-4.352,-0.4995,-0.6002,-0.406,1.98,-5.877,-0.3007,4.493,3.901,2.062,-3.868,0.0049,5.05,5.07,4.119,-2.104,-4.974,0.0826,4.359,7.7,-2.005,-3.609,1.027,1.478,4.112,-11.42,-5.129,-6.132,3.663
575,1.01,1.677,-0.864,5.837,1.18,-0.9843,1.13,1.15,5.419,1.663,-4.485,-5.601,-15.73,0.8538,6.088,4.37,2.624,-7.32,-5.989,-2.292,1.881,1.455,1.298,14.78,4.765,-0.153,-2.454,-1.447,-0.1093,-1.581,0.0215,2.278,-1.382,-1.362,-2.009,-0.9087,6.743,6.537,2.679,-5.642,0.4169,5.05,5.07,3.725,-1.614,-5.931,0.6115,3.732,12.2,-4.497,-1.286,1.031,3.368,2.934,-10.64,-4.073,-5.462,2.52
576,1.01,2.538,-0.9093,4.575,1.404,-1.344,1.13,1.15,3.473,0.6987,-2.374,-3.411,-17.05,2.732,5.658,7.297,1.159,-7.758,-4.569,-2.428,1.071,1.572,0.56,14.81,2.06,-1.032,-3.348,-0.9067,0.6055,-3.307,-2.504,2.059,-0.4303,2.048,-3.083,-1.801,2.612,5.353,3.015,-5.155,-0.02,5.05,5.07,6.718,-1.882,-4.929,-0.7037,6.179,6.265,-4.003,-0.8347,0.2463,1.546,1.736,-11.54,-3.621,-3.859,2.627
577,1.01,1.722,-2.574,2.648,-0.1037,-2.002,1.13,1.15,2.103,1.663,-2.573,-3.997,-14.56,1.56,5.209,7.118,2.3,-6.36,-5.425,-4.78,3.348,1.101,0.0277,10.84,3.722,0.9902,-3.952,-2.953,-0.7902,-1.39,2.812,-1.221,-1.85,-1.011,-3.048,-1.524,5.616,4.485,-0.5249,-2.988,2.583,5.05,5.07,4.653,0.4779,-7.619,-2.712,5.223,11.66,-3.795,-2.619,2.751,4.616,3.016,-11.77,-6.107,-7.131,2.376
578,1.01,1.137,8.056,7.899,1.281,-0.4243,1.13,1.15,5.207,1.07,-3.676,-3.952,-17.61,3.874,6.786,5.497,1.797,-4.931,-4.906,-3.864,2.49,3.3,-0.9846,15.45,4.387,-0.6558,-2.565,-1.137,0.8032,-2.167,0.2262,-0.8763,1.355,-0.4088,-4.08,-0.4005,5.727,4.689,2.405,-2.909,2.603,5.05,5.07,5.483,-2.857,-4.651,-1.427,4.146,10.43,-4.36,-2.241,1.951,3.96,3.173,-10.8,-6.188,-5.634,4.245
579,1.01,4.132,-1.652,6.321,-0.3844,-1.508,1.13,1.15,4.812,1.262,-1.445,-5.495,-17.87,2.786,6.6,5.769,1.975,-6.949,-4.624,-3.733,1.524,3.006,1.134,17.61,3.745,0.3825,-1.123,-1.652,2.315,-1.388,-0.1066,1.624,-0.8909,-1.489,-2.577,-1.462,7.187,5.352,-0.4647,-5.554,1.134,5.05,5.07,6.224,-2.833,-6.444,0.0414,5.73,7.559,-2.327,-3.111,-0.3801,2.632,2.16,-12.39,-3.824,-4.46,3.051
580,1.01,0.3017,-1.667,2.999,2.371,-2.605,1.13,1.15,3.188,-1.743,-3.14,-2.569,-16.93,3.761,3.58,4.287,-0.5124,-5.774,-2.45,-4.543,-0.5204,2.526,-0.7544,14.92,0.6164,0.2454,-2.758,-2.375,2.141,-3.629,-1.889,0.6202,-1.622,-1.09,-3.118,-1.68,4.783,4.308,2.0,-2.813,1.001,5.05,5.07,4.679,-1.287,-5.288,1.636,3.211,10.32,-2.7,-3.19,3.289,5.417,2.421,-12.13,-4.518,-5.439,3.627
581,1.01,-0.5085,-2.415,6.82,2.024,-2.052,1.13,1.15,4.037,-0.5548,-1.869,-4.776,-18.03,0.0482,6.559,5.43,0.2591,-7.65,-5.99,-6.168,-0.4023,2.66,0.0792,15.58,3.965,-1.101,-2.432,0.9741,2.475,-3.063,3.374,2.317,0.0496,1.399,-3.602,-1.975,5.228,4.026,4.267,-3.765,-1.546,5.05,5.07,6.063,-1.801,-6.685,-3.275,3.92,7.711,-2.226,-6.108,3.113,5.023,2.101,-11.3,-4.499,-4.418,3.806
582,1.01,2.177,-2.647,3.165,-1.875,-3.237,1.13,1.15,3.142,1.186,-2.279,-6.421,-17.25,2.032,3.785,8.664,4.209,-5.632,-5.61,-3.326,1.797,4.234,-0.6047,15.61,3.924,-0.1833,-4.701,-5.548,0.8524,-2.13,-0.9697,1.515,0.9952,-0.1459,-3.261,0.0112,5.655,5.312,1.849,-2.306,-0.9433,5.05,5.07,2.579,-2.657,-2.923,-1.153,3.74,9.719,-2.271,-5.918,1.321,2.061,1.659,-10.41,-4.141,-6.21,3.371
583,1.01,2.88,-1.591,6.599,1.313,-1.224,1.13,1.15,3.666,1.441,-2.236,-2.57,-17.3,1.879,6.24,6.833,2.367,-4.457,-5.461,-3.486,-2.221,0.3217,-1.884,13.06,3.341,-0.1648,-2.399,-3.628,0.0452,-1.828,2.56,-0.4313,-0.5621,1.078,-1.199,-0.1413,4.855,2.36,0.8997,-1.301,0.8902,5.05,5.07,3.313,-1.149,-5.018,1.877,3.989,8.376,-1.539,-2.54,1.114,3.591,0.3538,-10.5,-5.169,-9.488,3.666
584,1.01,2.374,2.678,5.502,1.53,-0.5172,1.13,1.15,7.423,2.383,-2.163,-5.077,-14.99,3.07,5.843,6.302,3.445,-5.875,-3.79,-2.302,2.713,1.934,-3.661,13.46,3.742,1.134,-4.291,-3.4,0.6117,-4.069,-0.9228,-0.2348,0.26,1.826,-0.2166,-1.424,4.118,3.301,1.276,-2.308,0.5121,5.05,5.07,4.459,-2.851,-7.053,0.2705,4.1,12.21,-4.095,-0.8237,1.46,5.248,1.1,-11.62,-6.209,-8.08,3.642
585,1.01,2.986,-0.8561,5.285,-0.615,0.2325,1.13,1.15,3.825,0.2936,-2.711,-4.476,-18.2,0.8624,5.27,4.82,2.72,-5.391,-3.684,-1.473,0.0581,2.289,-1.289,14.64,3.631,-2.151,-2.675,-2.301,2.707,-2.948,0.5574,-0.5378,0.2078,0.8917,-0.9454,-1.807,5.126,4.228,3.664,-1.996,1.744,5.05,5.07,2.182,-2.628,-6.943,0.2627,3.205,7.538,-4.855,-1.515,1.138,2.287,2.607,-9.708,-5.175,-7.589,2.951
586,1.01,0.8114,-0.978,5.89,1.869,-2.756,1.13,1.15,5.315,1.395,-4.332,-4.591,-17.16,4.231,5.569,4.392,1.589,-8.989,-1.709,-3.974,0.947,0.5586,-0.0358,11.69,5.545,0.0813,-1.249,-0.725,0.3415,-2.647,-0.5514,-0.0859,0.228,1.66,-3.364,0.4607,5.314,6.99,6.118,-3.749,1.322,5.05,5.07,5.889,-2.519,-4.35,0.5957,5.372,8.328,-2.795,-3.883,-0.2382,2.443,2.178,-10.55,-4.089,-7.539,3.378
587,1.01,0.9754,1.657,4.726,-0.5943,-0.6373,1.13,1.15,4.486,-0.7651,-3.485,-4.071,-15.46,3.71,6.129,7.963,-0.1925,-7.975,-2.379,-2.885,-0.6635,2.818,0.5905,15.15,2.863,2.015,-2.255,-3.299,1.723,-2.624,0.4019,1.387,-0.9998,1.079,-3.624,-1.873,7.091,5.706,2.149,-4.147,-1.093,5.05,5.07,6.553,-5.829,-5.779,0.7574,3.212,12.25,-2.82,-4.866,1.403,4.16,2.69,-9.592,-3.801,-4.818,1.361
588,1.01,1.518,-8.919,3.96,-0.6552,0.5874,1.13,1.15,4.726,-2.35,-1.972,-3.544,-17.52,3.007,6.758,7.545,0.8447,-7.377,-4.621,-4.084,2.512,2.186,-1.247,13.36,3.365,0.7883,-1.289,-3.207,0.8763,-0.1014,0.6403,-0.6397,-0.281,2.291,-3.045,-1.144,7.153,3.984,2.084,-2.372,1.674,5.05,5.07,5.99,0.9808,-5.881,-1.106,5.451,10.91,-1.689,-1.983,1.806,3.279,0.9232,-10.57,-3.444,-7.09,3.381
589,1.01,1.484,0.3489,4.295,2.213,-2.5,1.13,1.15,3.553,-0.1902,-5.45,-5.366,-15.34,4.772,4.861,5.74,1.052,-7.885,-4.148,-3.711,1.24,-0.0135,-0.6866,13.44,1.207,-0.8992,-2.978,-2.396,1.674,-0.4906,2.714,0.8077,0.1336,-0.3894,-4.471,-1.222,5.795,4.464,1.216,-1.732,0.2497,5.05,5.07,4.152,-2.69,-8.576,-1.564,5.347,1.176,-4.191,-2.865,4.192,2.745,1.396,-11.48,-4.411,-6.156,3.991
590,1.01,0.9154,-1.527,5.011,0.7278,-0.7326,1.13,1.15,2.893,0.618,-2.618,-4.712,-16.41,2.739,5.236,7.366,2.281,-7.011,-4.635,-3.707,1.119,1.699,-1.13,13.02,3.734,0.1576,-4.022,-3.009,2.043,-0.2808,0.9739,-0.1536,-1.125,1.555,-2.626,-0.3369,6.391,5.057,4.69,-2.727,1.811,5.05,5.07,4.481,-2.709,-5.982,1.304,3.982,6.856,-5.448,-4.355,0.6124,5.268,1.5,-11.21,-4.446,-5.495,2.373
591,1.01,2.394,1.397,5.976,2.346,-3.709,1.13,1.15,3.909,0.8918,-0.7174,-3.872,-17.83,0.8295,4.944,5.29,2.29,-8.305,-5.627,-3.666,3.165,1.403,-1.867,12.71,4.493,-0.4007,-1.844,-3.645,2.122,-1.202,-3.324,-0.1294,1.534,1.535,-1.988,0.4634,5.089,4.453,4.21,-1.853,0.9563,5.05,5.07,4.635,-5.83,-0.4034,-3.19,5.466,7.017,-1.17,1.48,1.131,2.523,1.473,-11.72,-3.104,-6.082,0.6998
592,1.01,2.303,-0.5415,7.251,2.669,-0.3366,1.13,1.15,3.373,-0.1998,-3.291,-5.095,-15.48,3.4,3.756,4.655,1.227,-7.291,-5.012,-2.509,2.023,1.538,-1.721,16.81,4.681,0.3556,-4.991,-5.037,0.6325,-1.053,-1.191,0.4306,-3.121,0.3459,-2.199,-0.2191,4.416,5.741,3.522,-1.839,-0.3223,5.05,5.07,2.691,-2.17,-3.398,2.12,3.549,6.288,-3.925,-4.435,1.251,3.642,1.599,-11.78,-2.631,-6.715,4.053
593,1.01,3.72,-5.19,3.23,-0.7129,-2.84,1.13,1.15,4.303,1.828,-3.015,-4.59,-17.02,1.634,6.684,3.502,2.063,-9.201,-3.698,-0.2444,-0.0714,-0.8109,2.314,15.89,3.88,1.142,-4.495,-1.4,2.735,-4.07,-1.665,1.782,1.745,-0.9896,-2.43,-0.7651,5.089,4.385,3.102,-2.609,0.519,5.05,5.07,4.294,-3.958,-6.052,-0.6927,5.894,11.2,-2.203,-3.011,2.244,4.738,2.918,-11.49,-4.172,-9.151,2.48
594,1.01,0.9448,-0.3841,4.596,-0.7002,-0.0823,1.13,1.15,4.38,1.478,-2.841,-3.09,-16.1,2.488,6.081,8.173,1.623,-7.195,-2.331,-2.021,1.409,2.998,-1.258,14.1,2.348,0.6664,-2.163,-1.418,0.3591,-0.9118,1.124,0.9636,-2.848,-0.142,0.039,-1.008,4.7,3.565,-0.5283,-4.499,2.221,5.05,5.07,3.508,-4.623,-5.172,1.577,5.099,9.048,-2.937,-5.734,3.009,2.912,1.234,-9.427,-4.951,-5.436,0.6414
595,1.01,0.8334,-2.81,5.358,2.661,-0.464,1.13,1.15,3.718,2.574,-3.173,-3.926,-18.89,3.9,7.06,5.906,0.0268,-9.246,-6.443,-3.448,-0.3589,0.0549,0.1473,12.78,2.279,-0.2535,-3.106,-0.933,3.008,-2.849,0.9292,-0.2021,-0.4408,1.063,-2.51,0.0834,5.096,3.581,1.571,-0.6212,1.799,5.05,5.07,0.1667,-2.227,-3.998,-2.968,4.87,9.414,-4.188,-1.077,2.903,4.765,4.21,-12.05,-5.83,-6.218,3.676
596,1.01,1.548,-1.298,6.057,-1.476,0.2872,1.13,1.15,3.243,1.168,-2.033,-2.902,-18.32,1.964,5.675,7.769,0.8993,-8.698,-6.032,-4.093,0.1264,2.302,-3.312,16.32,5.844,0.2848,-2.083,-3.537,0.0785,0.2586,-2.063,1.606,1.005,0.4622,-0.88,-0.3019,5.832,7.292,4.45,-2.776,0.95,5.05,5.07,6.722,-1.645,-7.799,-0.9304,5.469,4.53,-3.234,-1.366,1.596,6.614,2.779,-11.22,-6.137,-8.146,2.217
597,1.01,4.316,-1.008,4.579,-0.4698,0.7303,1.13,1.15,4.637,-0.1085,-3.866,-4.106,-17.79,-1.109,5.761,5.682,1.308,-4.448,-2.891,-1.985,0.8248,1.392,-0.094,15.87,3.451,0.8216,-3.524,-3.263,2.156,-1.105,-1.636,-0.4967,-0.3137,-1.889,-1.982,-2.82,4.03,5.958,1.026,-2.551,2.258,5.05,5.07,1.303,-3.374,-5.277,0.7055,4.357,7.44,-3.465,-6.723,1.004,3.508,2.443,-10.19,-3.547,-7.238,3.276
598,1.01,2.687,2.882,5.706,-0.8974,0.1359,1.13,1.15,2.695,-0.4309,-2.997,-3.835,-17.16,2.572,4.582,6.092,2.829,-7.131,-2.962,-3.492,2.712,2.072,-0.1652,14.88,5.239,0.9805,-2.775,-3.724,3.004,-0.707,1.273,1.23,-1.578,-0.9962,0.1785,-1.656,6.974,4.33,1.958,-2.267,2.145,5.05,5.07,5.794,-4.761,-6.744,0.4741,1.885,6.6,-1.058,-1.31,0.5963,3.77,3.006,-11.29,-3.984,-6.542,2.498
599,1.01,3.568,4.276,3.19,-0.2078,-1.884,1.13,1.15,4.487,0.1868,-3.087,-6.567,-17.44,4.088,7.092,6.222,0.698,-6.815,-5.228,-4.108,1.702,0.3866,0.3832,15.68,3.703,1.417,-5.1,-4.3,3.313,-4.084,-0.8003,2.92,0.8644,-0.9511,-3.335,-2.067,6.769,5.983,4.528,-2.353,2.095,5.05,5.07,4.464,0.7797,-3.28,-1.565,3.815,9.365,-6.284,-1.413,1.245,4.355,2.179,-11.89,-4.899,-9.627,1.978
600,1.01,2.818,-1.826,7.265,0.519,-0.2593,1.13,1.15,3.712,2.42,-3.07,-4.742,-15.09,0.9979,4.631,6.273,1.061,-6.521,-5.527,-1.975,1.304,2.596,0.829,14.96,3.682,3.232,-2.401,-0.2772,0.4247,-1.842,-0.7332,0.1058,-0.8568,1.119,-2.637,-1.481,5.483,3.448,1.391,-2.577,2.397,5.05,5.07,3.539,-4.032,-4.526,0.3971,5.1,8.467,-2.559,0.2968,0.795,2.524,-0.2069,-11.52,-3.523,-4.609,1.897
601,1.01,0.7453,0.0078,5.485,2.377,-0.415,1.13,1.15,5.007,0.0051,-4.111,-3.456,-16.02,4.034,6.16,4.382,0.1208,-6.961,-5.549,-3.786,-0.0691,-1.74,-2.924,17.09,3.322,0.9774,-1.955,-2.317,-0.9055,0.168,-1.21,-0.6886,1.025,0.0026,-2.468,-0.5381,5.038,6.36,3.705,-3.167,-0.4979,5.05,5.07,5.022,-0.9639,-4.744,-1.689,1.513,8.889,-2.198,1.414,2.117,2.439,2.223,-12.11,-5.659,-2.851,4.336
602,1.01,2.466,-0.8941,2.826,-2.02,0.1797,1.13,1.15,0.9605,-1.756,-2.22,-3.307,-16.5,2.67,6.561,6.355,0.3304,-6.157,-3.739,-2.796,-0.1735,0.8706,0.1633,13.2,1.713,-0.0017,-4.322,-2.092,2.832,-3.069,0.3945,-0.6675,2.282,1.386,-2.746,-0.0369,5.99,4.299,2.888,-2.902,4.404,5.05,5.07,4.328,-1.417,-4.561,2.502,4.108,4.456,-3.875,-4.786,1.603,2.712,2.008,-11.95,-5.166,-5.925,2.261
603,1.01,2.454,-4.035,5.855,1.944,0.6497,1.13,1.15,2.894,-2.091,-1.594,-4.203,-16.5,1.956,6.025,5.669,2.173,-4.733,-5.143,-2.421,2.139,0.3393,-1.55,12.32,3.676,-1.297,-3.403,0.4889,3.348,-2.272,-0.9596,-2.094,-1.256,1.568,-2.126,-1.721,5.7,5.142,2.231,-2.317,2.226,5.05,5.07,4.706,-3.218,-1.782,-3.365,5.046,12.98,-2.208,-0.6565,1.912,2.495,1.636,-12.03,-4.981,-7.03,3.127
604,1.01,1.263,-3.879,5.648,0.1206,-0.5686,1.13,1.15,3.127,0.2332,-3.002,-3.467,-17.83,3.135,2.951,4.206,1.535,-8.432,-4.947,-2.623,1.557,-0.5009,-0.2839,13.78,2.539,1.392,-3.591,-2.355,2.489,-0.2659,1.36,1.64,-0.5326,-0.0704,-3.944,-2.414,6.62,5.474,2.78,-1.029,3.109,5.05,5.07,4.859,-1.476,-4.535,-1.525,4.655,11.9,-3.322,-3.196,-0.2482,4.514,1.009,-10.86,-3.093,-6.703,3.189
605,1.01,2.404,2.054,6.259,1.003,-0.0424,1.13,1.15,4.027,1.141,-2.949,-5.001,-18.0,4.607,4.6,6.382,2.711,-7.307,-4.36,-1.189,3.14,2.346,-1.201,15.71,4.449,1.335,-3.168,-2.33,1.762,-1.783,-1.552,-1.202,-0.8966,-1.415,-2.558,-1.77,5.307,5.578,2.704,-0.198,4.088,5.05,5.07,3.315,-3.178,-6.722,-1.363,7.072,10.92,-1.459,-2.075,1.701,3.351,2.419,-9.865,-4.744,-7.896,3.384
606,1.01,3.124,-0.0836,6.654,1.523,-2.565,1.13,1.15,2.939,1.671,-2.568,-2.66,-17.43,3.659,4.718,6.194,0.4983,-8.301,-1.198,-4.305,0.4911,2.488,-2.496,12.98,3.069,1.824,-2.426,-1.796,3.627,0.1119,1.114,-0.1061,-1.01,0.513,-2.288,-0.3451,5.498,5.233,3.014,-4.916,1.137,5.05,5.07,6.262,-5.449,-5.943,0.065,3.892,8.122,-2.559,-1.6,2.699,3.591,0.6944,-11.52,-5.482,-4.922,1.723
607,1.01,0.8172,-6.273,3.643,0.3163,1.399,1.13,1.15,4.239,0.0897,-5.594,-6.264,-17.6,3.778,4.597,4.102,-0.9511,-7.027,-4.174,-3.07,2.245,1.525,-2.392,15.25,5.77,3.517,-3.224,-4.069,-1.489,-1.418,2.787,0.2081,0.0753,-0.1704,-2.391,-1.469,6.345,5.494,2.213,-4.269,-1.657,5.05,5.07,4.002,-1.732,-5.219,-0.0068,5.063,8.166,-3.936,-3.534,0.8699,4.385,3.126,-11.88,-4.756,-5.473,2.891
608,1.01,3.226,0.7738,4.824,-0.5527,-1.042,1.13,1.15,5.785,0.1477,-1.631,-3.539,-17.56,1.982,6.41,6.24,0.9708,-6.178,-2.649,-1.415,3.335,1.115,-1.499,13.6,3.138,0.228,-3.16,-0.7324,2.945,-3.377,-1.208,0.8101,0.3337,0.5571,-3.989,-1.271,5.825,5.286,2.268,-5.05,3.139,5.05,5.07,2.734,-2.364,-6.813,2.657,4.948,8.323,-1.466,-3.285,1.191,6.159,2.006,-11.36,-3.772,-5.881,0.5845
609,1.01,1.373,-3.102,5.887,1.809,-2.876,1.13,1.15,6.15,1.272,-2.335,-5.42,-17.53,3.669,6.836,4.933,0.9512,-4.984,-4.48,-6.194,2.005,1.325,-1.482,15.73,2.708,1.839,-4.66,-3.199,2.203,0.0944,-0.4846,1.39,0.3369,0.0427,-1.125,-0.5825,5.512,2.03,0.8278,-2.531,1.234,5.05,5.07,3.19,-1.336,-2.921,0.4029,6.244,7.083,-3.768,-2.985,3.465,3.927,3.709,-11.31,-4.279,-6.931,1.056
610,1.01,0.9434,-0.8498,3.561,1.303,-0.6372,1.13,1.15,4.128,-1.043,-3.572,-5.986,-18.35,3.134,6.679,5.702,2.583,-7.545,-4.213,-3.164,-0.1022,1.782,-1.242,14.48,3.87,0.5057,-3.801,-1.408,0.3197,-0.039,0.1501,1.208,-0.0128,-0.2082,-3.993,-1.125,6.216,5.575,2.135,-3.341,4.055,5.05,5.07,5.746,-0.587,-3.478,0.163,1.248,7.385,-0.3061,0.2426,2.236,3.009,3.057,-11.49,-3.739,-6.491,2.524
611,1.01,3.676,1.138,5.046,-0.4458,-1.778,1.13,1.15,5.498,0.4219,-2.095,-4.574,-17.52,3.133,5.207,6.371,2.367,-5.791,-3.742,-2.888,2.3,-0.1505,0.3372,14.71,2.088,-0.9704,-4.409,-1.189,0.9421,-3.897,-2.497,-0.8515,-0.0867,1.204,-2.748,-0.128,6.051,7.167,2.1,-4.739,1.371,5.05,5.07,2.832,-4.236,-2.367,0.8063,6.498,10.11,-1.076,-1.168,2.606,5.763,1.628,-11.33,-4.326,-7.681,2.322
612,1.01,1.858,4.59,1.016,1.8,-0.2666,1.13,1.15,1.492,1.098,-2.722,-6.11,-18.18,2.865,6.69,3.436,0.6408,-5.063,-5.74,-3.637,0.8922,1.555,-2.118,15.45,2.448,2.324,-0.7353,-3.663,0.0018,-1.769,-0.8931,1.993,-1.682,1.303,-2.779,-2.443,5.589,4.755,3.752,-1.129,2.941,5.05,5.07,5.29,-0.3748,-4.23,-0.6535,5.265,9.317,-4.685,-2.539,2.996,3.636,2.966,-11.93,-3.316,-5.931,1.987
613,1.01,3.286,0.5277,5.767,1.641,-0.2031,1.13,1.15,3.199,0.9596,-4.73,-3.454,-18.19,2.308,6.692,6.87,1.57,-5.509,-4.379,-3.207,0.7862,-3.01,1.049,14.02,3.922,1.479,-1.247,-0.5861,0.5076,-1.527,0.7428,0.638,0.1412,-1.619,0.0307,-1.087,6.11,2.98,1.028,-2.205,2.065,5.05,5.07,5.626,-2.492,-6.853,-1.132,3.666,9.696,-2.646,2.984,1.663,2.549,1.487,-9.88,-4.744,-8.152,3.393
614,1.01,1.869,-0.3297,1.753,0.0643,-2.472,1.13,1.15,2.781,-1.532,-5.038,-3.483,-16.0,4.429,5.619,7.649,3.595,-7.484,-2.987,-3.527,1.24,2.146,-1.993,14.99,3.149,0.4195,-3.734,-3.27,0.6547,-1.488,-0.1548,0.0664,-1.884,1.069,-3.928,-2.068,5.344,4.964,1.971,-4.176,1.456,5.05,5.07,4.61,-3.026,-7.019,-1.548,4.338,9.356,-2.282,-1.484,1.834,4.221,1.031,-10.98,-4.986,-9.032,1.936
615,1.01,2.1,-0.1507,4.415,3.239,0.1116,1.13,1.15,6.803,2.7,-3.041,-5.042,-17.27,3.086,5.263,6.875,2.416,-6.997,-4.039,-5.075,1.896,3.281,0.0115,14.45,2.445,1.037,-2.934,-3.308,0.8827,-1.424,2.043,1.772,-3.209,0.8289,-2.287,-0.7989,8.245,5.631,1.427,-3.937,3.229,5.05,5.07,4.845,-1.779,-6.518,-1.204,4.878,8.495,-4.178,-0.6812,4.593,5.237,2.549,-12.63,-5.116,-6.231,2.233
616,1.01,1.725,2.057,6.642,-1.674,-1.854,1.13,1.15,6.494,1.267,-3.348,-5.372,-19.58,-0.3364,7.155,5.9,2.24,-6.915,-6.719,-3.937,1.588,0.0864,0.0618,17.06,5.38,2.783,-5.411,-3.279,1.419,-0.1815,1.889,0.7999,-0.7574,0.536,-4.444,-2.795,5.068,3.087,1.54,-3.593,1.871,5.05,5.07,4.59,4.162,-6.44,-1.105,4.68,8.151,-1.365,-2.082,2.575,3.868,2.66,-12.29,-4.328,-6.597,3.449
617,1.01,2.308,-0.0971,4.431,-1.305,-0.5858,1.13,1.15,3.001,-0.941,-4.868,-4.673,-17.3,1.369,5.147,4.963,1.423,-6.297,-6.345,-4.458,2.38,-0.4596,0.5816,13.1,2.71,-0.7152,-6.13,-0.2121,1.009,-2.847,-1.559,0.275,-3.074,-0.3956,-1.045,-1.593,5.708,2.911,2.953,-2.58,0.3115,5.05,5.07,4.399,-4.79,-4.694,1.379,7.357,7.963,-4.729,-2.688,0.4145,2.393,1.619,-12.49,-5.174,-6.551,2.988
618,1.01,1.526,0.0206,4.043,2.672,1.686,1.13,1.15,3.673,-0.0447,-2.485,-3.045,-18.95,2.584,6.389,5.451,1.019,-7.557,-4.06,-2.7,1.37,0.1577,-0.2726,12.89,2.621,-0.0023,-2.647,-2.778,1.966,-2.228,1.906,-0.0333,-0.0111,-0.8412,-1.202,-1.941,6.245,4.679,3.705,-2.132,1.7,5.05,5.07,2.47,-0.8497,-4.397,-2.112,5.32,7.89,-2.893,-1.205,3.951,3.537,2.029,-11.16,-4.788,-6.437,2.82
619,1.01,2.813,4.677,5.659,-1.992,-0.6352,1.13,1.15,4.249,0.3791,-0.8504,-3.7,-16.92,3.723,4.863,6.576,1.969,-10.02,-5.744,-4.382,2.111,-1.575,-0.1365,13.88,3.055,0.4194,-6.856,0.2097,2.57,-2.158,-0.4825,0.1439,0.6794,-1.448,-2.87,-0.72,5.735,6.206,1.222,-3.853,-0.868,5.05,5.07,6.003,-2.926,-4.789,1.327,2.706,12.38,-1.364,0.7853,2.759,3.049,1.665,-11.03,-4.945,-7.227,3.18
620,1.01,2.46,-3.03,3.427,0.0176,0.0143,1.13,1.15,4.437,0.3714,-1.35,-2.786,-14.83,0.332,6.093,6.853,0.5059,-9.037,-5.496,-1.298,2.29,0.8376,-1.066,15.97,4.441,1.176,-0.3253,-4.086,3.97,-2.907,3.689,-0.0482,0.3294,-0.9355,-0.0504,-1.099,4.354,5.003,3.779,-2.094,1.294,5.05,5.07,4.493,-5.752,-4.681,-1.116,3.967,10.95,-3.337,-3.976,3.321,1.342,1.707,-11.99,-3.936,-3.517,2.019
621,1.01,1.06,-1.037,4.745,-0.0632,-0.844,1.13,1.15,4.241,0.8469,-4.397,-3.535,-20.36,1.235,5.809,5.573,1.379,-7.285,-3.867,-2.935,3.089,3.0,-2.165,12.46,0.9964,0.3047,-4.063,-1.441,1.985,-1.721,0.1732,-0.1363,0.4564,-0.6325,-1.909,-0.6403,7.081,4.923,3.303,-0.8767,1.275,5.05,5.07,5.856,-0.8811,-5.919,-2.336,2.672,9.158,-2.65,-3.218,2.06,2.603,2.663,-13.4,-4.141,-3.074,2.751
622,1.01,1.818,-0.7898,5.832,2.261,-0.3677,1.13,1.15,5.629,0.0625,-3.643,-3.924,-17.01,3.13,5.964,5.096,1.086,-6.598,-7.435,-6.115,1.66,0.4064,-1.423,15.35,2.984,1.036,-0.6331,-1.143,1.709,-1.385,0.8973,0.9974,-1.256,0.5161,-4.656,-2.665,4.747,7.484,4.331,-4.354,2.281,5.05,5.07,6.294,-4.591,-4.585,-2.426,5.822,9.629,-3.86,-3.21,1.773,3.78,1.582,-9.227,-6.586,-5.29,4.301
623,1.01,3.561,-4.67,5.125,1.69,-0.5337,1.13,1.15,3.573,1.349,-1.557,-5.877,-17.93,1.219,5.11,4.176,-1.726,-8.168,-3.727,-0.8736,0.5209,2.423,-3.686,13.34,3.089,0.2308,-1.641,-1.025,3.008,-2.285,-1.64,0.7144,-0.8339,-0.0241,-0.9292,0.1229,5.855,4.824,3.829,-2.949,2.844,5.05,5.07,3.588,-2.297,-5.602,-0.6705,6.024,10.3,-2.865,-1.335,1.474,1.436,0.5493,-11.68,-2.657,-5.788,2.212
624,1.01,3.549,1.014,3.018,0.2708,-0.1197,1.13,1.15,4.4,1.404,-5.088,-4.872,-19.65,1.524,6.929,4.9,-1.48,-7.218,-4.072,-0.5178,4.397,-0.9893,-1.085,13.79,4.586,1.453,-2.264,-1.859,1.587,-1.014,2.065,-0.0155,0.6876,0.1383,-5.732,-2.277,4.966,3.807,2.561,-2.298,4.805,5.05,5.07,6.118,-1.693,-6.56,0.2669,4.953,9.629,-4.461,-2.035,2.79,6.222,0.8516,-11.86,-5.704,-9.3,3.052
625,1.01,4.053,-2.8,4.307,-1.477,-1.701,1.13,1.15,4.675,0.8143,-2.984,-5.625,-18.41,0.2507,7.894,5.131,0.1921,-6.525,-4.048,-2.037,3.251,1.078,-0.5987,14.21,5.871,1.545,-2.682,-2.162,2.275,-3.291,-0.8813,-0.277,0.1277,0.4359,-3.256,-3.478,5.578,6.405,3.745,-4.901,1.03,5.05,5.07,4.871,-4.874,-5.755,-1.82,5.769,10.21,-3.453,-5.673,1.681,4.772,2.543,-10.89,-5.143,-6.684,2.362
626,1.01,2.028,0.2019,4.2,-0.5921,-0.2273,1.13,1.15,4.56,0.6336,-2.696,-4.481,-16.77,1.257,4.637,3.229,0.1543,-4.363,-5.617,-4.407,4.063,2.814,-0.8915,15.18,5.324,2.89,-1.519,-4.912,0.3825,-1.05,-2.312,-0.826,-3.137,-0.5913,-4.101,-1.606,4.534,5.705,3.662,-1.3,2.292,5.05,5.07,3.609,-4.803,-4.917,0.2977,4.931,7.967,-2.988,-0.7758,1.332,1.249,0.0045,-11.49,-4.884,-8.626,2.058
627,1.01,2.438,-1.356,3.954,2.07,-2.801,1.13,1.15,3.6,1.394,-4.547,-5.806,-16.47,1.279,7.704,5.759,-0.6954,-7.454,-2.785,-3.387,0.5037,1.784,-3.018,14.42,3.014,2.043,-2.392,-4.827,1.001,-2.871,-0.2706,0.7839,-0.2963,-0.7169,-3.056,-3.279,5.683,6.33,2.748,-0.6537,-0.8639,5.05,5.07,4.353,-3.059,-5.869,1.584,3.131,7.631,-5.228,-1.172,1.036,4.477,1.918,-11.65,-5.888,-5.453,2.476
628,1.01,2.176,4.077,4.345,0.6142,-2.175,1.13,1.15,5.775,1.608,-1.584,-7.037,-16.53,3.475,6.599,4.209,3.277,-7.07,-5.275,-4.235,1.674,0.7814,-0.3899,16.78,2.941,1.69,-3.504,-2.867,1.794,-5.714,1.908,0.5151,-0.3758,-0.0989,-2.55,-2.578,4.359,4.09,2.331,-3.201,1.104,5.05,5.07,2.79,-4.898,-7.888,-0.7268,4.345,10.89,-3.44,-1.375,0.6548,7.228,2.06,-12.24,-4.314,-6.529,-0.1762
629,1.01,1.333,-1.607,4.347,-0.1193,-1.191,1.13,1.15,2.213,-0.573,-1.883,-4.43,-14.3,1.692,6.281,5.019,0.7017,-7.96,-5.255,-4.703,3.574,-0.0461,-1.695,13.78,2.076,-0.2951,-2.686,1.526,2.816,-1.568,-1.301,1.346,-0.9977,0.0181,-3.174,-0.7576,5.504,8.189,2.711,-0.957,-0.2277,5.05,5.07,5.071,-3.55,-5.379,-1.975,5.006,9.124,-4.0,-1.795,2.007,4.575,1.523,-13.35,-6.185,-7.183,-0.54
630,1.01,2.834,-2.658,5.491,0.4663,-0.7173,1.13,1.15,2.03,2.252,-3.859,-5.011,-17.19,1.18,4.53,4.397,-0.4431,-7.864,-5.864,-1.738,4.126,-1.042,-0.2991,14.26,1.823,2.269,-3.504,-3.144,0.8548,-1.725,-0.8333,0.5751,-0.8567,-0.6301,-3.144,-2.193,4.984,1.959,3.189,-2.967,1.629,5.05,5.07,6.076,-3.034,-5.036,-0.8701,2.636,12.21,-5.523,-3.999,-0.2048,5.891,2.83,-12.59,-3.382,-4.62,3.824
631,1.01,3.468,-2.154,3.681,1.232,-2.304,1.13,1.15,1.074,1.256,-2.802,-5.522,-16.99,3.986,7.072,4.233,2.798,-8.036,-6.342,-2.62,-0.8456,-1.479,1.613,12.79,3.371,1.174,-1.319,0.4243,1.217,-2.685,-1.285,-0.9679,-0.0661,-0.3557,-0.7685,-1.614,3.83,4.351,3.197,-5.668,1.204,5.05,5.07,4.826,-3.888,-6.057,0.1389,4.003,12.65,-3.578,-1.967,2.335,4.061,2.857,-12.96,-4.574,-4.294,2.881
632,1.01,1.081,-0.8509,1.064,-0.7573,-0.8794,1.13,1.15,3.802,1.887,-5.018,-4.441,-19.17,1.879,4.868,3.977,0.8896,-6.557,-2.657,-3.593,-0.4477,1.825,-0.1787,13.18,1.697,0.8605,-3.13,-3.277,2.712,-3.442,0.3029,-0.5136,-1.823,0.5874,-2.045,-1.317,6.658,3.428,0.4152,-4.828,0.1944,5.05,5.07,2.513,-3.827,-6.002,-1.393,3.921,7.798,-2.576,-4.404,1.156,3.091,2.57,-12.01,-4.191,-4.84,2.54
633,1.01,2.097,-2.303,5.113,-0.2915,-3.735,1.13,1.15,4.457,2.138,-3.994,-3.167,-16.74,2.883,5.604,6.179,0.262,-6.875,-6.052,-2.095,1.92,2.322,-2.423,13.88,4.575,-0.054,-2.743,-3.737,1.024,-1.151,-1.216,1.713,-1.523,-1.309,-3.99,-2.373,4.367,6.209,0.1765,-2.162,-0.4125,5.05,5.07,3.54,-3.477,-4.799,-0.3353,3.193,9.223,-3.562,0.1599,1.351,4.918,2.888,-11.33,-7.032,-6.007,2.969
634,1.01,0.3411,2.732,3.45,1.506,0.9468,1.13,1.15,2.897,1.765,0.0462,-4.846,-15.76,3.287,6.206,4.54,0.9692,-7.214,-3.354,-1.38,3.123,1.526,-0.7668,13.49,2.902,0.9756,-5.343,-0.9655,0.5215,-2.522,-0.4771,-0.4852,-2.084,-1.034,-4.215,-1.516,6.526,6.069,1.251,-4.409,1.769,5.05,5.07,3.486,-6.146,-5.499,-0.221,5.416,9.82,-3.656,-1.5,1.011,0.9904,0.6597,-11.72,-6.146,-5.519,2.086
635,1.01,2.618,4.645,2.549,0.0451,-2.826,1.13,1.15,2.811,1.801,-4.782,-4.202,-15.24,-0.464,2.367,4.361,0.5132,-5.392,-1.123,-4.931,2.003,0.249,-0.0068,13.39,3.954,-0.736,-1.689,-0.7229,1.025,-1.298,-0.977,0.7229,0.2179,-1.122,-4.556,-0.6294,5.42,3.358,1.903,-1.278,-1.383,5.05,5.07,2.735,-0.5575,-5.51,0.9033,4.596,4.518,-2.311,-1.521,0.9094,3.145,2.258,-11.37,-3.987,-5.336,1.35
636,1.01,3.289,-1.257,3.051,-0.6434,-3.912,1.13,1.15,2.718,-0.9576,-3.927,-2.321,-15.8,3.098,7.515,4.072,0.4778,-7.251,-5.364,-3.871,1.129,1.498,-3.238,13.68,4.301,2.129,-4.756,-4.294,1.033,-3.424,-1.228,1.324,0.5061,-1.47,-4.868,-1.056,3.859,5.205,3.193,-3.935,1.384,5.05,5.07,5.845,-3.074,-8.394,1.299,5.076,6.596,-4.218,-1.651,0.909,3.575,1.522,-13.59,-5.102,-5.892,2.281
637,1.01,3.797,-5.581,3.075,1.87,0.1224,1.13,1.15,5.758,0.4902,-2.027,-3.007,-16.14,2.659,6.177,5.917,2.216,-6.567,-4.212,-1.423,5.027,3.673,-0.6424,13.27,2.02,0.3853,-1.841,-4.04,0.3011,-2.525,-1.788,0.6037,0.6349,-1.183,-3.906,-1.838,6.169,8.015,0.3102,-2.014,0.9803,5.05,5.07,4.17,-3.26,-6.183,-1.038,4.782,8.009,-4.217,-3.715,0.0405,1.91,1.644,-11.25,-5.004,-7.293,3.93
638,1.01,0.7628,-2.276,3.923,-1.76,0.3538,1.13,1.15,5.452,-0.5771,-0.9865,-4.536,-15.3,2.019,6.949,4.69,-1.031,-6.271,-4.448,-3.837,1.694,1.961,-0.8981,14.25,2.172,-1.74,-4.313,-0.2375,2.324,0.6223,1.105,-0.0707,-0.6129,0.063,-2.599,-1.12,6.072,6.035,2.951,-0.6867,0.2841,5.05,5.07,1.54,-1.602,-6.321,0.3096,5.924,7.51,-5.123,-5.236,0.9261,2.496,2.125,-12.88,-4.225,-6.105,2.928
639,1.01,0.8961,0.8462,2.143,0.3124,-0.8451,1.13,1.15,3.398,1.11,-1.018,-4.517,-17.01,1.901,4.499,5.939,3.776,-5.005,-4.507,-2.786,2.802,0.1764,-3.786,15.52,4.512,0.2288,-4.231,-2.85,1.847,-4.134,3.228,-0.0434,-1.636,-1.715,-3.662,-1.791,5.845,5.454,0.9183,-2.439,-1.379,5.05,5.07,4.617,0.3608,-7.549,-0.3047,3.965,9.664,-4.649,-8.764,0.3652,1.811,1.584,-12.06,-5.014,-3.603,3.842
640,1.01,5.621,1.558,3.311,-0.4438,0.9481,1.13,1.15,1.018,-1.187,-1.653,-2.676,-16.55,1.999,6.09,7.314,0.5733,-7.745,-7.359,-1.594,-0.715,1.36,0.4899,16.28,2.403,-0.5449,-1.929,-2.306,2.621,-3.542,-2.0,-0.3223,-1.314,0.3987,-2.608,-2.853,3.866,4.773,1.783,-4.887,-0.9779,5.05,5.07,2.804,-4.657,-7.053,0.0381,5.216,11.13,-5.653,-0.8977,0.9813,3.009,0.3803,-12.39,-3.633,-5.785,3.517
641,1.01,2.327,1.034,4.831,6.31,-0.1188,1.13,1.15,4.323,2.189,-1.11,-4.312,-18.24,4.05,5.348,7.194,0.639,-6.16,-3.55,-2.211,0.4347,2.673,-2.39,14.44,2.887,-0.1209,-2.213,-2.821,2.34,-2.245,-0.2607,1.268,-1.697,-0.8944,-1.45,-3.285,6.323,8.579,2.022,-3.914,0.6924,5.05,5.07,5.224,-2.807,-6.909,0.2937,2.399,9.453,-3.52,-4.665,1.417,0.9255,3.16,-12.97,-5.22,-6.75,2.278
642,1.01,2.397,0.3326,2.428,1.624,-3.381,1.13,1.15,3.089,-0.3446,-0.9816,-5.145,-15.29,-0.3948,5.83,6.698,1.293,-7.517,-5.682,-1.774,0.2426,0.3998,-0.3678,14.12,4.673,1.802,-3.288,-4.092,0.97,-2.384,-0.8487,0.3561,-1.344,0.772,-2.48,-1.307,4.592,6.039,4.016,-3.735,1.161,5.05,5.07,3.479,-3.76,-3.658,-0.5998,1.368,6.21,-2.776,-2.594,2.869,4.052,0.3263,-11.75,-4.632,-6.142,3.446
643,1.01,0.3144,-2.039,3.094,-1.754,1.402,1.13,1.15,3.356,-1.104,-3.125,-2.52,-17.74,2.58,4.435,4.937,1.199,-6.207,-4.254,-2.969,0.9799,1.171,-0.381,13.29,5.163,-0.5175,-2.721,-2.942,2.899,-3.057,0.4804,1.377,0.0247,2.016,-0.6056,-0.6279,3.634,4.096,5.459,-4.441,-1.28,5.05,5.07,5.448,-2.406,-7.483,-0.2656,5.098,10.95,-0.4175,-4.838,-1.141,2.155,1.33,-11.33,-5.159,-6.547,2.481
644,1.01,4.19,-1.292,2.101,2.068,-1.126,1.13,1.15,3.854,1.349,-3.893,-5.771,-16.72,1.615,5.932,3.487,0.3826,-9.215,-3.577,-2.413,1.297,-0.0555,-1.622,12.88,2.697,-1.441,-3.891,-2.17,0.6467,-2.352,0.9848,1.031,-3.27,-2.382,-3.479,-1.491,5.592,4.34,4.073,-1.513,-0.7442,5.05,5.07,4.478,-5.976,-5.533,-0.6491,5.238,10.83,-3.168,-5.92,0.3708,2.895,1.385,-12.35,-2.744,-4.471,0.5422
645,1.01,2.394,-8.039,5.575,0.1849,-1.338,1.13,1.15,4.939,0.7227,-2.891,-6.168,-18.43,3.188,6.064,6.865,2.246,-5.876,-5.189,-3.774,4.517,0.1675,-0.7171,16.55,2.881,-1.341,-3.616,-1.18,-0.1584,0.9143,-0.2602,2.538,-3.103,-2.112,-3.987,-0.3877,5.328,7.847,2.326,-6.73,1.089,5.05,5.07,4.919,-3.113,-5.599,1.153,4.7,10.78,-6.388,-4.699,1.263,2.335,2.916,-12.3,-4.138,-7.338,2.685
646,1.01,0.9859,1.08,4.343,-1.476,-0.8215,1.13,1.15,5.918,-0.1141,-2.612,-2.189,-16.03,2.097,4.755,5.419,-0.3443,-5.828,-4.389,-2.481,2.456,0.1297,0.2113,11.14,2.813,-1.344,-3.654,-3.057,3.198,-4.023,-0.892,0.9257,0.2539,0.5747,-4.074,-0.9709,3.757,4.856,-0.516,-3.321,-0.1426,5.05,5.07,6.55,-3.574,-6.881,-0.2684,2.629,10.79,-4.284,-3.431,0.2849,1.097,2.529,-12.71,-5.124,-3.524,4.645
647,1.01,0.1512,-1.636,2.944,-0.6415,1.085,1.13,1.15,1.959,1.896,-3.838,-4.835,-17.34,3.082,5.215,7.719,-0.886,-7.967,-4.757,-2.934,0.3243,-0.1877,-1.369,13.84,2.586,1.569,-3.09,-3.364,-0.8012,-2.974,4.414,-0.1819,1.933,-1.141,-3.518,-1.258,4.489,3.242,2.245,-1.602,1.521,5.05,5.07,3.361,-2.645,-3.867,1.022,2.617,7.623,-4.162,-3.647,1.893,1.881,1.59,-13.15,-6.567,-7.096,3.519
648,1.01,-2.047,-2.893,3.882,-0.5293,-1.969,1.13,1.15,3.803,1.288,-2.988,-4.995,-16.27,0.3543,3.987,5.709,1.922,-9.665,-3.425,-1.399,4.688,1.556,-0.2723,13.8,2.14,1.068,-5.523,-3.076,2.43,-4.716,2.025,-1.274,-2.046,-0.7893,-6.237,-2.646,5.011,4.974,2.781,-5.962,0.9839,5.05,5.07,2.226,-4.919,-6.833,1.998,3.753,6.504,-3.888,-0.4232,1.592,1.262,2.987,-11.95,-5.959,-6.345,3.471
649,1.01,2.971,-2.571,5.108,-0.3811,-2.583,1.13,1.15,3.794,1.289,-3.118,-5.305,-16.52,0.788,4.755,6.467,1.074,-6.517,-4.213,-2.68,-0.5402,1.65,-0.9594,15.81,0.8902,-1.626,-5.707,-0.9372,1.323,-3.422,-0.0207,0.4424,-0.4649,0.4987,-4.442,-1.405,4.636,3.312,3.388,-2.444,1.066,5.05,5.07,3.11,-4.631,-4.528,-0.5553,4.957,10.27,-3.843,0.2415,1.036,5.68,2.252,-12.38,-4.271,-7.251,1.488
650,1.01,1.195,-0.2235,4.829,2.448,-0.4031,1.13,1.15,5.034,2.136,-5.212,-3.976,-16.77,2.529,3.391,5.765,-0.0648,-8.336,-4.673,-1.759,4.59,-0.8808,-1.535,14.54,3.334,-1.671,-3.069,-2.245,2.365,-3.411,0.7305,0.2016,-2.195,0.5979,0.5011,-2.295,4.895,5.806,2.192,-3.859,1.333,5.05,5.07,5.151,-6.454,-5.584,-1.464,5.286,8.178,-1.875,-0.1949,1.005,3.521,3.045,-13.58,-2.892,-4.099,4.502
651,1.01,3.074,0.8295,2.855,-0.2453,0.1894,1.13,1.15,4.158,0.6124,-4.743,-5.685,-17.42,3.3,4.248,4.903,2.331,-7.035,-2.637,-3.412,2.679,-0.5798,-1.098,12.41,4.189,-0.6893,-1.227,-2.52,1.788,-3.986,-2.037,-1.7,-1.346,1.998,-4.059,-1.243,4.769,7.411,3.987,-4.701,1.34,5.05,5.07,3.076,-3.631,-6.977,-3.136,5.038,8.323,-4.548,-3.0,-1.334,6.016,3.223,-11.04,-6.195,-6.149,1.337
652,1.01,0.6624,-2.551,4.34,-0.1889,-1.23,1.13,1.15,3.517,-0.7445,-1.207,-5.785,-15.64,2.932,4.355,3.385,2.973,-6.087,-3.816,-0.7171,1.852,0.0988,-0.2435,11.1,3.902,0.6195,-0.9402,-2.937,1.945,-1.462,-0.367,-1.228,-3.231,1.05,-2.342,-1.887,5.085,3.427,3.501,-1.615,0.6725,5.05,5.07,4.719,-4.089,-4.635,-1.391,5.332,8.062,-2.735,-1.753,0.9929,0.6534,2.129,-13.69,-3.629,-7.273,3.234
653,1.01,1.744,-1.019,4.566,-1.278,-0.4105,1.13,1.15,5.553,-0.6086,-2.975,-3.614,-16.28,2.551,4.583,5.612,-1.34,-8.73,-3.319,-3.279,1.866,-0.6615,-0.4556,14.7,3.288,0.9781,-2.527,-2.666,1.65,-2.08,1.747,1.754,-1.936,-2.493,-2.44,-1.747,6.61,3.738,-0.2674,-3.612,1.538,5.05,5.07,4.66,0.4063,-6.134,-1.17,5.074,9.347,-2.212,0.0076,1.222,6.925,2.019,-13.4,-5.265,-4.219,2.424
654,1.01,1.338,-2.326,0.1875,0.7606,-1.608,1.13,1.15,4.92,1.238,-3.216,-3.768,-17.3,4.007,4.835,4.64,2.055,-5.492,-4.312,-2.297,0.426,0.6081,-1.558,12.91,2.952,0.3065,-4.763,-2.468,-0.5167,-3.161,1.468,-0.4922,0.4679,-0.7316,-3.865,-1.864,5.189,3.543,0.7163,-4.709,-0.5667,5.05,5.07,3.339,-0.8828,-7.504,-0.0991,4.283,5.322,-3.277,-2.729,2.902,4.754,2.29,-12.66,-5.308,-5.053,3.137
655,1.01,2.062,0.6763,2.714,0.0606,1.075,1.13,1.15,4.199,2.097,-3.699,-4.513,-16.31,4.81,6.073,7.518,1.226,-7.618,-5.095,-0.9738,2.65,-1.083,-0.5377,12.73,2.59,0.8566,-5.631,-2.493,1.35,-3.377,2.856,0.1235,-0.1258,0.6885,-3.656,-0.9158,5.141,4.621,4.577,-4.47,2.486,5.05,5.07,4.622,-1.663,-5.407,0.9634,4.559,8.118,-4.355,-5.612,0.3981,1.637,2.45,-11.98,-4.198,-7.781,1.812
656,1.01,2.45,2.141,4.513,2.42,-0.6804,1.13,1.15,2.866,1.324,-2.574,-3.785,-16.27,1.982,6.209,5.582,-0.1806,-6.713,-4.236,-1.763,-0.7906,-0.8254,-0.5052,14.23,4.513,-0.0563,-4.792,-1.389,0.6625,-1.512,-1.487,1.953,-1.086,-2.988,-1.598,-0.8274,4.931,5.573,2.859,-4.766,0.1362,5.05,5.07,4.807,-2.931,-5.062,0.0264,4.803,8.73,-3.699,-3.961,1.926,3.127,1.014,-11.4,-5.159,-6.86,5.17
657,1.01,1.75,-1.164,5.44,-0.7878,1.443,1.13,1.15,2.283,-0.863,-1.982,-4.614,-16.28,2.638,6.275,3.216,-0.179,-7.699,-6.054,-1.859,0.0631,-0.9655,-0.4721,13.12,4.257,0.246,-2.33,-4.191,1.672,-1.641,-1.562,1.539,-1.545,-0.7852,-2.516,-2.304,5.9,4.757,0.7334,-2.878,2.831,5.05,5.07,4.524,-1.748,-7.116,2.541,4.27,5.327,-3.2,-7.523,-0.6938,2.29,1.462,-13.13,-2.763,-5.276,1.787
658,1.01,3.371,-2.666,1.192,1.319,3.087,1.13,1.15,1.301,2.653,-1.916,-2.832,-17.11,2.688,3.544,4.952,0.7924,-8.619,-4.679,-2.333,1.071,1.15,-1.962,16.03,3.115,0.7263,-3.729,-3.139,2.75,-3.093,-0.9041,0.4277,-0.7573,1.352,-2.844,-0.7916,6.606,4.754,2.684,-4.814,0.3933,5.05,5.07,6.24,-7.106,-6.757,2.255,2.539,8.317,-3.485,-0.2381,2.215,1.597,1.314,-12.97,-4.009,-5.855,0.7422
659,1.01,2.971,1.152,4.915,0.3465,-1.412,1.13,1.15,3.553,0.9381,-2.886,-4.897,-16.65,1.989,6.555,5.917,-0.8915,-10.38,-4.813,-2.888,1.115,1.323,-3.783,14.9,3.266,0.8385,-3.438,-2.623,1.273,-1.531,0.7671,0.3133,-0.3652,-1.565,-3.307,-0.7848,5.483,3.881,1.059,-1.69,2.092,5.05,5.07,5.09,-4.8,-4.262,-0.0837,2.614,11.04,-6.58,-3.679,1.79,2.352,2.078,-12.32,-3.755,-3.284,2.231
660,1.01,3.366,-4.154,2.641,0.8669,-3.955,1.13,1.15,2.879,-0.8658,-1.953,-3.767,-19.01,1.623,7.112,4.267,2.212,-7.421,-4.571,-1.496,1.233,1.259,-1.27,14.24,3.116,-0.3762,-1.747,-3.067,2.904,-1.578,-2.414,1.77,-1.404,1.475,-3.302,-1.824,3.569,6.115,5.044,-3.023,-0.3215,5.05,5.07,4.235,-3.647,-7.878,-1.151,2.51,7.531,-4.153,-4.426,0.5234,4.799,1.333,-13.1,-6.886,-8.094,3.173
661,1.01,3.548,0.0068,6.115,-1.989,0.8005,1.13,1.15,3.794,-0.3627,-1.403,-1.722,-17.23,1.612,4.792,3.619,2.147,-6.612,-5.371,-5.251,1.977,2.489,-1.441,15.29,2.819,-1.837,-3.035,-2.6,1.548,-1.973,2.89,0.6235,-3.208,-3.192,-2.04,-1.838,6.404,4.319,-0.1884,-2.535,2.928,5.05,5.07,4.258,-5.869,-4.281,0.0833,5.816,8.615,-0.5087,-4.061,0.8758,3.691,2.293,-11.33,-5.678,-4.936,3.793
662,1.01,2.83,-1.378,3.688,0.5628,-3.465,1.13,1.15,1.911,1.394,-5.386,-3.474,-17.77,3.501,4.21,6.125,0.9168,-7.174,-5.47,-5.675,2.504,3.354,-0.3441,13.84,3.465,0.3124,-4.246,-2.139,1.596,-2.137,3.348,2.247,-0.0661,0.097,-5.69,-1.416,5.987,6.214,1.993,-1.143,-0.8169,5.05,5.07,3.579,1.216,-8.751,-2.279,3.059,8.831,-2.824,-4.833,1.716,2.116,1.788,-13.57,-4.319,-6.317,3.785
663,1.01,0.9279,2.437,5.217,0.3296,-0.09,1.13,1.15,4.324,-0.0257,-4.319,-4.961,-17.88,2.178,6.379,2.949,1.854,-6.482,-3.888,-3.154,1.816,1.825,-1.697,13.64,4.418,-0.0286,-6.669,-1.591,3.409,-3.25,-2.516,1.134,-0.5574,-0.7719,-3.351,-2.841,5.848,7.169,3.509,-4.184,3.783,5.05,5.07,3.525,-6.422,-5.551,-1.26,5.157,4.185,-3.428,-2.305,0.931,1.155,1.52,-12.49,-3.821,-4.973,2.826
664,1.01,1.251,-1.045,3.37,-1.559,-2.644,1.13,1.15,4.073,0.2564,-1.696,-4.216,-16.96,0.2228,5.997,5.913,0.5804,-5.462,-3.167,-2.966,2.38,3.253,-0.8461,15.28,3.636,0.5685,-2.486,-1.894,2.174,-1.757,-2.277,0.1985,-1.019,-1.408,-3.504,-1.309,4.299,6.946,0.5708,-3.197,1.377,5.05,5.07,1.815,-4.58,-5.05,0.9555,6.331,12.68,-1.869,-3.675,0.9226,2.489,2.851,-12.86,-5.319,-7.689,2.867
665,1.01,2.581,1.585,4.538,0.8574,0.4749,1.13,1.15,3.072,4.035,-5.142,-3.919,-13.97,2.393,5.472,5.054,-1.254,-7.19,-2.893,-3.11,0.5644,0.1829,-1.246,14.63,2.841,1.281,-2.759,-5.091,2.889,0.1319,-2.299,1.581,-0.8532,0.0208,-3.323,-1.084,5.006,5.735,1.046,-2.491,0.1355,5.05,5.07,3.892,-4.328,-5.829,-1.499,4.749,7.344,-3.78,-8.67,0.1853,3.683,1.746,-12.9,-3.847,-7.586,3.091
666,1.01,3.539,1.487,1.504,-2.96,-1.825,1.13,1.15,4.304,0.2723,-1.502,-5.524,-16.58,2.676,5.928,7.514,2.149,-6.867,-4.927,-3.499,2.372,0.2311,-1.404,16.14,3.629,0.1219,-4.702,-2.601,0.7358,-0.5618,-0.5713,0.4447,-3.509,0.6974,-3.277,-0.9727,3.857,6.071,2.382,-1.94,-0.9226,5.05,5.07,3.46,-7.122,-7.554,0.1757,4.635,10.46,-4.835,-0.323,0.5965,6.075,1.006,-10.95,-4.001,-7.418,1.946
667,1.01,3.057,1.066,4.877,1.432,-1.015,1.13,1.15,1.287,1.294,-3.472,-4.731,-16.07,3.303,5.085,4.801,1.021,-7.478,-5.198,-2.303,3.166,0.733,-1.579,12.36,1.978,-0.0389,-4.316,-1.136,1.954,-0.6009,-0.1159,-0.1826,0.8641,1.805,-2.238,0.3469,5.802,2.529,0.3417,-1.513,-0.5877,5.05,5.07,2.131,-4.318,-4.971,0.0634,4.865,7.693,-3.977,2.24,1.543,4.364,2.969,-13.14,-5.293,-7.085,1.224
668,1.01,1.815,-1.341,3.688,-1.497,0.037,1.13,1.15,2.95,-1.644,-4.08,-6.434,-18.24,1.202,5.183,4.213,-0.3957,-7.633,-3.681,-2.116,3.09,1.495,-1.522,14.03,3.117,-1.204,-4.192,-2.576,1.023,-4.518,1.161,-0.0108,-1.1,-0.2049,-5.725,-2.297,6.468,3.913,2.226,-4.066,-0.1728,5.05,5.07,4.987,-2.703,-7.652,0.3214,4.108,10.36,-5.354,-2.892,1.523,2.015,2.474,-12.38,-5.886,-6.389,1.987
669,1.01,1.411,1.462,1.894,1.14,0.063,1.13,1.15,4.97,-0.1604,-1.805,-4.381,-18.62,3.582,6.46,8.017,-0.0806,-6.113,-2.827,-4.058,0.8639,3.957,-0.3412,15.4,1.548,1.771,-3.721,-1.795,1.094,-4.857,-0.6623,0.4516,-0.1421,-0.3019,-1.907,-2.302,4.271,7.381,2.158,-1.793,1.441,5.05,5.07,3.128,-4.122,-4.368,-0.1489,3.042,11.0,-3.243,-3.973,0.6532,2.83,0.8287,-12.11,-6.468,-7.744,2.727
670,1.01,2.029,-1.502,0.3918,-0.9199,-1.509,1.13,1.15,6.662,-0.1977,-3.52,-5.894,-15.69,1.899,5.213,6.063,2.535,-6.446,-3.502,-1.258,0.679,-1.619,-2.431,14.45,2.378,-0.8816,-3.974,-2.602,1.162,-3.061,-2.207,-0.0232,-3.732,1.265,-2.936,-1.017,4.99,5.145,1.747,-1.19,0.4764,5.05,5.07,4.572,-0.8366,-6.295,-0.2298,3.111,10.23,-3.941,-3.554,1.583,1.707,-1.137,-12.93,-6.756,-8.811,2.534
671,1.01,0.8609,-1.773,3.931,1.141,-1.919,1.13,1.15,4.275,1.108,-2.63,-4.59,-18.43,2.625,5.769,5.592,1.726,-5.461,-3.693,-3.438,0.0628,0.5092,-1.242,14.64,1.835,1.234,-2.168,-4.551,-0.7426,-2.43,1.265,-0.3196,-2.995,-1.388,-3.279,-0.7583,5.11,4.974,2.016,-1.992,-0.8322,5.05,5.07,5.157,-1.667,-6.013,-4.07,5.999,9.204,-5.363,0.7386,-0.239,4.071,2.575,-12.3,-6.865,-4.453,2.56
672,1.01,-0.5558,2.013,3.902,0.8708,-0.8104,1.13,1.15,2.523,-0.3057,-2.989,-4.009,-15.14,1.231,4.779,5.933,1.065,-7.36,-3.264,-1.044,1.221,0.6512,-0.109,14.24,1.739,-1.824,-5.978,-2.776,0.3975,-3.546,-1.106,0.9986,0.8296,0.368,-3.956,-1.969,5.213,4.8,3.583,-4.163,-2.911,5.05,5.07,2.206,-4.828,-6.524,-1.535,3.662,8.784,-1.74,-2.937,2.734,2.987,1.143,-11.41,-5.095,-7.437,2.329
673,1.01,2.636,0.2157,4.108,1.484,-4.899,1.13,1.15,1.38,-0.8922,-4.288,-3.041,-18.0,2.423,5.967,5.457,-0.6836,-8.896,-3.289,-3.627,2.19,2.177,-2.012,15.5,2.218,1.226,-2.645,-3.815,3.171,-3.005,1.022,-1.02,-0.5614,-2.374,-3.419,0.7279,6.353,4.451,3.512,-2.362,0.26,5.05,5.07,3.142,-0.2576,-5.946,0.6446,4.364,7.745,-4.613,-6.009,0.0582,1.407,1.28,-12.26,-6.176,-3.096,1.833
674,1.01,2.5,-2.158,5.438,2.435,-1.807,1.13,1.15,3.899,1.762,-1.111,-3.443,-18.22,2.607,5.814,4.434,0.085,-7.695,-4.559,-2.689,1.646,-0.2678,-1.377,16.45,3.615,-0.1203,-2.152,-2.725,1.656,-1.366,1.614,-1.713,-2.573,-2.189,-3.204,-2.399,3.734,3.974,2.558,-2.717,0.8291,5.05,5.07,3.599,0.7279,-6.546,0.134,5.185,10.7,-2.287,-2.558,1.64,3.321,1.52,-11.36,-5.013,-3.476,4.472
675,1.01,3.659,-0.3258,3.373,0.9338,0.959,1.13,1.15,2.128,-0.1868,-2.077,-3.68,-16.97,2.072,3.902,6.205,1.948,-8.141,-4.14,-3.477,2.464,1.216,-0.5332,12.63,4.602,0.2438,-3.553,-2.483,2.147,-4.752,-0.5457,1.005,-0.3164,1.074,-2.646,-1.84,3.614,6.547,2.043,-4.941,-0.0014,5.05,5.07,3.794,-1.307,-4.919,-0.0297,4.049,9.282,-2.958,-5.067,1.786,5.037,1.104,-12.5,-3.683,-5.473,3.93
676,1.01,3.056,-4.163,6.51,1.567,-2.819,1.13,1.15,2.321,2.285,-0.7474,-5.834,-16.92,0.0854,6.679,7.747,0.8043,-6.758,-5.076,-2.64,2.102,1.648,-2.146,12.91,2.566,2.769,-4.677,-2.558,0.8732,0.1752,0.6206,0.176,-0.2508,-1.355,-2.245,-0.2006,4.47,5.931,2.933,-4.848,-0.6475,5.05,5.07,4.736,-4.486,-4.757,0.677,3.34,5.946,-4.289,-1.391,2.035,3.614,1.734,-13.13,-5.61,-1.751,2.407
677,1.01,1.635,0.6495,3.571,0.1723,-1.541,1.13,1.15,4.481,0.3143,-4.547,-4.2,-15.81,2.304,6.03,5.568,1.078,-7.224,-6.014,-2.769,2.335,-2.232,1.459,14.81,3.437,0.1697,-4.14,-3.208,0.5967,-1.735,-0.7298,2.916,0.4182,-0.3965,-3.504,-1.367,5.413,5.129,3.162,-2.896,0.2798,5.05,5.07,1.051,-4.428,-6.322,-1.068,5.364,4.876,-2.526,-2.767,-0.9392,3.13,1.546,-11.72,-3.1,-6.681,3.521
678,1.01,3.06,2.602,1.957,0.2287,1.002,1.13,1.15,3.299,-1.345,-3.701,-3.789,-19.29,2.197,6.223,4.933,3.535,-8.23,-6.338,-0.9925,1.525,1.124,-2.648,16.57,1.915,-0.0834,-4.232,-3.361,1.322,-0.1065,2.135,1.596,-0.5828,1.132,-3.701,-1.095,6.108,4.092,1.286,-4.757,0.9089,5.05,5.07,4.574,-2.256,-5.458,1.957,3.653,4.836,-3.463,-2.652,1.315,0.2754,0.3178,-11.93,-5.717,-8.63,3.278
679,1.01,-0.6284,0.2267,2.554,-0.0056,0.1648,1.13,1.15,2.292,4.349,-1.928,-3.623,-15.35,2.061,5.961,2.734,1.494,-7.995,-4.79,-2.449,3.334,1.667,-0.3646,14.81,1.931,-0.6748,-3.134,-5.059,0.1147,-1.236,0.7519,0.3427,1.065,0.7888,-2.446,-2.107,6.427,5.126,1.404,-4.509,-0.9622,5.05,5.07,3.654,-2.476,-5.724,0.9601,3.116,9.216,-2.879,-3.448,0.2691,2.629,1.167,-12.51,-7.212,-3.046,2.71
680,1.01,2.393,-0.0716,2.261,-0.7211,-0.947,1.13,1.15,3.08,1.01,-2.299,-2.526,-18.5,2.449,5.712,6.252,-0.6145,-6.661,-5.641,-1.529,0.7976,-0.2603,-3.385,14.9,1.194,0.05,-3.106,-3.705,-0.2068,-3.257,-2.133,-0.5603,-0.5992,1.886,-4.705,-0.2835,3.931,3.072,1.282,-2.608,-0.3457,5.05,5.07,2.169,-1.557,-4.302,-2.051,1.906,7.265,-1.664,-4.286,0.3016,4.295,0.6425,-11.13,-4.377,-7.867,4.203
681,1.01,0.8748,2.593,2.849,-1.271,-0.6305,1.13,1.15,4.233,-0.1762,-2.608,-3.782,-16.58,1.996,6.809,4.879,-0.3029,-7.334,-5.41,-2.204,1.904,1.089,-2.459,13.39,0.7598,0.4546,-3.643,-2.372,2.69,-6.322,-1.1,-1.165,-0.2217,-1.085,-4.776,-2.064,3.669,4.669,1.382,-2.047,-0.0203,5.05,5.07,2.103,-3.522,-7.181,-0.1479,3.264,7.948,-4.874,-0.7051,-1.301,3.054,-0.0405,-13.2,-5.804,-7.7,2.76
682,1.01,2.47,6.598,4.287,1.505,0.9715,1.13,1.15,2.676,0.3599,-3.071,-4.791,-17.28,1.481,8.173,3.859,1.731,-8.069,-4.633,-1.918,3.094,-1.075,-2.413,14.93,4.066,0.8354,-2.556,-1.852,0.1709,-2.53,-1.048,-0.3322,-0.0267,-0.494,-3.846,-0.9806,4.712,6.85,2.804,-1.114,-0.5693,5.05,5.07,5.792,0.6117,-5.244,-3.428,1.87,7.783,-6.631,-2.485,0.7665,3.794,2.838,-11.31,-4.519,-2.479,3.135
683,1.01,3.645,3.733,4.373,0.5578,-2.222,1.13,1.15,2.348,-0.6106,-2.295,-4.281,-17.02,1.698,8.655,4.926,0.2879,-6.347,-7.058,-3.88,1.604,3.846,-3.612,13.06,2.014,-1.112,-4.04,-1.002,1.479,-4.911,0.3869,1.15,-1.261,0.4098,-3.771,-2.854,3.483,6.194,0.9718,-2.89,0.2584,5.05,5.07,4.676,-3.192,-7.186,-0.7459,6.163,12.24,-4.746,-1.683,1.249,4.162,1.763,-11.44,-4.17,-6.627,2.335
684,1.01,1.941,-0.662,1.45,-2.715,-0.3283,1.13,1.15,3.885,-2.116,-1.589,-4.282,-16.59,2.766,6.408,3.801,3.382,-6.85,-6.774,-3.361,0.7492,-1.231,-1.821,13.73,2.234,-0.8766,-3.968,-4.282,1.981,-4.221,-0.5334,0.2703,0.2648,0.0129,-2.52,-1.872,5.084,4.794,4.387,-3.403,-1.149,5.05,5.07,3.35,-1.421,-8.354,-2.613,1.161,8.326,-1.072,-1.151,0.5313,1.115,1.371,-14.56,-1.858,-6.715,1.99
685,1.01,3.382,-4.413,4.636,-0.3315,-4.338,1.13,1.15,3.69,2.489,-1.864,-3.5,-17.74,3.162,3.521,5.141,2.244,-7.605,-4.134,-3.506,4.214,-0.1867,-2.125,12.63,2.172,0.1395,-3.949,-3.383,0.36,0.2007,-1.237,-0.7741,0.9241,-2.271,-4.457,-1.341,4.954,3.955,2.398,-2.888,2.203,5.05,5.07,4.758,-0.4876,-7.05,-1.149,5.22,10.02,-4.906,-4.975,0.9627,1.075,2.544,-13.47,-6.365,-3.274,2.826
686,1.01,2.263,0.9033,4.559,-0.2334,-4.174,1.13,1.15,2.946,0.6073,-2.449,-4.7,-18.59,1.291,4.837,5.421,0.5635,-6.842,-5.961,-2.194,0.9829,0.9055,-2.359,14.19,3.921,-0.7492,-2.593,-2.858,0.67,-4.083,0.4763,-0.1192,0.2342,-2.693,-3.716,-2.786,3.989,5.733,1.977,-1.885,-0.1015,5.05,5.07,5.97,-1.909,-4.848,-1.473,6.279,5.628,-4.2,-3.343,-1.574,3.965,2.359,-12.53,-5.914,-6.694,3.523
687,1.01,3.533,2.776,3.004,-1.862,-2.493,1.13,1.15,3.4,2.196,0.5892,-2.449,-18.94,1.63,2.16,7.036,-0.7031,-5.128,-4.594,-2.022,4.285,2.186,-1.962,12.79,1.352,-1.057,-4.186,-3.097,2.116,-3.504,-2.038,-1.295,0.2109,-0.8534,-2.817,-3.481,2.859,4.438,2.358,-3.022,2.102,5.05,5.07,2.655,-3.92,-5.402,1.814,4.696,8.38,-6.771,-9.069,-0.3143,1.0,0.8619,-12.24,-5.543,-3.844,3.987
688,1.01,0.5903,-0.2951,7.189,0.2513,0.6829,1.13,1.15,2.387,1.352,-2.164,-4.027,-15.51,0.3676,5.732,5.342,0.5973,-7.807,-5.912,-3.323,2.774,0.9853,-1.695,16.03,2.971,0.7252,-4.556,-5.012,-1.137,-2.708,-0.126,0.9812,-1.405,-1.098,-3.367,-2.538,5.449,5.69,1.76,-3.034,-1.903,5.05,5.07,3.328,-1.548,-5.948,0.3085,5.386,10.36,-6.209,-0.8375,-0.0015,1.72,1.843,-12.73,-5.725,-7.77,3.305
689,1.01,2.132,-1.801,3.994,0.7713,-1.241,1.13,1.15,7.748,1.5,-1.335,-5.242,-18.94,2.72,7.065,4.297,0.0746,-7.583,-5.402,-3.417,2.518,-1.724,-1.315,13.35,3.93,-0.8983,-5.109,-2.591,0.337,-3.713,0.0821,-1.581,1.008,-2.256,-4.665,-2.227,3.432,5.434,3.714,-4.039,1.448,5.05,5.07,4.209,-5.033,-8.135,-3.312,5.166,9.377,-5.334,-1.792,-2.001,3.932,2.005,-12.32,-4.987,-7.438,2.27
690,1.01,2.675,-5.789,2.603,-0.3002,-1.478,1.13,1.15,4.896,-0.3931,-1.981,-3.359,-15.76,0.6808,4.862,6.226,0.3691,-7.511,-5.409,-1.17,2.738,0.0079,-1.259,13.48,3.007,-0.3966,-5.1,-1.563,2.911,0.5103,0.599,-1.268,0.5195,-0.8554,-4.59,-0.7908,2.879,4.831,2.589,-1.705,-1.024,5.05,5.07,3.403,-1.385,-6.0,0.5043,5.55,9.36,-0.8443,-7.806,-1.028,3.435,0.9715,-12.83,-5.175,-5.601,3.156
691,1.01,1.591,-2.395,1.981,0.8367,-0.807,1.13,1.15,2.037,-0.4189,-0.3986,-3.347,-15.45,0.5572,5.382,3.147,-1.432,-6.506,-6.055,-2.614,4.374,1.599,-2.375,14.49,1.323,0.5449,-2.384,-2.688,2.109,-2.757,-1.381,-0.6221,-0.0099,-1.555,-4.313,-1.277,4.393,5.15,2.296,-3.254,-1.322,5.05,5.07,1.941,-3.976,-5.985,-1.557,1.818,7.298,-4.821,-3.247,1.274,2.576,0.2531,-12.8,-5.839,-2.884,2.081
692,1.01,3.317,-1.428,5.031,-2.278,-2.27,1.13,1.15,3.201,1.96,-2.165,-3.347,-16.72,0.9923,5.065,5.019,0.0339,-5.714,-6.466,-3.112,-0.4627,0.2137,-0.0815,13.69,3.718,0.4668,-2.774,-1.151,-0.6955,-4.529,-1.476,-0.6139,-0.4366,0.4026,-3.462,-3.047,4.877,2.615,3.555,-3.353,-1.377,5.05,5.07,2.993,-1.603,-7.56,-0.8826,7.558,6.593,-3.702,-5.565,0.3506,0.6982,1.836,-12.01,-4.941,-2.776,5.036
693,1.01,1.78,-2.83,3.458,-0.0107,-2.146,1.13,1.15,3.959,0.9893,-0.8213,-1.834,-17.26,3.362,3.874,5.055,2.353,-7.719,-6.603,-3.569,1.382,1.771,-1.629,13.18,3.266,1.837,-3.877,-1.813,3.918,-2.916,1.284,-2.049,0.4622,-1.403,-2.359,-2.445,4.763,4.393,4.243,-1.712,-1.175,5.05,5.07,2.706,-4.126,-4.653,0.5784,4.014,7.459,-5.059,-4.495,0.2536,2.646,0.4812,-14.76,-3.279,-10.78,1.16
694,1.01,2.45,2.595,1.702,-0.5983,-1.792,1.13,1.15,5.171,-0.832,-2.564,-3.303,-17.07,1.679,8.083,5.519,1.704,-7.594,-5.677,-3.174,3.02,-1.807,-2.463,14.1,3.589,0.8006,-2.987,-2.619,-0.3341,-1.459,-0.9437,-1.635,-1.146,-2.038,-1.772,-2.365,5.358,6.433,2.243,-1.602,-1.964,5.05,5.07,3.643,-4.533,-5.78,-2.029,1.888,10.09,-1.862,0.7808,0.5999,2.494,1.311,-12.8,-5.349,-6.259,2.583
695,1.01,2.202,-2.991,0.8697,-0.006,-1.925,1.13,1.15,6.09,-0.1747,-2.873,-5.035,-17.03,0.8767,6.868,5.049,-1.156,-7.458,-3.875,-1.363,2.802,0.1883,0.231,14.95,2.114,-0.0552,-4.798,-2.458,2.845,-2.36,0.0171,-0.5608,1.819,1.32,-3.517,-1.51,1.738,3.645,2.215,-3.346,-2.626,5.05,5.07,5.866,-2.299,-8.518,-1.518,2.927,6.375,-2.682,-4.164,-0.0567,2.863,0.6253,-12.3,-3.696,-7.511,1.297
696,1.01,2.09,0.4671,3.236,-1.053,-2.41,1.13,1.15,-0.1268,-0.6441,0.7096,-4.313,-14.75,2.144,3.173,5.72,0.9812,-7.4,-4.84,-2.668,3.236,1.971,-4.609,14.61,2.15,-0.3394,-2.999,-2.044,2.99,-3.872,-4.862,-0.3554,-0.7793,0.0529,-0.8767,-1.434,5.943,5.833,2.533,-2.832,0.225,5.05,5.07,6.281,-5.663,-6.184,-0.7145,1.701,12.11,-0.4718,-1.897,0.1113,0.9205,0.9233,-13.6,-3.868,-5.683,3.705
697,1.01,2.434,-1.032,3.408,-1.706,-4.201,1.13,1.15,3.644,0.9355,-1.016,-2.391,-17.34,3.649,5.004,8.489,-0.8291,-8.983,-4.721,-2.344,2.928,-0.3579,-3.783,13.59,1.778,1.529,-2.812,-3.059,2.96,-2.552,2.453,-1.563,-2.391,-0.6151,-3.402,-3.202,4.467,4.882,1.323,-3.796,-0.637,5.05,5.07,3.061,-2.955,-5.921,0.3556,3.117,11.56,-3.922,-4.256,-1.641,4.321,-0.1251,-12.93,-4.678,-7.835,2.105
698,1.01,2.093,-3.0,0.283,-1.049,-0.2334,1.13,1.15,5.226,-0.735,-2.168,-4.446,-17.42,0.486,7.703,5.663,1.658,-7.808,-7.337,-1.752,2.739,1.997,-2.141,13.42,3.818,-0.8472,-3.972,-2.227,1.706,-5.243,-1.066,1.138,-0.699,-1.648,-3.839,-1.671,2.939,4.929,1.648,-2.511,0.42,5.05,5.07,4.351,-2.943,-8.05,0.0603,4.525,7.42,-3.034,-1.373,-1.123,3.432,1.545,-13.19,-5.861,-10.62,0.6625
699,1.01,0.5285,-3.465,3.014,-1.28,-3.151,1.13,1.15,0.8454,-0.1392,-3.257,-3.163,-16.35,1.786,5.967,5.521,1.906,-6.401,-4.303,-1.781,0.2465,1.014,-1.371,13.2,2.55,-1.457,-3.364,-4.159,1.96,-2.189,0.7976,-0.8585,-2.227,1.272,-3.546,-2.22,4.218,4.511,0.8496,-3.348,-0.1084,5.05,5.07,1.583,-2.535,-6.824,-1.956,3.718,8.561,-2.319,-4.054,0.6363,4.519,-0.8253,-14.18,-3.422,-6.626,1.522
700,1.01,3.474,3.277,6.062,2.256,-1.547,1.13,1.15,4.858,-2.08,-3.73,-7.108,-17.96,3.137,6.825,5.792,1.051,-8.771,-6.847,-1.225,2.998,-0.5997,-4.163,12.63,1.687,0.0989,-3.701,-0.8232,0.8266,-3.361,0.4966,1.348,-3.92,-1.83,-2.662,-2.343,5.91,3.552,1.577,0.1394,1.855,5.05,5.07,2.07,-3.059,-5.168,-1.271,3.303,10.59,-3.235,-0.8159,0.6635,5.52,1.775,-12.73,-5.612,-6.959,1.939
701,1.01,3.52,0.4413,3.769,2.15,-0.5571,1.13,1.15,5.333,-1.235,-4.697,-3.907,-16.9,-1.182,5.266,6.405,0.31,-7.138,-4.412,-3.806,2.997,0.7175,-0.0858,16.4,1.018,-1.813,-4.181,-1.609,1.247,-4.447,-4.887,-1.45,-1.05,-2.237,-5.026,-2.932,2.367,4.044,2.532,-3.655,-0.0308,5.05,5.07,2.655,-4.161,-7.04,0.6908,5.447,9.615,-2.652,-6.194,-0.4187,2.849,1.715,-11.66,-6.119,-5.164,1.463
702,1.01,2.531,-0.3506,2.98,1.891,-2.497,1.13,1.15,2.382,-0.7743,-0.5706,-2.967,-15.65,2.237,4.971,5.163,0.9106,-6.275,-4.462,-3.452,2.501,2.975,-0.5732,13.3,3.336,1.038,-5.249,-3.723,2.314,-3.911,-0.8124,0.0276,-2.488,1.312,-2.463,-1.391,5.171,5.234,4.217,-2.327,2.006,5.05,5.07,2.351,-4.39,-5.582,0.284,4.345,5.501,-1.918,-5.261,-0.5221,2.924,0.7556,-15.22,-7.141,-4.789,3.013
703,1.01,-2.662,-2.3,4.222,-0.1002,-1.233,1.13,1.15,2.503,-1.177,-0.2746,-3.127,-17.02,2.656,3.982,6.367,3.781,-7.125,-3.541,-3.275,1.431,1.168,-2.932,12.65,4.21,0.8789,-5.572,-3.216,0.7719,-4.067,-2.785,-1.469,-0.0991,0.1261,-4.552,-2.128,4.04,5.762,1.381,-5.152,-3.474,5.05,5.07,3.412,-0.9287,-6.5,-3.138,2.475,8.255,-7.331,-3.381,0.1259,5.481,0.685,-12.01,-7.892,-5.657,1.687
704,1.01,3.112,1.181,4.148,-2.83,-2.216,1.13,1.15,3.486,1.411,-2.996,-4.297,-17.37,0.2927,6.067,4.415,0.9888,-6.143,-5.744,-3.29,3.131,1.286,-0.1734,13.87,0.3447,-0.0949,-4.771,-1.69,-0.2808,-5.475,0.2927,-0.2704,-0.8425,0.5656,-4.91,-2.18,5.111,5.484,4.392,-5.468,-1.046,5.05,5.07,5.277,-2.412,-3.953,-1.033,3.948,12.83,-3.769,-3.826,-0.6811,3.585,0.3951,-12.48,-7.407,-6.746,2.811
705,1.01,2.694,-2.489,2.202,-1.624,0.2211,1.13,1.15,3.733,0.3695,-1.16,-5.395,-16.42,1.946,4.828,3.041,0.7012,-6.048,-3.78,-2.489,2.003,0.4426,-2.604,12.12,1.106,-1.424,-2.066,-1.145,0.1945,-2.271,-0.6715,-0.3026,-1.263,-0.4772,-2.178,-1.656,3.596,3.297,1.371,-4.177,-1.871,5.05,5.07,4.115,-3.842,-4.692,-1.919,5.208,6.98,-4.388,-5.221,1.063,0.3681,0.8773,-13.49,-4.415,-6.99,2.108
706,1.01,4.658,-1.364,1.505,2.514,-1.247,1.13,1.15,3.455,1.432,-5.06,-3.842,-17.38,-1.004,4.877,5.517,0.6981,-5.411,-3.834,-2.728,4.685,-1.502,-2.777,14.33,1.836,0.0298,-4.991,-2.051,0.6235,-4.606,-3.062,-0.2775,-1.24,-1.646,-2.142,-4.515,4.609,7.68,3.835,-4.556,1.493,5.05,5.07,4.491,-1.393,-8.016,-1.643,4.113,12.3,-2.385,-7.226,-0.0348,5.309,2.175,-11.87,-8.02,-6.734,1.986
707,1.01,1.427,-1.089,2.744,-0.5579,-3.201,1.13,1.15,1.782,0.0894,-1.273,-2.747,-15.84,2.215,6.787,5.669,0.8191,-6.754,-4.002,-1.341,-0.1739,-3.572,-1.261,14.97,3.288,-0.9265,-1.452,-4.09,1.614,-4.261,0.0212,1.404,-0.9046,1.3,-2.934,-3.496,4.962,4.682,3.01,-5.95,2.568,5.05,5.07,2.718,-2.613,-6.317,2.854,0.5038,9.3,-2.511,-2.294,-0.9357,1.159,0.8717,-13.3,-7.663,-2.807,3.921
708,1.01,1.73,-1.424,2.97,2.194,-1.928,1.13,1.15,4.658,-1.027,-2.123,-3.272,-14.6,1.802,4.752,5.426,1.262,-4.576,-5.468,-1.63,3.479,0.5105,-2.369,14.31,0.8137,-0.5345,-2.53,-1.67,1.955,-0.9903,-1.204,-3.113,-0.5729,-0.7223,-1.476,-1.866,4.633,5.659,2.723,-1.494,-0.2996,5.05,5.07,2.01,-3.314,-5.655,-2.506,3.637,8.774,-4.325,-0.4754,0.2605,1.095,1.34,-12.99,-7.094,-5.315,2.255
709,1.01,1.278,-3.785,4.789,-1.854,-1.688,1.13,1.15,3.401,0.9805,-3.705,-4.482,-16.63,1.647,3.421,6.032,1.082,-8.691,-6.603,-3.916,3.753,-1.94,-3.667,14.02,3.575,0.3576,-3.224,-2.814,3.31,-3.54,1.001,-1.119,-2.722,-2.102,-3.222,-3.416,5.101,4.985,2.267,-6.085,-0.6293,5.05,5.07,3.528,-5.382,-5.922,0.541,4.912,10.2,-1.79,-5.922,0.6265,3.724,2.941,-13.38,-5.525,-8.483,2.187
710,1.01,2.658,-3.488,4.901,0.4887,-0.283,1.13,1.15,3.096,2.858,-1.075,-3.745,-15.59,1.193,7.415,7.22,1.057,-7.603,-2.814,-2.078,4.688,0.4419,-2.871,13.52,3.271,-2.173,-3.25,-2.619,1.471,-4.971,-2.119,-1.728,-0.9306,-2.333,-5.81,-2.536,5.294,5.373,3.13,-2.143,0.4505,5.05,5.07,4.032,-6.105,-6.825,-1.0,4.542,13.24,-3.042,-4.025,-0.1148,2.951,0.3215,-12.86,-4.455,-4.161,1.457
711,1.01,2.183,2.327,1.827,-0.279,-1.476,1.13,1.15,3.674,1.371,-0.9505,-3.638,-13.86,2.106,4.315,3.984,1.425,-6.259,-6.104,-2.771,1.815,-1.315,-1.322,14.11,3.573,-1.206,-2.148,-2.617,0.6932,-5.979,0.1041,-1.833,-1.59,-2.232,-2.171,-1.6,5.05,3.123,2.712,-2.723,3.524,5.05,5.07,2.749,-3.358,-4.398,-4.41,3.238,7.619,-2.963,-2.953,-1.019,2.904,0.9934,-13.47,-5.352,-5.479,0.5936
712,1.01,1.554,2.2,4.109,-0.2434,-0.3764,1.13,1.15,4.859,1.042,-2.146,-2.365,-16.79,4.039,3.936,4.887,0.2488,-8.758,-5.535,-1.775,2.6,-2.123,-1.143,11.48,4.281,-1.596,-4.076,-3.364,0.7103,-4.156,-1.274,-1.089,-3.021,-1.274,-5.844,-0.8755,3.623,2.98,5.24,-3.36,-1.019,5.05,5.07,2.34,-4.284,-8.281,-1.989,5.439,12.82,-4.084,-5.552,-0.477,3.838,0.6361,-13.82,-6.038,-5.83,4.637
713,1.01,2.889,-0.8721,1.085,1.284,0.4628,1.13,1.15,3.876,-0.7926,-3.685,-3.037,-17.59,1.809,3.597,5.641,1.179,-6.499,-3.737,-1.835,2.84,-0.0765,1.186,13.88,2.293,-0.1374,-3.081,-1.93,2.93,-3.541,-1.446,0.7579,-3.379,1.786,-2.326,-0.07,4.744,5.319,1.473,-2.061,2.164,5.05,5.07,4.711,-4.606,-7.261,-0.5055,3.709,7.306,-3.899,-0.7883,0.0556,1.618,0.8362,-12.54,-5.62,-6.781,0.3122
714,1.01,2.251,-3.453,2.958,-0.7193,-2.718,1.13,1.15,3.36,2.112,-3.291,-5.567,-15.82,0.381,2.748,4.35,4.354,-6.897,-3.808,-4.32,1.061,-0.2763,-3.68,12.08,2.136,-1.28,-2.61,-2.772,1.705,-2.033,0.411,-0.4662,-0.156,-1.479,-4.591,-2.558,4.341,5.274,2.282,-3.71,0.4063,5.05,5.07,2.521,-2.67,-5.154,-0.5441,3.157,9.008,-3.255,-3.159,-0.5355,2.713,1.287,-13.1,-8.251,-3.78,0.4049
715,1.01,1.036,-1.02,1.429,-1.423,-2.783,1.13,1.15,4.64,0.3836,-0.2205,-3.499,-15.57,2.388,6.333,3.938,0.4483,-6.356,-5.242,-3.193,2.815,-0.1535,-1.505,14.88,3.529,-2.477,-4.395,-3.264,0.2781,-4.986,0.256,-1.397,-1.699,-2.338,-3.595,-1.726,4.035,6.85,0.4275,-4.905,0.3101,5.05,5.07,3.4,-8.315,-7.628,-1.127,4.94,4.246,-5.332,-8.037,-1.741,4.757,1.758,-12.55,-6.517,-8.363,2.08
716,1.01,1.336,0.1392,4.23,0.7542,-2.533,1.13,1.15,2.481,0.2119,-2.732,-4.79,-17.09,1.868,5.568,6.938,-0.1483,-7.318,-6.85,-2.216,1.015,2.545,-1.789,11.33,0.9725,-0.7864,-4.105,-2.402,1.362,-3.592,-1.571,-1.484,1.133,0.1673,-3.304,-2.528,5.43,5.807,4.166,-6.116,0.3273,5.05,5.07,4.751,-7.108,-6.157,1.465,5.779,9.42,-4.738,-3.986,0.1548,2.843,0.5141,-12.44,-6.966,-7.337,1.812
717,1.01,0.9283,-2.022,1.034,0.3465,-2.003,1.13,1.15,2.215,-0.117,-2.767,-3.778,-14.44,2.017,4.652,5.404,0.9222,-5.577,-4.246,-0.7802,3.868,0.5006,-2.242,11.53,2.921,2.733,-5.586,-3.444,1.743,-3.342,-0.679,-2.001,-1.543,-1.206,-1.636,-3.898,4.362,5.008,1.064,-3.279,-0.1131,5.05,5.07,3.552,-2.411,-7.646,0.6229,2.078,6.89,-3.583,-0.1243,0.0859,1.087,0.6735,-13.2,-4.977,-4.208,2.798
718,1.01,3.013,3.348,1.47,-1.364,-3.441,1.13,1.15,2.339,1.862,-3.751,-4.133,-15.04,3.783,5.616,4.514,-0.109,-9.615,-4.761,-1.678,1.945,-1.003,-1.784,12.25,2.363,1.785,-5.131,-4.32,-0.5785,-3.617,-0.8826,0.7179,-3.422,-0.295,-5.144,-2.356,4.285,4.959,3.188,-5.177,0.0712,5.05,5.07,2.529,-3.903,-9.169,0.4195,4.644,7.159,-4.223,-4.951,0.4637,0.486,0.5034,-11.52,-3.783,-7.629,2.602
719,1.01,2.928,-0.303,1.746,-0.3973,-0.3937,1.13,1.15,3.348,-0.0308,-1.491,-3.609,-17.23,2.159,4.782,2.411,0.8234,-6.609,-5.105,-0.2243,0.0942,2.025,-1.713,11.69,5.291,0.9785,-2.609,-0.5277,2.707,-2.189,3.261,-0.719,-1.842,0.4749,-2.943,-0.9592,2.819,8.252,2.142,-2.103,0.4767,5.05,5.07,1.529,-5.449,-4.224,-1.489,4.005,7.629,-3.101,-2.89,-1.009,0.3702,2.677,-12.95,-5.41,-8.332,1.338
720,1.01,1.52,1.925,2.479,0.0686,-1.756,1.13,1.15,2.093,2.329,-2.88,-2.073,-17.77,1.794,6.4,5.388,0.3211,-8.769,-4.517,-4.08,0.7739,-1.39,-4.027,11.51,2.36,-0.4884,-2.892,-1.829,-0.0013,-3.317,0.3864,1.507,-0.8618,-2.62,-3.491,-0.7182,6.07,8.696,2.382,-2.222,3.558,5.05,5.07,3.697,-5.658,-8.869,-1.398,2.267,8.413,-1.805,-4.913,-0.6557,0.9285,1.929,-13.57,-5.044,-5.721,2.474
721,1.01,0.1261,-2.097,1.914,-0.1326,0.7297,1.13,1.15,5.649,0.9048,-1.107,-3.463,-16.59,2.634,4.304,7.514,-0.1879,-7.698,-5.364,-4.054,1.453,1.01,0.2656,11.82,2.717,-0.3157,-5.829,-1.703,1.522,-2.511,-0.4563,1.634,-2.5,0.1164,-5.586,-3.936,4.901,3.625,3.008,-3.078,1.115,5.05,5.07,6.914,-1.255,-6.628,-1.034,4.018,12.69,-3.095,-4.51,0.1943,5.431,1.239,-13.17,-5.29,-10.19,1.816
722,1.01,4.167,1.826,-0.48,-1.288,-0.7872,1.13,1.15,3.53,-2.816,-0.9439,-5.094,-17.14,2.737,3.98,3.874,0.6526,-5.504,-4.709,-2.379,2.168,0.3871,-2.48,12.58,2.066,-1.966,-2.73,-0.3118,-1.011,-4.204,0.8779,0.6256,-1.0,0.7146,-2.932,-2.917,3.533,4.225,2.09,-3.162,0.5065,5.05,5.07,2.815,-7.0,-7.077,-1.374,3.338,5.706,-2.476,1.457,0.5738,1.509,1.297,-11.86,-6.344,-5.514,1.339
723,1.01,1.616,-0.8371,3.163,-0.2265,-0.3504,1.13,1.15,3.05,0.7411,-1.637,-3.446,-15.98,1.917,5.159,6.352,0.994,-9.9,-3.193,-3.043,2.601,0.5407,-2.178,12.03,2.882,-0.592,-2.917,-4.472,1.486,-2.869,-0.1064,0.7084,-1.455,-1.64,-4.413,-1.849,4.528,4.598,1.788,-3.521,1.194,5.05,5.07,2.191,-2.368,-5.187,-2.617,3.488,7.536,-6.663,-3.121,1.913,3.949,0.8142,-12.85,-5.141,-5.491,2.583
724,1.01,0.8262,0.2818,3.848,1.098,-0.1465,1.13,1.15,3.713,-1.313,-0.6814,-4.371,-16.1,2.29,5.119,5.906,-1.157,-6.903,-3.891,-3.193,1.88,0.9331,-0.6872,14.45,1.757,-0.3044,-3.673,-3.639,0.3762,-4.548,4.382,-0.2806,-1.799,-0.159,-3.768,-3.364,3.772,3.955,1.535,-2.867,1.719,5.05,5.07,3.68,-5.933,-4.883,-3.104,4.697,8.157,-4.406,-4.103,-1.993,1.225,0.3653,-12.26,-5.305,-11.65,1.609
725,1.01,3.329,-2.098,-0.2665,0.4169,-0.1182,1.13,1.15,3.641,1.12,-1.821,-4.059,-17.01,0.483,5.906,4.323,1.929,-5.273,-5.426,-0.7571,3.219,0.7417,-2.43,12.37,3.324,-1.101,-2.311,-4.828,0.9562,-4.159,-0.3071,-0.3707,-2.393,0.4098,-2.646,-2.448,4.035,4.301,4.345,-5.29,0.3868,5.05,5.07,0.0352,-7.432,-6.814,-1.992,2.674,10.88,-3.133,-6.633,-0.3203,0.6614,0.2443,-12.49,-5.956,-9.23,2.645
726,1.01,1.552,-4.222,1.991,0.2802,-4.664,1.13,1.15,3.697,0.8433,-1.975,-5.027,-17.29,1.469,4.999,4.375,0.85,-7.809,-4.08,-1.205,2.06,-0.3909,-0.8954,12.13,2.179,1.817,-4.618,-1.463,0.5733,-4.194,-0.9831,2.163,-1.933,-1.654,-1.517,-2.286,4.702,3.628,0.1173,-3.354,0.9753,5.05,5.07,4.431,-3.364,-7.756,-1.69,4.504,6.178,-3.187,-1.493,-0.5033,2.592,1.086,-13.34,-5.019,-9.159,2.474
727,1.01,2.031,0.1463,1.355,1.196,-2.427,1.13,1.15,3.142,-0.6323,-1.382,-4.777,-14.38,1.66,5.12,3.353,1.614,-7.248,-3.457,-2.79,1.461,1.054,-1.167,12.89,3.067,-1.441,-6.324,-1.053,-0.5173,-5.932,-1.656,0.2272,-0.921,-0.8314,-5.213,-2.107,4.831,4.163,3.316,-3.61,-1.732,5.05,5.07,4.14,-3.165,-6.692,-1.555,5.402,9.543,-1.394,-3.479,-1.526,1.379,2.703,-11.71,-7.951,-7.877,2.63
728,1.01,2.557,-0.9584,3.64,1.224,-0.9925,1.13,1.15,4.016,-1.438,-0.2357,-2.399,-16.59,2.534,4.919,4.187,1.398,-5.945,-4.156,-2.348,3.624,1.23,-3.046,14.05,2.414,0.9356,-2.499,-2.648,2.767,-4.733,-1.149,-2.271,-0.3733,0.6429,-3.4,-1.843,4.97,5.638,2.425,-6.508,-0.2717,5.05,5.07,2.92,-1.65,-4.769,-0.8255,4.831,8.306,-2.911,-3.891,0.4687,0.9536,0.5791,-12.26,-5.17,-4.001,1.897
729,1.01,2.025,-1.674,3.854,0.1511,-3.833,1.13,1.15,3.722,-0.1537,-3.558,-3.92,-17.02,2.604,4.185,5.632,-0.1066,-8.826,-6.288,-3.387,2.458,1.195,-1.192,15.05,3.429,-2.121,-4.439,-3.26,1.984,-2.054,1.387,-1.047,-2.365,-0.5853,-3.527,-2.908,5.392,4.101,4.249,-1.841,0.4976,5.05,5.07,3.991,-0.7952,-3.868,-3.427,3.119,6.158,-5.245,-1.474,0.58,4.08,1.691,-13.52,-6.597,-2.966,2.159
730,1.01,0.5397,-1.972,3.225,0.5127,-3.367,1.13,1.15,3.384,1.676,-4.018,-3.064,-16.16,0.3729,5.405,6.043,1.085,-8.135,-4.122,-2.53,2.52,-1.496,-3.301,14.99,0.8218,-1.025,-5.155,-3.225,0.1785,-2.059,-0.1695,-0.025,-0.4051,-0.8517,-4.916,-0.9498,3.465,5.061,1.055,-4.341,0.3147,5.05,5.07,1.098,-1.258,-6.001,0.0744,2.516,8.365,-5.88,-4.835,-2.458,2.329,0.0013,-10.83,-5.725,-6.449,3.199
731,1.01,2.013,-2.123,4.012,1.597,-0.3913,1.13,1.15,3.821,0.877,-3.037,-4.524,-15.53,2.221,5.607,4.641,3.039,-4.865,-6.191,-4.35,1.251,2.135,-2.22,12.6,2.559,1.26,-4.669,-3.232,-0.5117,-4.81,1.04,-0.9395,-0.2339,1.226,-0.3517,-1.265,6.839,4.288,0.781,-4.31,0.9124,5.05,5.07,4.044,-3.168,-4.306,-1.653,3.767,5.555,-1.77,-2.43,-1.025,2.391,1.049,-13.92,-4.291,-4.414,2.007
732,1.01,2.253,-2.44,2.864,-0.8837,-0.7005,1.13,1.15,2.911,0.7524,-2.039,-3.349,-17.0,0.8631,5.306,6.996,0.3341,-7.008,-4.774,-2.13,3.796,0.5984,-3.17,14.09,5.447,1.279,-3.764,-2.278,0.8707,-6.116,2.245,-1.505,-3.366,0.1095,-4.113,-1.789,4.465,7.416,2.296,-4.962,-1.342,5.05,5.07,4.768,0.2741,-6.48,-0.1356,4.208,7.409,-5.579,-3.63,-1.185,3.219,1.62,-12.73,-7.312,-5.065,1.709
733,1.01,0.2825,-1.871,2.527,0.251,-1.53,1.13,1.15,2.513,0.191,-3.264,-3.373,-16.77,-1.606,6.809,6.373,1.78,-6.186,-6.872,-3.307,0.1106,-0.1782,-0.2567,14.14,2.791,-0.6161,-2.818,-2.989,-0.0861,-4.856,0.1497,-0.8052,1.639,-0.9445,-2.278,-1.49,5.311,5.568,4.615,-5.698,-2.8,5.05,5.07,3.814,-5.636,-6.163,-0.9033,4.526,10.8,-4.32,-4.631,-1.331,0.8376,0.7564,-13.47,-6.788,-7.938,3.525
734,1.01,2.037,-2.119,3.963,0.2693,-0.094,1.13,1.15,2.636,1.167,-1.652,-3.958,-14.89,1.725,5.585,3.814,1.391,-8.423,-5.564,-1.054,2.365,1.436,-2.526,12.75,0.8674,-0.8507,-4.013,-2.783,-0.2324,-3.63,-2.58,-0.9494,-2.464,-0.8661,-1.751,-2.762,5.004,4.696,4.075,-5.142,1.572,5.05,5.07,2.633,-4.847,-6.499,0.8913,-0.553,10.86,-4.629,-5.318,0.1671,1.176,-0.2836,-13.53,-5.927,-7.79,4.831
735,1.01,0.6862,1.614,1.567,-1.716,-0.9953,1.13,1.15,2.435,0.5985,-1.451,-5.412,-13.9,1.272,6.635,5.476,1.16,-8.097,-4.485,-2.567,1.469,-1.185,-3.774,13.95,5.669,-2.428,-3.717,-1.575,0.2605,-0.5622,-0.7753,-0.9302,-2.005,-1.492,-1.946,-2.94,5.135,7.084,3.369,-3.72,-0.4252,5.05,5.07,3.801,-2.145,-4.22,-3.264,3.551,6.015,-7.058,-3.582,0.7786,2.768,1.123,-11.39,-7.876,-4.145,1.299
736,1.01,2.231,0.2002,1.637,-0.819,-1.33,1.13,1.15,3.634,0.8746,-1.336,-3.984,-16.14,-1.24,6.596,6.613,2.251,-8.731,-6.696,-3.468,1.883,-0.2864,-3.808,12.11,1.48,0.5508,-4.909,-3.275,3.925,-3.188,-1.608,-1.707,-0.2205,-1.795,-4.018,-2.218,4.551,5.297,3.615,-6.674,-0.846,5.05,5.07,4.358,-3.773,-8.309,-0.8911,4.429,9.052,-5.214,-6.967,-1.808,2.768,0.7506,-11.82,-3.324,-5.423,3.827
737,1.01,2.105,-0.5958,1.488,-0.7621,-0.5049,1.13,1.15,2.167,0.9484,-2.583,-3.957,-14.82,2.086,4.823,5.264,-1.603,-3.616,-5.764,-3.538,3.041,0.7206,-2.034,11.92,2.476,-0.1244,-5.808,-2.054,-0.9794,-2.707,1.318,-1.43,-1.446,0.1007,-3.232,-0.5645,3.815,4.161,1.806,-3.577,-0.544,5.05,5.07,3.617,-2.352,-6.376,-0.3605,3.812,5.262,-4.742,-2.193,0.811,1.187,-1.471,-13.32,-7.899,-6.168,-0.3206
738,1.01,2.729,9.245,2.219,1.23,-0.9815,1.13,1.15,2.778,-0.7552,-2.53,-2.913,-17.37,2.728,5.232,4.776,-1.722,-6.872,-7.232,-3.122,1.304,-0.0112,-1.901,15.43,3.504,-1.363,-4.141,-4.355,0.0785,-3.56,-0.7146,0.4401,-0.9429,0.2875,-4.448,-3.257,5.635,6.708,1.228,-4.078,-0.0581,5.05,5.07,3.198,-3.733,-7.772,-1.899,4.931,6.048,-5.154,-4.383,0.0945,1.309,1.181,-12.56,-5.915,-3.411,2.309
739,1.01,2.53,-5.744,2.071,-0.9866,-1.025,1.13,1.15,2.216,-0.3158,-2.475,-2.965,-14.59,2.873,5.238,4.449,2.04,-7.818,-7.664,-4.639,2.102,-0.3107,-1.944,14.8,3.2,-1.193,-5.026,-3.214,2.326,-4.199,0.8512,-2.584,-2.188,0.2547,-2.872,-2.034,2.995,2.413,3.35,-4.963,-1.074,5.05,5.07,1.803,-7.9,-5.587,-0.8944,4.458,6.462,-2.533,1.309,0.9021,2.724,0.8804,-11.62,-3.743,-5.398,3.495
740,1.01,0.5245,-2.472,6.19,-0.504,-0.5818,1.13,1.15,3.035,0.4598,-1.728,-2.814,-14.74,0.4104,5.825,5.775,-1.102,-5.155,-3.582,-3.196,0.2354,0.7806,-1.237,12.06,2.145,-0.4433,-3.58,-5.502,1.421,-3.995,1.9,0.787,-2.93,0.5089,-3.213,-1.455,5.458,3.965,4.401,-2.907,1.207,5.05,5.07,3.977,-4.88,-6.015,-1.584,3.191,6.623,-4.259,-2.139,-0.2901,2.422,1.02,-13.1,-8.323,-8.314,3.539
741,1.01,2.89,-0.2236,3.384,1.974,-0.1921,1.13,1.15,4.767,-0.5326,-1.94,-2.606,-16.57,1.599,4.439,5.938,-1.916,-8.466,-4.354,-1.379,-0.8856,-0.239,-3.046,14.05,1.78,0.3356,-4.103,-4.314,2.03,-4.354,-2.828,0.0865,0.2236,-3.606,-3.534,-1.915,3.91,5.206,2.543,-3.207,1.054,5.05,5.07,3.622,-1.673,-6.573,-0.457,4.553,11.47,-3.177,-2.401,-1.166,3.731,2.381,-13.12,-7.046,-8.819,3.074
742,1.01,4.002,-0.8567,2.534,-1.85,-0.4773,1.13,1.15,2.581,0.822,-0.2858,-3.36,-14.11,0.6181,6.806,4.566,0.8917,-7.206,-5.298,-1.939,0.7353,-0.223,0.9675,15.24,2.087,-0.4887,-4.327,-1.761,0.8669,-1.799,-1.515,-1.817,0.9598,1.358,-2.392,-2.698,4.242,2.7,3.41,-4.641,-0.9942,5.05,5.07,3.275,-4.418,-5.739,-2.08,3.704,13.02,-3.51,-4.204,-0.1362,1.512,-0.2745,-13.36,-6.629,-2.788,0.583
743,1.01,1.765,-1.163,2.031,-0.4224,-2.155,1.13,1.15,2.335,-1.682,-3.949,-1.367,-16.95,0.249,5.22,4.293,0.3054,-8.286,-2.567,-1.774,1.647,0.8092,-4.24,13.49,1.297,1.582,-3.122,-0.8494,2.836,-4.553,-0.5248,-1.142,-2.8,-1.056,-2.119,-1.056,4.499,4.637,-1.154,-4.935,0.3202,5.05,5.07,0.2646,-2.916,-5.543,-1.082,3.904,6.965,-3.27,-0.9146,-0.2691,0.3704,0.3708,-10.54,-4.62,-6.232,3.877
744,1.01,3.187,-2.036,3.972,-2.3,-0.7273,1.13,1.15,2.505,-0.3851,-0.3341,-3.093,-15.15,1.494,3.973,5.344,0.2744,-7.926,-4.051,-1.712,1.55,-0.2032,-3.468,11.22,3.407,-1.066,-3.089,-4.61,-0.3792,-4.462,-3.217,-1.827,-1.336,-3.397,-3.284,-1.869,4.621,3.568,2.657,-4.177,-0.3251,5.05,5.07,4.195,-1.97,-8.68,-0.9536,5.665,7.259,-6.447,-2.936,0.7333,2.771,1.095,-12.48,-8.015,-5.937,2.242
745,1.01,2.973,1.694,2.052,-1.412,-1.563,1.13,1.15,2.81,0.3425,-2.139,-2.261,-16.75,0.7278,3.431,5.077,3.183,-5.748,-5.95,-1.713,2.032,2.661,-0.2461,15.07,2.662,-0.8493,-2.942,-2.619,0.3093,-4.09,0.356,-1.529,-3.403,-0.6543,-1.502,-1.845,6.427,3.889,1.153,-5.771,0.3767,5.05,5.07,2.853,-5.614,-6.379,-0.9179,3.196,10.44,-4.814,-1.012,0.1691,2.123,0.8321,-13.51,-6.037,-7.463,1.651
746,1.01,1.961,-3.215,2.65,0.0502,-2.601,1.13,1.15,5.043,2.515,-1.894,-3.17,-16.34,-1.228,6.306,3.118,0.4318,-4.469,-4.158,-3.416,3.773,-0.5964,-4.533,13.02,2.818,-0.8737,-2.557,-3.545,0.8619,-5.846,1.129,-0.1241,-1.914,-3.11,-2.683,-2.133,6.388,3.702,0.3287,-4.84,-1.194,5.05,5.07,0.7242,-5.598,-5.07,-1.446,2.163,6.913,-3.753,-5.731,-1.767,1.739,1.801,-12.56,-4.755,-3.879,2.606
747,1.01,2.116,-0.9716,3.404,1.196,-3.134,1.13,1.15,1.62,1.837,-3.802,-3.835,-14.77,1.978,4.934,4.627,0.6634,-5.44,-5.437,-3.577,2.67,-1.111,-4.356,15.02,2.729,0.5224,-3.701,-1.475,1.082,-5.064,0.4627,-0.2292,-1.487,-0.7938,-4.194,-1.694,6.115,6.682,3.05,-2.09,-1.074,5.05,5.07,2.308,-3.643,-5.855,-2.102,1.127,7.961,-3.319,-4.553,-0.3273,1.958,0.7167,-12.77,-6.916,-5.309,2.531
748,1.01,2.475,-3.361,2.559,-2.291,0.3312,1.13,1.15,1.928,3.155,-0.8073,-3.982,-14.1,1.379,5.338,3.879,1.597,-6.579,-4.887,-4.171,4.01,1.524,-1.359,14.57,2.668,-1.247,-2.392,-2.299,1.723,-3.376,1.094,1.215,-0.2128,-0.1016,-1.832,-0.864,3.637,2.926,1.342,-3.408,1.528,5.05,5.07,4.121,-3.218,-5.922,0.1362,1.887,10.32,-1.639,-3.542,-2.084,1.309,-1.061,-13.6,-7.551,-3.973,2.544
749,1.01,0.4298,-3.398,2.671,-1.815,-2.415,1.13,1.15,3.421,0.2704,-1.949,-4.455,-14.77,-0.3882,2.987,6.218,-0.2241,-6.658,-2.687,-1.347,1.612,-0.7975,-3.705,13.9,2.753,0.7004,-4.477,-2.416,1.04,-3.047,-1.155,1.179,-0.441,-2.607,-0.9001,-0.0693,6.619,5.874,3.283,-4.237,1.028,5.05,5.07,2.579,-0.8528,-4.202,-0.7683,2.717,8.05,-1.625,-3.225,-0.3496,2.201,-0.2794,-13.39,-4.496,-4.798,2.654
750,1.01,2.867,-2.1,1.516,0.9082,-2.29,1.13,1.15,3.796,1.411,-1.307,-4.12,-13.11,-0.151,3.679,5.2,-1.213,-6.616,-6.138,-2.218,2.59,0.5136,-1.42,12.36,1.207,0.9354,-4.031,-3.3,2.3,-4.507,-2.11,-0.7448,-1.332,1.543,-4.131,-2.282,5.535,4.931,3.065,-3.801,0.0543,5.05,5.07,2.872,-2.429,-7.305,0.1845,4.978,5.537,-4.915,-2.168,-2.29,1.879,0.4037,-12.28,-4.433,-6.515,2.455
751,1.01,1.518,-3.777,0.2158,-2.394,-3.28,1.13,1.15,1.07,0.4512,-1.617,-2.876,-17.16,2.7,4.265,4.492,2.583,-5.54,-5.594,-3.352,3.9,-0.3353,-1.903,14.77,3.006,1.33,-4.085,-5.188,0.9632,-5.055,0.4254,-0.4626,0.6839,-2.208,-2.061,-0.6146,3.679,4.483,2.303,-4.533,0.8219,5.05,5.07,3.411,-1.752,-5.38,-2.899,7.041,10.0,-1.638,-6.777,-0.8314,0.9488,0.9608,-12.03,-4.154,-6.534,1.4
752,1.01,2.766,-3.905,4.84,1.485,0.9837,1.13,1.15,7.3,0.5109,-1.727,-5.575,-16.11,-0.922,5.555,5.168,-0.0438,-8.277,-4.286,-1.817,1.089,-2.087,-2.759,11.37,1.762,1.569,-4.456,-2.027,-1.039,-3.592,-1.425,-1.148,0.6821,-0.9146,-2.167,-1.911,3.34,5.728,3.662,-2.757,-1.246,5.05,5.07,3.717,-2.979,-8.476,-3.855,5.383,7.612,-2.174,-2.89,-0.5435,1.526,-0.2679,-12.47,-4.965,-6.01,2.311
753,1.01,2.166,-1.634,1.93,-0.5204,-1.533,1.13,1.15,1.459,1.164,-1.238,-5.411,-17.04,1.158,6.045,6.299,3.168,-8.808,-5.258,-0.4543,1.632,-1.424,-3.699,11.81,4.397,-1.639,-4.644,-2.118,1.062,-2.536,0.7708,-0.3477,-0.1869,-2.749,-4.689,-2.024,3.499,6.322,0.0658,-6.436,0.2443,5.05,5.07,3.255,-3.761,-6.945,-1.072,3.474,10.99,-5.14,-1.341,-2.856,1.727,0.6291,-12.57,-7.274,-5.998,1.954
754,1.01,1.009,-1.178,2.52,-0.638,-2.566,1.13,1.15,3.813,-0.1409,-2.52,-3.33,-15.44,3.666,4.864,5.897,-0.3011,-7.988,-3.146,-0.7194,3.27,0.6401,-2.482,12.39,1.808,-0.2884,-4.273,-3.323,1.384,-1.951,-3.013,-0.8267,-2.506,-0.8067,-4.267,-0.5359,2.901,6.694,0.1813,-3.06,1.97,5.05,5.07,1.721,-4.954,-6.989,0.7968,4.301,10.36,-3.127,-8.381,-0.3002,1.827,-1.464,-11.77,-5.338,-4.206,1.544
755,1.01,3.525,0.2989,3.53,-1.366,-1.066,1.13,1.15,4.038,-0.0353,-1.5,-1.694,-18.13,2.962,5.545,3.921,-2.562,-7.4,-3.692,-3.158,1.217,-1.278,-2.574,10.94,5.13,1.68,-2.882,-4.968,-0.5722,-4.729,2.373,0.0119,-2.327,-2.283,-3.306,-2.421,4.338,7.747,1.871,-4.717,-1.268,5.05,5.07,4.63,-4.519,-6.37,2.256,2.768,6.602,-4.17,-1.218,-0.1689,1.473,1.578,-12.82,-4.512,-4.366,2.602
756,1.01,3.492,0.6351,-0.0211,-2.112,-2.329,1.13,1.15,3.745,-0.9231,-3.426,-3.836,-16.45,3.617,4.555,5.442,1.332,-5.229,-4.587,-1.653,2.416,-1.417,0.5184,12.36,4.0,-2.483,-4.248,-3.668,0.4553,-4.197,-5.11,0.2095,-0.8765,-1.658,-3.402,-3.184,4.432,3.802,4.404,-5.356,-2.457,5.05,5.07,3.218,-1.829,-7.423,-0.7101,1.853,13.87,-3.756,-1.852,-0.7322,3.622,1.959,-11.93,-5.754,-5.865,1.278
757,1.01,3.66,1.496,6.612,-2.055,-0.5891,1.13,1.15,3.678,-0.3863,-2.505,-2.675,-15.84,0.1377,6.743,6.486,2.152,-5.546,-6.916,-3.352,2.12,-0.0184,-3.366,14.59,1.067,-0.641,-3.846,-2.126,0.3034,-5.694,0.7225,-0.6174,-1.677,-0.8248,-2.866,-2.526,3.771,4.036,2.254,-4.779,2.13,5.05,5.07,2.044,-2.432,-5.54,0.8491,4.465,6.296,-1.352,-4.284,-0.2536,1.458,1.695,-13.2,-4.706,-6.258,0.8065
758,1.01,1.981,2.521,5.368,-0.1546,0.2162,1.13,1.15,3.456,1.197,-0.9514,-4.031,-14.17,0.2141,6.255,4.65,2.756,-8.116,-3.069,-0.9932,2.836,-0.6198,-2.128,13.16,2.433,0.1124,-5.853,-3.741,0.6522,-3.679,-0.852,-0.6354,-0.7863,0.0594,-3.029,-1.927,4.159,5.736,2.159,-2.747,-0.7338,5.05,5.07,3.479,-3.824,-6.002,-0.9583,3.432,7.01,-4.284,-5.021,0.5964,4.244,1.256,-13.58,-4.68,-9.131,2.989
759,1.01,2.539,2.598,0.9523,-3.582,-3.896,1.13,1.15,3.684,0.6844,-2.682,-4.387,-16.72,2.844,6.712,4.81,2.822,-6.969,-6.405,-1.24,1.177,-1.066,-1.161,14.93,4.89,-1.241,-7.842,-2.312,3.375,-6.194,1.453,0.453,-0.2489,1.289,-5.165,-3.066,5.589,6.965,4.218,-4.387,0.0223,5.05,5.07,2.352,-6.151,-6.317,0.8011,1.974,10.02,-4.002,-0.9429,-1.029,4.535,1.145,-12.07,-2.428,-8.259,0.7501
760,1.01,2.374,3.76,2.215,0.143,-2.99,1.13,1.15,3.252,-2.579,-1.452,-2.489,-15.39,2.443,4.167,6.3,-0.5388,-6.735,-5.833,-5.261,2.587,-1.254,-0.1045,13.09,1.573,-2.154,-3.698,-1.013,1.033,-2.423,-1.669,-1.267,-1.27,-0.1562,-1.367,-0.9041,4.553,5.909,1.682,-5.825,1.0,5.05,5.07,3.057,-5.675,-7.242,0.0528,2.989,7.175,-2.194,-4.141,-2.042,0.8633,1.04,-13.15,-5.049,-7.19,2.741
761,1.01,-0.2723,-7.498,4.046,-0.672,-0.2396,1.13,1.15,3.858,1.21,-3.204,-3.659,-17.59,4.343,3.409,5.081,-0.0904,-6.486,-4.21,-2.984,4.121,0.9811,-2.715,13.63,3.042,1.181,-4.738,-3.86,0.109,-3.298,-0.3642,-0.159,-0.7205,-2.286,-3.561,-3.19,5.7,5.055,3.296,-3.828,0.9973,5.05,5.07,3.019,-0.5452,-6.55,-0.4563,4.772,9.587,-4.775,-3.063,0.0427,0.9571,1.022,-13.84,-5.797,-12.17,2.176
762,1.01,2.556,1.028,2.163,1.198,-0.9009,1.13,1.15,4.843,-0.5195,-1.585,-4.781,-14.67,2.54,5.892,4.912,1.523,-4.635,-7.211,-3.644,1.955,1.689,-3.058,13.06,3.651,1.519,-3.001,-1.744,1.987,-4.323,-4.02,-2.183,1.67,-0.8687,-5.324,-2.33,3.486,5.636,0.2168,-4.483,-0.7592,5.05,5.07,1.103,-7.106,-7.477,-0.9105,2.906,10.4,-3.346,-6.164,-1.704,2.708,1.628,-12.57,-4.392,-5.209,0.8073
763,1.01,0.259,-2.533,3.714,-0.288,0.3391,1.13,1.15,4.285,0.8307,-1.803,-0.6237,-13.97,2.079,6.155,3.109,2.387,-5.148,-4.424,-1.862,0.7552,0.3987,-2.086,14.88,1.05,-2.111,-2.852,-3.673,1.838,-2.431,-1.329,-1.788,-2.393,-0.737,-3.811,-1.94,3.637,6.182,2.23,-3.015,1.272,5.05,5.07,2.343,-3.711,-5.587,0.6992,3.223,10.29,-2.566,-0.9551,0.2382,2.905,0.196,-12.24,-5.521,-6.017,1.076
764,1.01,2.2,-4.548,4.373,2.23,-1.412,1.13,1.15,3.678,2.47,-1.507,-3.996,-15.83,0.618,5.565,6.178,0.8178,-5.891,-5.645,-2.957,2.867,2.193,-3.856,14.52,2.693,-0.4949,-5.771,-3.171,1.415,-4.212,3.578,-1.507,-1.077,-3.875,-3.205,-2.485,5.534,5.09,-0.5723,-4.554,-1.447,5.05,5.07,3.994,-3.575,-5.849,-1.993,2.823,8.648,-1.986,-4.241,0.1329,2.097,1.062,-14.42,-5.582,-6.837,2.155
765,1.01,2.903,-1.142,1.591,-3.255,-1.324,1.13,1.15,3.672,-0.9094,-1.723,-4.211,-17.37,2.705,4.574,5.195,-1.556,-8.332,-5.425,-1.59,2.747,0.4422,-1.869,14.22,1.464,1.159,-5.43,-4.612,0.0781,-6.261,-2.417,0.2567,-1.067,0.6931,-2.265,-1.266,5.151,6.655,3.362,-5.246,0.012,5.05,5.07,2.669,-1.696,-8.236,-0.2389,4.594,8.702,-2.921,-5.696,-2.149,3.557,1.456,-12.45,-4.706,-6.001,2.038
766,1.01,2.696,-3.397,2.25,-0.657,-1.298,1.13,1.15,1.631,-0.8696,-1.715,-3.218,-15.19,1.386,6.017,4.592,-0.6074,-6.519,-3.454,-3.272,1.308,-0.1324,-0.72,13.53,2.13,-0.0725,-3.72,-5.331,1.397,-4.305,0.7503,-0.0389,-2.441,-0.4585,-2.745,-1.496,3.254,6.343,1.976,-3.39,-2.233,5.05,5.07,2.102,-4.478,-6.837,0.7255,4.05,7.071,-3.994,-2.054,-1.765,0.2149,-0.8042,-12.25,-8.404,-5.438,0.983
767,1.01,3.154,3.926,4.603,-2.217,-0.6409,1.13,1.15,3.976,-0.357,-0.2281,-3.464,-14.82,2.408,7.197,4.951,-0.353,-7.979,-2.748,-0.748,1.787,-2.053,-1.62,12.2,2.582,-0.5872,-5.226,-2.47,0.9529,-0.5746,-1.998,-0.6452,-3.41,1.676,-3.322,-2.234,4.735,4.462,-1.921,-2.895,1.367,5.05,5.07,4.489,-3.524,-5.082,-0.2778,4.937,7.378,-4.673,-2.437,-0.3081,2.958,1.395,-12.74,-4.609,-6.702,1.537
768,1.01,2.145,1.277,5.615,0.3937,-1.984,1.13,1.15,2.92,0.4925,1.088,-3.316,-16.31,1.482,5.701,6.004,-0.408,-6.621,-4.353,-4.766,3.415,1.786,-2.457,14.37,4.976,-0.7909,-5.054,-2.953,1.93,-3.044,-0.5235,0.9777,-2.006,-0.0525,-4.646,-3.371,3.451,3.427,4.101,-6.148,0.495,5.05,5.07,4.524,-4.302,-6.586,-2.705,3.308,13.78,-4.654,-3.188,-1.096,1.478,-0.4652,-12.35,-5.468,-8.989,3.021
769,1.01,1.923,-4.993,0.4808,-3.144,-1.189,1.13,1.15,1.881,0.3557,-1.879,-4.258,-16.15,0.8633,1.894,5.646,1.999,-6.569,-2.688,-2.244,3.558,1.923,-2.475,15.0,0.6502,-0.4355,-1.956,-0.9137,2.471,-2.651,-1.512,-1.138,-3.465,-1.973,-3.856,-2.334,4.634,5.496,1.668,-5.122,-1.673,5.05,5.07,3.425,-4.576,-3.834,-3.157,3.776,9.432,-1.964,-5.35,1.401,1.108,-0.5551,-13.71,-4.105,-4.77,1.973
770,1.01,1.03,-1.229,5.713,0.2676,-1.481,1.13,1.15,3.928,2.348,-2.723,-2.936,-16.06,4.132,5.426,6.425,0.6034,-9.169,-4.878,-2.35,0.8953,-1.044,-3.149,10.31,3.185,-0.2559,-4.095,-3.942,1.312,-4.49,0.6584,-2.779,-2.145,-2.531,-2.912,-2.636,5.016,4.072,1.268,-3.814,-1.164,5.05,5.07,4.259,-4.166,-5.879,-1.634,4.074,7.271,-4.846,-5.146,1.826,2.753,1.153,-13.02,-7.893,-7.041,2.159
771,1.01,1.694,-1.026,2.565,0.5611,1.509,1.13,1.15,4.263,-0.8581,-2.16,-3.031,-16.47,1.396,4.765,5.928,1.714,-6.175,-2.51,-2.53,3.719,-0.9423,0.7508,11.94,2.633,-1.096,-4.447,-4.062,1.055,-5.884,-3.023,-0.231,-0.2922,-1.175,-1.883,-2.762,4.627,5.65,2.796,-6.247,-0.6474,5.05,5.07,3.922,-3.399,-8.101,-1.282,2.816,7.83,-4.527,-5.76,-0.5763,1.277,0.8069,-12.42,-5.626,-7.903,0.7259
772,1.01,0.6314,0.3111,2.458,-0.0226,-0.9227,1.13,1.15,4.291,1.33,-1.591,-2.499,-18.18,1.203,3.976,4.811,-1.129,-5.2,-4.302,-2.576,5.008,-0.3165,-4.125,13.63,3.741,0.8585,-3.265,-0.5476,-0.4967,-1.963,-3.397,0.429,2.003,1.232,-2.837,-0.2901,7.363,4.0,0.5378,-3.224,0.5264,5.05,5.07,0.4281,-3.01,-7.249,-2.136,3.242,9.229,-4.398,-3.621,-0.1103,3.116,0.5206,-14.51,-7.161,-5.095,1.246
773,1.01,0.9364,-1.227,3.209,-1.175,-1.089,1.13,1.15,3.799,1.744,-2.552,-4.394,-16.83,2.552,4.835,5.835,-0.2325,-5.649,-6.199,-2.982,3.068,0.9084,-4.632,13.98,4.595,-0.9134,-5.132,-3.421,0.6124,-4.203,2.18,0.0009,-2.521,-2.745,-1.715,-1.084,4.403,4.963,3.332,-4.335,0.4563,5.05,5.07,2.714,-5.185,-7.231,-2.383,0.9068,11.55,-1.65,-4.243,-0.3839,1.111,0.6625,-14.1,-7.267,-7.947,1.678
774,1.01,1.382,0.0501,1.807,0.4667,-2.616,1.13,1.15,3.703,-0.3105,-1.799,-4.151,-16.93,1.071,3.653,4.996,1.838,-9.328,-5.123,-3.789,3.33,-0.6703,-3.513,13.11,2.279,-0.522,-3.381,-2.148,-0.7625,-6.697,1.177,-2.189,-1.014,0.1391,-2.014,-2.039,2.615,5.205,2.81,-6.702,-0.9848,5.05,5.07,2.569,-2.378,-8.021,-0.5053,4.676,9.47,-3.974,-1.462,-1.877,1.271,-0.0442,-12.58,-6.064,-6.979,1.204
775,1.01,1.933,-0.5403,3.073,-2.759,-1.722,1.13,1.15,3.479,0.3795,-1.894,-1.828,-14.63,2.458,3.909,4.448,0.6117,-6.201,-3.144,-2.454,5.323,0.8951,-2.053,12.85,3.52,-0.2276,-1.967,-4.504,1.073,-4.122,-0.7654,0.8558,-3.437,0.0035,-2.619,-2.349,3.326,5.62,2.14,-3.735,-0.744,5.05,5.07,3.495,-1.304,-5.83,-1.523,3.838,7.715,-4.799,-2.758,-0.3786,1.805,-0.054,-12.78,-4.971,-6.657,1.643
776,1.01,0.5892,6.78,3.001,0.6621,-3.033,1.13,1.15,6.554,0.1133,-2.542,-5.26,-17.51,2.984,5.667,2.853,1.963,-6.646,-5.237,-2.938,3.37,-0.6619,-1.628,11.71,2.082,1.28,-2.348,-1.712,0.6998,-4.59,0.6238,-0.5562,-1.685,-0.0651,-1.154,-3.277,5.406,6.04,1.246,-1.582,0.3389,5.05,5.07,5.374,-4.564,-4.626,0.9125,5.119,10.8,-4.123,-3.269,-1.562,1.877,3.25,-12.78,-5.17,-5.023,2.268
777,1.01,0.8734,0.6735,1.587,-0.8869,-1.245,1.13,1.15,0.5758,-0.0684,-2.804,-2.611,-16.32,1.935,5.094,3.397,2.091,-7.981,-7.735,-4.789,0.6389,1.861,-0.0852,14.69,3.968,-0.2785,-3.162,-2.602,-1.876,-4.613,-0.079,-1.13,-1.494,-1.185,-5.098,-1.732,2.983,2.939,1.784,-5.847,-0.0412,5.05,5.07,1.811,-3.397,-4.765,-2.534,4.564,9.976,-4.585,-6.375,-0.2296,2.19,-2.084,-11.77,-6.932,-6.908,-0.5103
778,1.01,-1.361,-2.002,3.877,-1.216,-0.2956,1.13,1.15,0.018,1.273,-3.984,-4.24,-15.5,0.8895,5.226,5.026,-1.068,-7.83,-2.281,-1.593,1.656,1.72,-3.405,14.69,4.177,0.2384,-3.08,-1.408,-0.1873,-3.348,0.7906,-1.381,-2.365,2.999,-3.328,-1.388,5.082,6.282,2.09,-4.007,2.976,5.05,5.07,3.592,-1.259,-3.96,0.7799,2.694,9.924,-3.016,-5.947,-0.0287,2.418,1.001,-12.78,-5.707,-9.463,1.871
779,1.01,1.052,-1.428,2.482,-0.3716,-0.8034,1.13,1.15,1.683,0.0338,-1.16,-2.99,-17.43,2.624,6.275,5.902,1.169,-5.263,-7.846,-4.781,1.548,2.129,-2.934,13.41,4.539,-1.56,-3.312,-1.831,0.1702,-3.168,-0.8439,-0.9099,1.374,-2.154,-4.044,-4.264,4.994,8.38,0.9942,-3.738,2.444,5.05,5.07,1.878,-1.935,-8.381,-2.275,5.124,9.928,-4.469,-3.651,0.0701,2.055,0.8703,-13.44,-5.795,-9.083,2.559
780,1.01,1.901,-5.558,1.329,0.2311,-0.335,1.13,1.15,3.738,0.5736,-1.213,-3.096,-15.2,2.895,5.448,6.924,0.813,-6.741,-5.808,-3.179,-0.3623,0.8573,-2.472,14.35,3.089,-1.173,-2.178,-1.901,0.2965,-4.087,1.206,-0.3704,-2.009,0.2065,-3.521,-2.621,3.751,5.934,3.109,-2.289,-0.1884,5.05,5.07,4.171,-2.472,-6.588,-1.925,2.941,14.04,-5.181,-4.035,-3.047,2.096,1.117,-11.72,-5.535,-3.617,1.223
781,1.01,1.678,-3.512,2.095,-1.486,-0.6785,1.13,1.15,3.818,-1.543,-4.765,-4.633,-17.16,4.211,5.043,4.776,0.1045,-8.747,-7.002,-2.666,4.508,0.62,-1.56,12.92,3.888,-1.345,-3.634,-4.618,-1.087,-2.395,2.502,0.895,-1.315,-2.166,-0.8734,-1.035,4.293,4.393,1.67,-2.292,1.311,5.05,5.07,2.848,-1.569,-7.289,-3.761,2.65,8.478,-2.033,-3.433,0.2404,2.795,0.0364,-14.64,-6.017,-7.744,2.444
782,1.01,0.9015,-2.301,1.542,-0.8104,-4.037,1.13,1.15,2.932,-2.364,-2.722,-4.342,-17.07,0.4001,7.42,6.015,1.047,-8.531,-6.396,-2.806,2.415,-1.459,-3.722,13.43,3.298,-0.1323,-3.935,-2.576,0.0671,-3.257,-0.0381,0.5754,-2.129,-1.269,-3.156,-2.782,4.238,5.396,-0.333,-2.296,1.05,5.05,5.07,4.612,-3.245,-5.595,-1.638,2.023,7.471,-3.051,-7.642,0.1488,4.391,1.629,-13.26,-5.619,-3.34,2.641
783,1.01,4.228,-3.301,0.7196,-3.339,-1.769,1.13,1.15,2.236,-1.63,-1.95,-5.186,-17.5,0.147,3.254,5.259,0.962,-6.242,-5.464,-3.987,3.286,0.4519,0.4746,12.59,1.585,-3.388,-5.547,-1.509,1.339,-4.477,-3.527,-0.4226,2.819,1.8,-1.263,-2.088,4.665,7.174,2.311,-5.836,0.3737,5.05,5.07,2.765,-6.111,-5.192,-1.558,5.616,13.56,-5.204,-3.847,-0.3076,-0.2701,-0.0585,-13.51,-7.479,-2.918,1.966
784,1.01,0.1772,0.8295,3.087,2.069,-0.2963,1.13,1.15,1.881,0.8977,-2.422,-5.112,-15.29,2.152,5.282,6.942,-2.293,-6.309,-4.986,-0.3154,4.291,-0.0744,-3.686,11.6,1.461,-0.1001,-3.556,-0.994,1.948,-2.624,-0.3259,1.273,-2.643,1.099,-3.612,-2.447,4.969,4.335,1.241,-3.858,1.583,5.05,5.07,2.958,-3.012,-6.618,-1.09,2.857,7.467,-3.701,-6.311,-0.7101,0.1405,0.5929,-12.87,-5.7,-4.943,2.28
785,1.01,-0.4191,3.072,4.251,0.0101,-4.738,1.13,1.15,3.469,1.475,0.1701,-2.399,-16.89,3.995,5.859,6.374,0.8171,-7.83,-4.442,-4.685,3.987,0.3824,-1.674,13.12,1.907,-1.709,-2.901,-6.407,-0.2102,-3.738,0.2121,1.063,-0.2596,-1.134,-0.9221,-3.124,3.89,5.863,2.932,-5.055,0.0799,5.05,5.07,3.844,-2.626,-5.669,-0.8395,3.551,8.775,-4.66,-5.79,0.1726,3.377,0.0554,-14.69,-5.831,-5.103,2.165
786,1.01,2.169,-0.4846,3.413,-0.5523,-3.775,1.13,1.15,5.835,-0.0083,-1.055,-3.972,-14.87,0.1805,4.043,5.708,1.394,-5.266,-5.55,-2.424,4.516,0.7097,-2.41,14.88,2.137,-0.7799,-3.377,-2.413,2.27,-3.135,-1.888,-0.089,-1.113,1.008,-4.009,-2.928,3.009,3.634,1.416,-3.145,1.794,5.05,5.07,-0.7287,-6.288,-8.296,-1.409,4.667,4.575,-3.657,-3.974,-0.1531,4.187,0.376,-11.54,-3.291,-3.283,3.051
787,1.01,1.154,-2.348,2.883,0.5348,-2.474,1.13,1.15,4.256,1.131,-2.133,-2.072,-15.71,2.321,4.2,4.375,-1.098,-10.35,-1.437,-2.864,2.134,0.2763,-0.7831,12.31,1.182,-0.3224,-2.417,-1.97,1.592,-0.983,1.505,-0.4873,-1.429,0.3727,-2.167,-0.7526,4.685,6.53,1.274,-3.698,-0.2721,5.05,5.07,3.857,-3.868,-6.876,0.8665,5.03,8.657,-3.145,-1.734,-0.6198,5.532,1.196,-13.1,-7.952,-6.739,1.455
788,1.01,0.0749,-3.059,1.33,-2.496,-0.0179,1.13,1.15,3.165,0.496,-1.966,-0.3815,-16.47,1.322,4.462,6.503,2.336,-8.941,-5.606,-1.933,2.271,-0.7573,-2.725,14.18,0.7334,0.5571,-5.74,-3.933,1.797,-3.474,0.4643,-0.4906,-0.0912,-1.374,-2.823,-2.303,4.564,5.849,0.0813,-6.485,-1.938,5.05,5.07,3.793,0.763,-5.865,-1.089,5.859,8.063,-5.127,-2.503,0.1464,0.836,2.806,-13.42,-6.223,-9.625,1.38
789,1.01,1.093,0.5672,3.081,-0.453,-1.912,1.13,1.15,5.298,2.488,-1.39,-5.244,-16.45,2.566,5.385,4.197,-1.765,-8.59,-3.297,-2.094,3.994,2.211,0.2083,15.04,2.424,-0.8336,-3.216,-2.739,-1.259,-4.63,0.7443,-0.7493,-0.5128,-1.032,-3.385,-1.29,5.616,3.746,1.945,-3.649,1.666,5.05,5.07,2.296,-2.869,-8.981,-0.5777,2.252,9.703,-3.239,-3.623,-1.834,1.939,-1.468,-12.8,-5.445,-8.837,1.771
790,1.01,2.624,-6.233,4.965,-1.598,-3.052,1.13,1.15,2.936,1.14,-2.391,-3.373,-15.27,2.909,4.654,3.469,-1.298,-7.336,-4.733,-5.884,4.827,-0.198,-4.722,14.04,3.709,-0.5016,-5.239,-1.759,0.7596,-3.744,-0.2376,-2.043,-3.709,0.7966,-4.564,-1.13,5.98,3.693,0.7369,-5.398,-0.8273,5.05,5.07,2.912,-1.34,-3.696,-3.369,3.864,9.218,-3.465,-5.913,-0.411,-0.159,1.718,-15.77,-8.51,-2.125,2.438
791,1.01,0.3358,-3.904,0.8896,-1.597,-1.444,1.13,1.15,2.059,0.2516,-0.6339,-5.365,-16.49,1.585,4.017,6.033,0.0346,-7.474,-4.434,-1.512,1.545,-1.591,-3.687,12.07,3.159,0.8666,-4.023,-5.192,0.85,-3.32,-0.5638,-1.727,-1.197,1.501,-2.842,-2.078,4.578,4.804,1.886,-7.773,1.014,5.05,5.07,4.316,-4.192,-6.392,-0.6329,3.53,10.49,-3.867,-3.837,-0.1521,2.921,1.096,-13.01,-6.169,-3.234,0.9203
792,1.01,1.683,0.6531,2.377,-2.041,-2.832,1.13,1.15,3.301,-0.2018,0.6213,-1.615,-16.37,0.6912,5.481,4.83,-0.4922,-5.337,-5.949,-3.507,0.5832,1.25,-3.375,11.98,2.666,-1.948,-4.253,-2.173,1.268,-3.724,-2.38,-0.0673,-1.625,-0.5528,-4.173,-1.732,3.623,5.294,3.836,-1.795,1.943,5.05,5.07,0.5825,-3.816,-6.142,-1.237,1.894,9.581,-2.479,-3.564,-0.1915,1.486,-0.1978,-12.22,-5.825,-0.7041,2.328
793,1.01,2.663,-1.443,3.481,0.5421,-4.24,1.13,1.15,3.032,0.0922,-1.209,-3.219,-15.46,1.076,8.23,5.86,-1.213,-10.51,-3.701,-2.747,1.543,-1.662,-3.43,15.15,4.364,-0.576,-2.258,-3.224,-0.2477,-1.552,-0.6433,-0.2249,-2.004,-3.065,-2.023,-2.731,2.877,5.154,3.552,-3.05,1.249,5.05,5.07,3.933,-1.615,-5.133,-1.369,2.914,5.923,-2.782,-0.6926,0.0619,1.386,0.6971,-13.61,-6.619,-5.933,3.209
794,1.01,3.217,2.941,4.852,-0.2402,-1.916,1.13,1.15,2.016,1.34,-1.642,-3.7,-17.19,-0.6288,5.933,7.515,0.2096,-7.677,-4.508,-2.115,2.23,-0.3041,-1.603,13.24,2.147,-0.0648,-5.607,-3.165,1.761,-4.437,-0.3851,-1.376,-1.36,-3.216,-4.745,-1.253,3.862,5.721,2.705,-7.467,0.9609,5.05,5.07,4.773,-4.08,-5.636,0.2581,5.504,5.426,-2.833,-6.36,-0.6875,3.001,1.339,-11.48,-5.587,-7.136,1.144
795,1.01,2.519,-3.904,0.2884,-2.057,-1.074,1.13,1.15,2.533,0.5889,-1.89,-5.203,-15.31,0.8666,3.478,6.718,-0.1182,-6.43,-4.363,-4.261,1.356,2.062,-0.417,13.31,1.937,-1.127,-4.024,-1.861,3.014,-4.363,-4.612,-0.8946,-1.453,-0.9319,-1.357,-0.8864,4.813,3.385,3.472,-3.241,0.3605,5.05,5.07,1.412,-2.4,-7.398,-2.226,2.528,9.875,-4.17,-4.227,-0.5948,1.152,0.152,-12.69,-5.209,-10.08,1.767
796,1.01,2.375,-3.617,1.997,-0.4623,-2.323,1.13,1.15,4.391,-0.3788,-1.703,-3.961,-15.66,4.572,4.232,2.674,0.1469,-6.24,-4.659,-3.16,3.166,0.7006,-2.642,11.89,1.374,1.399,-2.712,-1.393,-0.622,-4.542,-0.7478,-2.474,0.9182,-2.412,-2.565,-2.312,5.239,6.203,1.357,-5.703,0.6988,5.05,5.07,3.805,-4.67,-8.662,-2.022,6.088,5.468,-4.775,-4.292,0.9124,4.798,-0.1109,-13.82,-4.723,-5.598,5.516
797,1.01,4.105,-2.573,0.7398,-0.5286,-0.6783,1.13,1.15,4.532,1.466,-2.619,-2.524,-16.72,1.267,1.705,4.754,1.585,-7.946,-6.694,-2.314,2.03,-0.1496,-2.91,13.52,1.48,-0.3375,-3.66,-1.829,-0.1264,-3.437,1.436,-0.045,-0.4292,-2.051,-1.425,-3.03,4.92,4.239,3.073,-5.098,-2.012,5.05,5.07,2.752,-4.637,-6.042,0.6416,2.152,6.228,-3.971,-6.01,0.1376,0.595,0.129,-10.59,-4.227,-6.346,3.347
798,1.01,1.407,-2.7,2.854,-2.429,-2.184,1.13,1.15,2.911,1.259,-0.0509,-3.598,-15.61,1.323,6.058,3.129,0.6501,-7.585,-5.126,-3.41,3.143,2.179,-1.41,11.31,1.516,-0.2026,-3.044,-3.784,1.131,-1.421,-1.646,-3.361,-1.79,-1.704,-2.365,-1.812,4.459,5.705,2.3,-4.483,0.0093,5.05,5.07,3.426,-2.799,-7.871,0.8798,4.178,5.959,-7.028,-1.021,-0.8391,3.169,-0.8109,-13.79,-3.861,-5.351,1.113
799,1.01,4.545,1.737,4.615,-0.1265,-2.277,1.13,1.15,3.615,-0.8123,-4.132,-1.939,-16.36,1.853,5.235,4.236,-0.4046,-10.36,-2.657,-2.266,1.2,0.4197,-2.156,13.25,2.664,-1.768,-3.993,-1.839,1.382,-4.623,-1.547,-1.169,0.7408,-1.022,-1.019,-1.579,5.256,3.829,1.702,-3.068,0.7994,5.05,5.07,2.717,-4.828,-7.124,-4.338,2.593,8.333,-2.809,-4.266,-0.1471,3.742,1.945,-13.61,-2.74,-6.295,3.741
800,1.01,3.333,0.8739,2.789,-2.466,-1.746,1.13,1.15,2.273,0.1177,-3.258,-3.66,-15.95,2.513,7.472,4.899,2.132,-5.036,-5.458,-1.368,0.5585,0.1638,-3.805,13.23,1.692,-3.021,-5.08,-0.4971,-1.106,-4.186,0.6826,-0.4527,-0.8641,-0.2968,-0.2902,-4.18,3.071,4.538,1.494,-7.727,2.438,5.05,5.07,0.5181,-3.252,-3.937,-1.481,6.385,5.192,-3.92,-7.43,-3.167,2.366,1.08,-12.97,-4.964,-7.017,1.698
801,1.01,1.311,-2.703,2.141,-1.851,-3.775,1.13,1.15,3.058,-1.402,0.6398,-2.957,-14.48,2.433,3.387,2.577,1.119,-6.623,-3.864,0.4326,3.475,0.3428,-1.745,14.1,-0.4985,-1.293,-3.182,-1.695,0.2956,0.7853,-1.835,0.1957,-2.155,-0.0457,-1.633,-0.7711,5.056,3.556,0.5041,-1.425,1.755,5.05,5.07,2.241,0.843,-4.987,-2.884,3.949,8.991,-4.808,-5.185,-1.089,2.135,1.375,-11.63,-3.176,-4.311,0.4819
802,1.01,4.632,-2.473,4.824,1.432,-0.7903,1.13,1.15,2.642,0.334,-1.036,-5.353,-17.02,3.244,4.709,5.901,-1.735,-8.097,-4.696,-2.141,2.167,0.6911,-1.259,14.24,1.022,0.9897,-4.714,-3.267,-0.4287,-3.651,-0.0324,-2.139,-3.977,-0.4411,-3.125,-0.698,6.108,6.559,0.4262,-4.194,-1.546,5.05,5.07,3.898,-2.538,-7.421,-2.897,2.72,6.611,-1.529,-3.491,1.232,5.761,1.439,-13.71,-4.098,-7.98,2.956
803,1.01,1.078,-0.3572,1.655,-1.904,-1.875,1.13,1.15,2.354,0.6939,-2.322,-4.351,-16.98,2.353,5.518,4.574,1.414,-7.131,-7.668,-2.47,0.8924,-1.214,-3.205,12.65,3.283,-2.397,-2.862,-1.994,2.611,-5.756,1.585,-3.002,-0.0578,-0.3905,-2.522,-1.253,5.837,6.365,2.387,-6.106,0.6442,5.05,5.07,3.848,-4.628,-5.703,0.8563,2.2,6.673,-1.153,-5.177,-0.9699,0.864,0.0768,-11.53,-5.996,-7.382,1.255
804,1.01,2.442,0.0428,3.273,1.179,0.2968,1.13,1.15,2.813,0.7855,-0.0622,-1.866,-14.07,3.926,3.788,6.312,1.092,-4.964,-3.649,-2.584,1.639,2.265,-2.916,12.68,2.961,-0.332,-3.726,-1.514,0.681,-2.766,-1.319,-1.069,-1.179,-0.7746,-1.294,-0.8908,4.024,4.698,1.577,-6.202,-1.317,5.05,5.07,1.601,-2.731,-3.269,-2.246,2.303,12.44,-2.399,-1.865,0.6917,2.09,-0.4342,-13.33,-5.122,-5.49,2.728
805,1.01,3.017,0.7427,4.382,-1.279,-1.594,1.13,1.15,5.213,-0.2875,-1.627,-1.489,-16.02,1.311,5.029,5.801,0.5456,-4.809,-4.97,-2.136,2.204,-1.433,-3.117,13.11,3.537,1.167,-4.93,-1.509,1.453,-3.192,-1.776,-1.072,-1.116,-0.5022,-4.185,-2.185,4.109,5.893,1.216,-3.523,-2.2,5.05,5.07,2.856,-3.555,-5.489,-4.621,1.413,7.676,-5.56,-5.847,-0.6895,1.766,1.925,-13.6,-3.915,-5.796,5.307
806,1.01,1.875,-2.213,1.783,-1.698,-1.243,1.13,1.15,2.53,-2.18,-1.374,-4.534,-15.69,1.373,7.817,4.652,2.6,-6.726,-4.075,-0.0573,2.663,0.0039,-1.81,12.3,1.938,-1.267,-4.299,-1.622,-1.37,-4.056,-1.749,-1.231,-0.1419,0.1021,-2.829,-2.266,5.11,2.426,0.3122,-5.249,-0.8077,5.05,5.07,3.081,-3.689,-7.054,1.063,3.627,7.081,-4.291,-5.248,-0.6946,0.4713,0.2221,-11.69,-5.144,-9.552,2.34
807,1.01,2.333,6.077,2.617,0.7247,-1.707,1.13,1.15,2.762,1.033,-1.042,-2.872,-14.67,2.122,3.434,4.033,1.688,-6.38,-5.625,-1.845,0.7708,-0.7974,-3.457,12.23,0.8903,-1.22,-3.74,-0.7227,-0.0105,-2.72,-4.49,-1.228,-1.386,-1.046,-2.757,-1.181,5.958,3.507,0.9796,-4.371,-0.501,5.05,5.07,3.791,-1.939,-6.235,0.0784,4.184,2.029,-5.047,-2.3,0.8392,1.931,0.886,-12.61,-4.627,-4.802,3.379
808,1.01,1.173,-2.766,5.08,-2.766,-1.003,1.13,1.15,5.489,0.095,-1.192,-4.354,-15.84,4.502,4.988,5.816,0.5286,-7.951,-3.137,-1.212,3.624,0.7341,-3.788,11.93,2.841,-0.8167,-1.709,-4.525,1.48,-2.696,-1.534,-0.2428,-0.2825,-2.471,-3.654,-2.416,3.783,4.768,3.987,-5.312,-0.9849,5.05,5.07,3.712,-4.203,-8.351,-2.224,3.499,8.019,-5.767,-3.627,0.2326,1.112,0.2781,-13.49,-7.727,-7.619,3.07
809,1.01,1.746,2.442,5.377,-0.4076,0.4115,1.13,1.15,2.005,1.199,3.582,-2.417,-18.27,1.578,4.121,4.762,2.771,-7.073,-5.029,-2.77,2.665,-2.572,-1.655,14.19,1.893,-1.43,-2.913,-2.162,1.118,-4.301,1.311,-0.5341,-0.3267,0.6123,-6.269,-1.338,4.123,4.836,1.684,-2.877,2.343,5.05,5.07,2.576,-4.934,-4.106,-0.1972,4.91,10.28,-1.582,-5.402,-1.683,2.994,0.9915,-11.9,-4.019,-6.483,2.036
810,1.01,1.253,-0.4759,0.3859,0.8251,-1.3,1.13,1.15,2.022,-2.263,-4.214,-3.787,-14.15,0.0985,3.237,5.013,2.343,-5.02,-3.893,-2.423,5.097,2.074,-3.138,15.13,3.526,-0.9279,-4.39,-2.548,0.0127,-3.288,1.196,-0.7328,-0.1029,-0.7136,-3.319,0.9822,5.259,4.303,2.853,-3.847,0.3756,5.05,5.07,4.393,-2.458,-5.836,-1.625,4.26,10.8,-5.743,-4.106,-0.5069,0.8664,0.3713,-13.04,-5.913,-6.183,2.019
811,1.01,0.4337,-1.558,2.332,-0.1035,-1.068,1.13,1.15,2.413,2.002,-1.208,-1.819,-16.54,1.446,5.835,4.773,-0.2677,-6.66,-3.662,-0.3932,2.507,0.4578,-4.916,14.19,3.92,-1.473,-3.15,-3.025,-0.7472,-4.544,1.749,-1.146,-1.162,-1.817,-5.072,-3.398,5.235,5.268,2.035,-4.091,1.46,5.05,5.07,2.068,-4.111,-8.308,-0.3138,3.321,11.08,-6.116,-4.636,-0.5476,1.107,0.569,-12.25,-5.51,-7.081,4.008
812,1.01,4.337,-0.6634,0.4421,-0.2418,-1.653,1.13,1.15,5.669,-2.209,-2.419,-3.738,-13.39,1.648,4.681,3.024,3.369,-5.312,-5.207,-1.829,2.225,3.727,-0.6236,14.58,0.8185,-1.221,-5.542,-1.946,-0.4256,-4.499,-0.2563,1.141,0.5379,1.21,-3.638,-3.247,4.123,6.617,2.96,-3.458,0.8247,5.05,5.07,1.986,-4.71,-7.423,-0.2824,3.668,10.11,-5.673,-5.58,0.4145,2.31,-0.5689,-11.89,-6.076,-5.163,1.828
813,1.01,0.8167,-3.82,3.59,0.3818,-1.122,1.13,1.15,2.488,0.3693,-2.433,-3.453,-17.23,5.11,6.239,2.969,1.595,-7.366,-4.681,-5.034,3.665,-0.4007,-1.856,12.32,1.309,0.2733,-5.244,-5.307,0.6682,-1.566,5.32,0.3797,0.0651,-0.3504,-3.385,-0.9419,5.838,3.795,5.322,-2.418,1.797,5.05,5.07,0.3276,-3.574,-6.247,-0.2274,2.471,8.999,-4.838,-1.958,0.3761,2.025,0.8441,-12.73,-5.251,-3.763,2.967
814,1.01,2.862,-2.622,1.147,-1.239,1.088,1.13,1.15,3.318,1.921,-3.82,-4.596,-15.34,2.576,6.042,7.433,0.0875,-7.451,-4.776,-2.674,-0.7374,-0.7358,-3.748,14.47,2.976,1.484,-4.536,-4.509,0.5632,-0.1765,-0.1643,-0.0511,-0.6029,-0.5392,-5.323,-2.828,5.307,5.172,1.633,-5.737,-1.498,5.05,5.07,0.7748,-3.281,-8.805,-3.026,4.43,6.701,-5.381,-6.505,1.197,3.512,1.464,-12.39,-5.294,-6.389,3.655
815,1.01,2.9,-1.096,2.52,-1.819,-0.0156,1.13,1.15,5.116,0.0504,-3.481,-2.714,-15.99,0.4294,3.909,8.303,2.486,-8.835,-3.08,-3.123,2.883,0.9028,-1.452,12.63,2.232,0.4824,-3.811,-3.33,2.628,-4.459,-5.144,0.2408,0.273,-0.2304,-4.548,-2.442,5.145,2.35,1.569,-3.615,1.835,5.05,5.07,1.86,0.1234,-8.644,0.45,4.306,9.42,-4.352,-6.244,0.0897,3.999,-1.317,-11.49,-2.28,-6.139,1.622
816,1.01,0.8167,0.5197,4.864,1.564,-2.118,1.13,1.15,3.331,1.125,-3.48,-0.7495,-16.52,2.793,3.556,4.683,-0.4049,-6.062,-2.921,-3.735,0.8675,1.133,-2.579,14.67,4.535,0.5419,-4.729,-0.6983,0.3274,-3.925,0.5464,-2.357,-1.57,-1.359,-3.521,-1.195,5.81,6.649,3.387,-3.983,-0.8144,5.05,5.07,3.975,-3.473,-7.494,-1.817,2.199,9.715,-3.841,-2.74,-1.131,2.991,0.1938,-12.97,-8.096,-5.311,1.411
817,1.01,1.672,-2.422,0.9006,-1.115,-1.932,1.13,1.15,3.068,2.255,-2.836,-2.225,-17.46,3.417,4.531,4.956,2.004,-7.637,-2.799,-3.578,4.744,1.671,-5.772,14.0,3.067,-1.135,-3.553,-2.905,-0.0848,-2.146,1.097,0.5238,-1.7,-1.994,-3.419,-1.924,5.234,7.19,3.607,-3.365,-2.163,5.05,5.07,5.731,-6.344,-7.413,-1.619,0.5162,12.11,-5.505,-3.147,-0.3811,1.39,1.297,-11.86,-5.352,-7.95,2.322
818,1.01,2.078,0.2931,0.2095,-0.4562,-2.228,1.13,1.15,1.249,0.9535,-1.251,-2.598,-16.87,1.037,8.027,5.759,1.031,-6.053,-4.513,-1.72,1.428,0.0427,-2.306,13.21,2.936,-2.951,-4.829,-2.562,2.758,-3.646,0.937,0.7868,-1.247,-0.5969,-2.369,-0.7663,4.954,5.65,2.799,-4.162,-1.901,5.05,5.07,1.779,-4.071,-5.475,1.889,2.597,10.94,-3.267,-3.117,-0.5436,2.813,-0.436,-13.16,-4.92,-8.043,1.804
819,1.01,2.582,1.125,4.239,0.1523,-1.818,1.13,1.15,3.795,1.596,-3.049,-5.567,-14.62,-0.2476,4.756,5.397,1.952,-7.104,-3.095,-4.509,1.346,0.0928,-3.406,14.41,3.822,0.348,-2.019,-3.494,1.537,-4.382,1.977,-2.729,-0.3346,-0.7744,-2.885,-1.509,5.036,5.07,2.309,-3.534,-0.9024,5.05,5.07,2.632,-1.958,-5.741,-0.0252,4.829,6.76,-5.283,0.6892,0.8425,0.8676,1.609,-11.89,-6.016,-5.955,3.08
820,1.01,2.159,2.82,1.55,-2.768,-3.935,1.13,1.15,4.914,-0.2319,-4.994,-1.552,-18.49,1.241,5.448,3.684,1.326,-7.64,-5.631,-1.225,0.0766,0.9663,-3.968,14.12,4.201,-0.1129,-5.382,1.144,0.6892,-1.338,-1.423,0.7769,0.4374,0.9079,-1.712,-1.825,2.95,7.285,4.083,-2.474,-1.189,5.05,5.07,3.405,-1.123,-8.453,0.1634,2.599,10.68,-5.024,-4.041,0.7859,3.895,0.7234,-11.13,-3.667,-7.078,3.05
821,1.01,2.41,1.851,0.7428,-0.4964,-1.213,1.13,1.15,3.844,-0.756,-0.632,-2.553,-16.6,2.6,4.092,4.751,-0.1453,-11.29,-5.509,-2.932,0.2695,1.571,-0.7331,12.04,1.983,-1.577,-3.808,-0.6788,-0.0016,-2.749,-4.366,-0.2359,-1.087,2.869,-4.492,-0.7264,4.691,4.777,3.05,-5.006,3.97,5.05,5.07,4.559,1.402,-5.806,1.6,5.693,4.674,-4.727,-4.316,-0.7863,4.393,0.0064,-11.75,-3.785,-10.2,1.39
822,1.01,0.2986,0.0762,5.094,1.39,-0.2847,1.13,1.15,1.052,2.322,-3.488,-3.481,-16.17,2.327,4.044,5.714,1.718,-7.932,-5.838,-1.145,3.214,0.8693,-2.724,13.1,3.211,0.4094,-3.573,-5.055,-0.8121,-4.612,1.014,-0.7878,-1.499,1.014,-2.502,-1.993,6.101,2.978,-0.8619,-2.921,2.078,5.05,5.07,5.338,-3.568,-7.058,0.5497,4.807,7.682,-3.806,-5.404,0.9557,4.885,1.11,-13.63,-3.372,-9.212,3.371
823,1.01,1.327,-3.305,4.496,-0.4064,-1.907,1.13,1.15,2.924,-0.1694,-1.871,-2.287,-16.88,3.868,5.975,4.916,1.149,-8.108,-2.7,-2.269,0.4699,1.062,-2.331,13.34,2.433,0.9372,-4.665,-2.114,0.1382,-3.082,-4.376,-1.35,-0.0924,1.77,-4.041,-1.82,3.389,6.101,3.627,-5.541,-0.2748,5.05,5.07,2.383,-3.053,-4.487,-0.4132,5.614,4.965,-0.6498,-2.218,-1.603,2.422,0.5322,-12.74,-3.58,-4.491,4.831
824,1.01,3.46,-1.42,1.596,0.66,-2.758,1.13,1.15,2.596,-0.7196,-0.0195,-2.079,-16.7,2.595,4.073,6.89,3.446,-5.127,-6.254,-3.15,2.345,-0.1243,-0.9808,12.85,1.773,-2.166,-1.017,0.0913,2.425,-1.256,-1.437,-1.063,0.0767,1.995,-3.278,-1.39,3.963,3.719,2.356,-4.52,1.696,5.05,5.07,2.561,-3.48,-6.198,1.723,5.725,6.069,-2.324,-1.233,-0.2636,4.042,0.8176,-12.97,-4.661,-4.655,3.89
825,1.01,1.056,1.214,2.408,0.9172,-1.676,1.13,1.15,3.493,0.4272,-3.207,-2.08,-16.85,1.123,7.079,4.918,0.0887,-3.921,-6.036,-3.988,2.378,-0.643,-4.269,13.65,4.145,-0.3943,-3.184,-0.0875,2.956,-0.7802,-4.686,-0.9196,-0.2881,1.023,-3.387,-1.233,5.272,6.018,3.164,-2.886,1.212,5.05,5.07,2.87,0.1077,-3.824,-2.592,3.886,7.778,-5.479,-2.373,0.6005,2.039,1.55,-12.94,-6.337,-5.262,2.013
826,1.01,1.381,-0.083,5.077,1.212,2.317,1.13,1.15,7.195,0.8613,-2.272,-4.73,-16.74,1.815,5.221,5.156,0.3738,-7.628,-6.33,-2.577,3.185,-2.215,-4.346,15.09,3.922,-0.8341,-2.282,-0.9408,1.661,-5.94,-1.143,-0.593,-0.7144,-0.7327,-2.839,-0.203,4.335,9.011,2.192,-4.238,-0.201,5.05,5.07,3.778,-4.43,-6.855,-0.8009,3.354,8.745,-4.076,-3.432,0.1773,3.117,2.359,-12.76,-6.286,-7.376,0.9345
827,1.01,1.338,0.8042,2.713,-0.9544,-1.185,1.13,1.15,3.891,1.451,-4.251,-4.423,-16.82,0.911,5.871,4.824,1.444,-6.319,-3.943,-1.382,2.312,1.188,-1.344,13.61,2.281,1.807,-2.594,-4.344,2.663,-1.545,0.9803,-2.327,-0.1217,-0.747,-2.484,-1.553,3.851,3.61,3.596,-3.889,-0.3387,5.05,5.07,2.902,-3.62,-6.662,-2.421,4.913,9.294,-5.403,0.2576,0.7265,2.091,0.7768,-12.75,-4.233,-4.968,3.358
828,1.01,3.544,1.744,2.295,1.441,-1.744,1.13,1.15,4.836,0.9488,-1.98,-4.759,-17.17,4.559,5.333,4.429,1.704,-5.651,-5.274,-3.192,0.9274,-1.112,-4.837,13.81,4.161,0.5536,-1.64,-0.2525,2.67,-4.375,-0.4847,0.605,-1.286,1.472,-3.675,-1.506,6.116,6.006,3.291,-3.059,-0.3261,5.05,5.07,1.877,-5.643,-7.01,-2.689,5.276,9.34,-4.685,-4.757,1.57,2.148,2.793,-14.48,-5.461,-4.283,2.302
829,1.01,3.921,-2.799,5.138,-3.713,-2.676,1.13,1.15,1.84,0.372,-1.932,-3.834,-17.98,1.679,6.948,8.482,-0.407,-6.624,-6.444,-0.6794,3.264,0.4221,-2.013,12.79,0.7867,-1.003,-3.7,-2.458,0.5615,-3.969,0.5028,2.764,0.8215,-0.9021,-3.487,-2.561,4.966,6.503,4.315,-5.503,0.1783,5.05,5.07,2.184,-5.205,-5.937,-0.3271,4.983,4.332,-4.985,-5.359,-1.149,1.665,0.7573,-10.66,-5.098,-5.53,2.969
830,1.01,2.662,-5.803,3.15,-0.7317,0.4445,1.13,1.15,2.087,-0.606,-1.724,-1.69,-17.21,3.73,3.745,6.081,2.097,-5.839,-6.586,-3.591,0.6156,-0.168,-0.9982,11.16,4.04,-1.212,-2.781,-3.695,2.921,-2.543,-0.5824,-1.964,-0.31,1.494,-3.558,-2.766,7.0,5.65,-0.1382,-5.085,0.9919,5.05,5.07,4.129,-2.899,-6.975,0.7257,4.397,10.02,-0.403,-4.842,0.0614,0.7965,0.5844,-12.51,-5.358,-3.281,3.022
831,1.01,2.276,-3.707,3.959,-2.252,-2.289,1.13,1.15,3.76,-0.3832,-2.378,-7.04,-15.05,1.866,4.654,5.46,0.2953,-4.349,-4.085,-4.591,2.571,0.8748,0.1708,11.24,2.648,2.097,-3.265,-3.674,1.209,-4.582,0.9784,0.1262,1.079,-0.8813,-3.153,-2.19,5.278,5.388,2.356,-7.593,0.853,5.05,5.07,3.431,-3.779,-5.739,0.1695,3.665,9.13,-2.765,-6.998,0.7479,0.8839,2.896,-11.36,-4.218,-4.006,4.311
832,1.01,1.087,-0.5493,5.115,-2.445,-2.083,1.13,1.15,4.268,0.6047,-0.0606,-2.958,-15.28,0.7563,6.578,7.067,1.755,-8.369,-6.163,-5.542,0.6668,1.369,-2.608,14.64,4.939,0.5952,-4.09,-1.025,2.947,-5.006,-1.319,-1.087,1.603,2.04,-4.052,-3.455,5.962,5.186,4.752,-4.352,1.2,5.05,5.07,3.05,-4.243,-5.716,-0.1297,5.58,10.25,-2.191,-6.977,0.786,2.053,2.194,-10.44,-4.459,-5.983,2.809
833,1.01,1.13,-3.354,2.913,-1.592,-2.825,1.13,1.15,4.666,-0.318,-2.925,-2.547,-14.77,3.928,4.254,5.029,0.6478,-8.537,-6.664,-4.178,1.656,2.272,-3.108,13.96,3.99,1.881,-3.952,-0.2411,0.5612,-1.013,1.512,-0.6181,1.28,-2.512,-1.532,-2.394,5.697,4.075,-0.78,-3.388,1.056,5.05,5.07,3.307,-5.828,-8.19,0.8314,4.212,5.456,-4.095,-2.035,1.209,1.67,-0.0956,-13.1,-5.979,-4.734,2.522
834,1.01,0.4235,-2.843,4.153,0.8015,-0.1803,1.13,1.15,0.1687,2.625,-2.221,-3.935,-18.24,3.22,5.216,6.022,2.175,-7.479,-5.112,-2.065,0.3904,-0.9519,-1.614,16.46,4.779,1.232,-3.901,-1.297,-0.1049,-2.503,0.5747,2.128,1.694,-2.778,-2.474,-0.2595,6.149,4.805,2.752,-1.331,-2.038,5.05,5.07,4.657,-1.997,-7.064,-1.028,2.82,9.903,-4.571,-2.232,-1.338,2.304,0.3225,-11.78,-4.806,-1.153,1.344
835,1.01,3.822,1.563,1.256,0.203,0.2118,1.13,1.15,1.18,-2.135,-3.147,-2.597,-19.75,1.137,2.742,6.237,1.716,-7.24,-6.528,-1.434,2.277,-0.2562,-1.495,13.96,3.015,-0.0375,-3.739,-3.584,2.872,-4.271,0.3312,-0.1501,0.3964,0.3066,-4.874,-0.7072,4.772,4.88,1.668,-5.443,-1.104,5.05,5.07,4.846,-1.45,-6.298,-0.4503,4.258,3.495,-6.78,-6.293,0.9189,2.296,0.7169,-10.68,-5.187,-4.404,0.6797
836,1.01,3.025,-5.743,1.0,-0.167,0.3397,1.13,1.15,3.698,1.915,0.9588,-3.847,-17.21,2.379,5.927,4.978,2.08,-5.174,-4.736,-6.821,1.476,0.1865,0.0921,13.62,1.831,-0.7538,-2.396,-4.196,1.048,-3.097,0.4405,0.4072,0.3703,-1.876,-1.051,0.9232,3.306,4.25,2.869,-1.939,-0.8612,5.05,5.07,3.095,-4.592,-5.23,-0.259,1.325,7.537,-4.983,-4.702,1.85,3.782,0.7451,-12.78,-5.473,-8.277,2.057
837,1.01,-0.9986,-1.338,4.31,0.1129,-3.663,1.13,1.15,4.22,2.929,-3.89,-2.832,-16.74,4.741,7.445,6.169,0.7738,-9.497,-6.337,-1.741,-1.173,1.193,-4.808,14.82,5.415,1.724,-2.936,-2.281,1.199,-2.881,-3.448,-1.525,0.0099,-0.2525,-3.636,-1.415,5.22,4.825,2.612,-4.151,1.565,5.05,5.07,5.818,-2.03,-6.516,-2.371,2.685,8.216,-2.53,-5.562,-0.1696,3.979,3.669,-12.8,-4.854,-6.273,3.057
838,1.01,2.819,0.5196,1.217,0.4711,-0.082,1.13,1.15,0.0831,2.342,-3.923,-5.285,-17.36,2.581,6.222,5.252,2.175,-7.959,-4.045,-3.827,-0.2523,2.447,-2.817,14.88,4.157,-1.637,-3.547,-2.365,0.7074,-4.553,2.563,-0.7363,-1.594,-0.3034,-2.475,-1.89,3.588,6.716,2.739,-4.198,3.735,5.05,5.07,4.091,-5.163,-6.504,1.207,3.701,11.41,-2.293,-7.831,0.7282,5.252,1.611,-10.94,-4.153,-2.78,0.7698
839,1.01,2.409,1.888,4.563,-1.668,-1.287,1.13,1.15,1.733,1.759,-1.972,-3.625,-14.72,2.665,6.367,4.583,1.321,-6.794,-1.678,-2.845,2.858,0.3844,-2.205,14.08,4.597,2.366,-3.201,-1.761,0.493,-2.097,-4.022,-0.0773,-2.245,-0.5249,-2.909,-0.4986,4.664,3.498,3.271,-2.364,1.749,5.05,5.07,4.155,-5.052,-7.087,-0.369,4.174,8.606,-6.376,-1.408,1.129,0.8117,1.067,-12.34,-3.185,-7.548,0.1509
840,1.01,1.598,-0.6627,3.747,1.899,-0.3719,1.13,1.15,5.372,1.128,-3.452,-3.947,-15.53,3.785,5.917,3.92,1.425,-6.894,-5.408,-1.938,0.987,-0.5487,-5.053,12.68,3.928,-1.53,-3.132,-0.7177,1.321,-2.688,1.219,0.5308,0.8569,-1.899,-2.034,-1.939,4.47,4.52,2.508,-4.045,0.8631,5.05,5.07,4.323,-3.325,-6.833,-2.104,4.065,10.22,-3.875,-5.176,0.0332,2.618,2.664,-12.38,-6.442,-1.723,3.905
841,1.01,2.764,-0.2019,2.272,-0.9391,1.257,1.13,1.15,2.916,1.599,-0.5041,-5.679,-18.79,3.406,7.577,5.58,0.8708,-6.202,-4.44,-0.5959,3.645,1.893,-3.192,13.5,2.584,-0.0751,-2.481,-2.624,1.855,-2.611,-1.015,0.8734,-0.5336,0.9194,-3.883,-1.776,4.588,5.176,1.242,-2.526,0.6533,5.05,5.07,4.871,-5.111,-6.445,-1.292,4.653,9.535,-4.682,-3.245,0.5053,4.379,2.262,-10.67,-5.283,-4.908,2.723
842,1.01,1.421,-1.447,5.147,3.474,-1.952,1.13,1.15,4.403,-0.2896,-4.371,-6.926,-15.47,5.243,5.731,5.971,1.864,-5.5,-3.44,-2.047,0.9885,2.7,-1.803,12.72,4.633,0.0212,-5.115,-3.798,1.597,-0.4825,4.413,-1.406,-0.0587,-0.9956,-3.86,0.8271,5.289,4.547,0.9187,-4.439,-0.6351,5.05,5.07,3.257,-5.214,-6.672,-1.877,1.216,10.6,-3.767,-3.293,-0.775,1.341,0.3891,-12.91,-2.754,-5.867,4.329
843,1.01,1.727,2.848,6.802,1.468,-1.176,1.13,1.15,3.792,2.648,-2.378,-5.359,-16.16,3.352,7.328,5.409,-0.0127,-5.424,-6.9,-4.01,-1.974,-0.4038,-2.366,13.44,2.918,-0.9567,-6.133,-3.562,1.089,-2.369,-0.0934,-1.159,0.5913,-1.901,-3.109,-1.163,5.611,7.066,4.691,-1.458,2.268,5.05,5.07,4.074,-4.797,-5.825,1.405,5.11,9.69,-5.118,-5.641,-1.596,3.846,1.824,-10.63,-5.818,-4.562,1.665
844,1.01,2.534,-3.019,3.076,0.3857,-2.324,1.13,1.15,2.985,0.5717,-3.013,-6.192,-18.59,1.057,7.027,4.433,1.464,-7.672,-5.15,-4.224,0.1011,1.867,-2.567,13.3,0.4502,0.09,-4.044,-0.3875,2.944,-3.596,-1.872,-1.518,0.7408,0.0084,-0.7411,-2.532,4.702,4.403,1.659,-3.1,-0.3243,5.05,5.07,2.014,0.6326,-9.463,0.6351,2.372,8.836,-6.11,-4.055,1.85,1.235,2.377,-10.57,-4.372,-10.26,0.6439
845,1.01,2.574,0.0826,3.194,-0.7651,-1.052,1.13,1.15,2.503,0.3059,-3.333,-4.105,-15.08,3.752,3.718,4.202,-1.286,-7.076,-3.733,-3.465,4.115,-0.3237,-1.745,12.83,1.531,-0.39,-3.169,-2.668,1.721,-4.656,-1.396,2.114,-1.421,-0.4223,-2.964,-1.621,6.383,7.661,1.198,-4.403,0.0313,5.05,5.07,4.331,-6.754,-2.636,-0.7291,2.452,5.71,-2.435,-2.089,-0.89,3.721,1.375,-12.59,-3.765,-5.784,2.474
846,1.01,1.116,5.774,0.3322,1.46,-3.336,1.13,1.15,6.007,0.5165,-1.492,-3.752,-17.4,1.84,7.084,5.733,1.611,-5.899,-2.628,-2.114,0.2362,-0.9777,-2.624,14.3,3.217,-1.884,-3.66,-4.966,-0.325,-4.248,1.427,-0.3665,-0.2216,-0.4491,-3.302,-2.112,5.004,6.867,2.55,-5.302,0.2202,5.05,5.07,3.132,-4.398,-6.175,-1.807,2.949,8.593,-3.432,-5.675,1.219,1.897,2.659,-10.94,-6.177,-6.747,3.286
847,1.01,-0.6557,-0.6497,2.202,-1.467,-4.005,1.13,1.15,4.14,-0.9623,-3.378,-2.486,-19.69,4.225,6.449,4.557,4.937,-4.692,-5.908,0.8852,-0.0782,0.1917,-2.582,16.0,2.035,-0.0257,-0.3207,-1.285,-1.155,-2.531,0.3063,-1.9,0.2389,0.9336,-2.924,-1.933,4.379,5.569,3.153,-5.831,1.976,5.05,5.07,3.938,-1.158,-5.974,-1.715,1.992,3.359,-1.897,-3.876,1.33,2.356,0.391,-13.72,-3.996,-8.161,3.835
848,1.01,2.098,-0.9745,2.268,-0.1134,-0.5489,1.13,1.15,2.885,0.3272,-2.412,-1.628,-15.85,1.857,3.429,4.541,0.3399,-7.293,-4.021,-2.415,0.3469,0.9929,-4.081,10.95,3.216,-0.6086,-1.658,-3.226,-1.256,-3.339,0.9602,0.0902,0.3486,-0.3261,-0.2992,-0.9317,7.032,5.086,0.9831,-2.676,0.5168,5.05,5.07,4.453,-0.0306,-6.239,-1.129,3.202,5.708,-5.578,-5.108,3.058,3.688,2.963,-12.44,-4.303,-7.182,2.683
849,1.01,0.7275,-5.804,4.677,-1.035,-3.468,1.13,1.15,2.194,-1.803,-1.513,-4.428,-17.71,3.041,6.266,5.927,1.768,-7.631,-3.785,0.7552,1.459,2.403,-3.734,13.94,2.613,-0.1889,-3.201,-3.132,1.948,-3.924,-0.7085,1.662,-1.164,-1.931,-2.038,-1.961,6.079,5.602,2.243,-2.795,-2.186,5.05,5.07,5.422,-1.952,-6.393,-0.8757,3.379,7.932,-5.613,-2.311,-0.673,2.132,2.836,-10.51,-4.721,-5.862,1.857
850,1.01,1.783,-1.008,2.122,-0.774,-0.6218,1.13,1.15,3.042,-0.6278,-1.886,-5.637,-17.74,1.925,7.451,7.472,0.1183,-8.159,-3.773,-2.826,2.676,0.9812,-3.758,13.78,3.645,0.6121,-3.121,-1.937,1.262,-3.37,-3.289,0.242,0.7449,-0.3642,-3.929,-0.183,4.989,5.309,2.535,-4.051,0.8233,5.05,5.07,2.542,-7.721,-4.981,-0.1348,6.762,3.364,-3.57,-0.6746,1.447,4.299,2.058,-12.1,-5.212,-10.14,1.153
851,1.01,-0.6298,0.7075,3.731,-1.35,-1.061,1.13,1.15,5.221,0.6152,-4.489,-3.929,-16.48,2.057,5.964,4.453,1.03,-7.266,-4.089,-2.703,1.451,1.658,-4.35,15.51,3.992,0.0286,-2.708,-1.412,3.645,-1.231,-0.2357,-0.0622,0.8795,0.1101,-3.07,-0.9017,4.778,5.718,3.221,-1.353,1.31,5.05,5.07,5.304,-4.537,-4.846,-0.7774,3.985,8.118,-5.172,-3.058,0.2604,4.422,1.105,-12.3,-5.271,-7.19,2.848
852,1.01,2.899,-3.801,6.619,-0.4958,0.5727,1.13,1.15,1.703,1.498,-0.7105,-1.157,-17.84,0.7864,5.492,5.809,0.794,-6.38,-5.234,-0.478,2.106,0.0467,-4.005,13.12,3.03,-1.597,-4.049,-1.754,-1.147,-2.973,1.484,0.4709,-0.2028,-0.2492,-3.637,-5.053,5.367,3.998,0.8382,-3.67,-0.3876,5.05,5.07,2.317,-2.186,-3.878,-3.328,3.777,9.393,-5.503,-2.204,0.5971,3.92,2.518,-9.984,-5.965,-2.51,0.4797
853,1.01,2.126,-2.349,2.8,-1.957,2.226,1.13,1.15,3.336,1.393,-3.567,-4.365,-16.16,1.476,3.972,6.497,1.138,-5.215,-5.637,-2.713,3.047,2.355,-3.048,14.5,3.239,0.4756,-3.934,-2.057,1.681,-2.963,3.126,-0.6703,2.087,-0.8869,-2.459,-1.562,1.564,4.262,4.397,-4.062,1.568,5.05,5.07,2.164,-2.127,-6.159,0.1564,3.429,6.57,-1.913,-6.607,0.5313,0.5038,1.282,-12.84,-5.663,-6.037,3.033
854,1.01,1.192,-1.527,6.394,-3.042,0.852,1.13,1.15,1.498,2.36,-3.568,-4.448,-18.17,2.095,4.763,5.206,-0.1223,-6.547,-2.005,-1.309,2.15,2.688,-5.387,12.92,3.053,1.724,-4.939,-2.803,-0.9676,-0.4976,3.658,-1.877,1.28,-1.64,-3.194,-1.791,5.452,4.573,0.9021,-4.141,1.015,5.05,5.07,3.579,-1.278,-6.04,-0.7276,4.094,13.45,-3.81,-1.79,0.474,1.22,2.954,-11.33,-5.427,-6.888,0.388
855,1.01,2.109,7.717,3.85,-2.821,-3.092,1.13,1.15,2.865,0.0868,-3.889,-2.895,-16.37,2.712,6.117,7.041,0.0907,-9.325,-4.031,-3.517,1.344,1.053,-4.014,13.76,4.757,-0.1767,-1.754,-1.322,1.577,-3.696,-0.3494,-0.2254,0.0184,-0.6602,-4.125,-2.467,5.017,6.377,3.035,-6.557,1.651,5.05,5.07,3.007,-6.292,-6.201,-2.284,6.176,8.275,-4.131,-2.683,0.3338,3.756,2.479,-11.39,-3.591,-7.171,1.298
856,1.01,-0.4964,-1.128,2.044,-0.6791,-1.529,1.13,1.15,2.557,0.7402,-2.222,-2.606,-18.7,3.112,3.604,6.096,0.4518,-6.85,-4.994,-1.519,1.566,-0.8739,-1.402,12.39,3.019,0.3617,-3.735,0.191,1.041,-4.028,-0.5245,0.4316,1.339,0.4047,-2.99,-0.5886,4.803,5.056,2.321,-7.685,1.873,5.05,5.07,2.138,-2.992,-5.828,-2.055,4.691,8.423,-2.027,-4.06,1.352,3.562,2.097,-12.94,-5.53,-5.775,1.91
857,1.01,-0.477,-3.389,3.236,-3.83,-1.343,1.13,1.15,2.876,1.169,-3.623,-3.52,-15.17,4.699,6.45,5.822,1.554,-5.946,-2.549,-1.145,-0.1495,-0.1506,-5.104,12.61,3.637,-0.1583,-2.875,-2.619,1.807,-3.154,-1.688,-0.8528,-0.4798,-3.179,-3.322,-1.012,6.887,5.06,2.304,-5.509,2.596,5.05,5.07,6.2,-4.164,-4.179,-0.4703,5.056,4.887,-2.928,-5.646,0.4025,3.669,0.6184,-11.65,-6.09,-6.167,2.251
858,1.01,3.067,-7.358,1.084,-2.645,-2.408,1.13,1.15,2.59,0.308,-2.515,-4.421,-17.13,4.607,7.12,5.038,2.598,-5.237,-4.349,0.0803,0.4551,0.3947,-2.136,15.48,2.999,-0.5252,-2.131,-3.806,2.03,-2.9,0.8919,-1.946,4.014,1.676,-2.867,-2.827,5.308,5.311,1.282,-4.642,-1.325,5.05,5.07,3.359,-0.0955,-9.14,-0.732,4.147,8.347,-4.293,-0.9444,0.2105,3.229,2.773,-10.98,-4.732,-5.829,2.202
859,1.01,2.821,0.9652,3.625,1.147,0.1365,1.13,1.15,3.801,0.4092,-1.78,-4.752,-17.3,2.758,5.93,7.435,3.329,-7.983,-5.091,-2.096,1.841,0.7782,-0.8921,12.84,2.928,1.53,-5.053,0.2763,3.843,-3.091,-2.832,-1.137,0.6707,0.3865,-3.282,-2.911,7.067,4.23,0.9097,-5.319,2.482,5.05,5.07,4.081,-4.109,-6.151,0.2168,4.034,10.05,-2.063,0.4168,1.53,3.793,1.909,-10.82,-3.483,-3.097,3.396
860,1.01,1.215,-1.211,4.037,1.531,-2.162,1.13,1.15,4.009,0.8753,-3.102,-3.66,-15.9,3.858,4.894,3.598,1.545,-7.162,-5.401,-3.795,2.753,2.03,-3.331,13.44,1.907,-1.15,-4.822,-1.494,1.301,-1.255,-2.242,0.13,2.79,0.3566,-2.71,-0.6303,7.113,5.971,4.29,-2.892,1.55,5.05,5.07,4.216,-6.828,-4.193,-2.966,4.72,8.376,-5.919,-2.575,0.6748,1.557,2.325,-12.43,-4.341,-3.47,2.027
861,1.01,0.7554,-7.622,4.655,-3.001,-3.282,1.13,1.15,2.728,1.441,-1.525,-5.183,-19.08,1.361,6.954,6.131,2.843,-6.163,-3.735,-2.535,1.533,3.584,-1.084,13.2,2.74,-1.419,-4.013,-2.603,1.546,-3.273,2.635,0.3996,2.582,-1.441,-4.45,-1.948,6.337,4.87,3.265,-4.442,-1.34,5.05,5.07,5.292,-2.798,-6.677,-0.3396,3.435,8.97,-4.621,-3.929,-0.1486,2.034,3.092,-9.947,-3.784,-8.446,2.929
862,1.01,-1.966,0.319,4.883,1.057,-0.7537,1.13,1.15,2.098,-1.703,-1.53,-4.453,-15.77,1.361,4.311,6.623,2.983,-5.07,-6.388,-3.011,1.951,0.1694,-1.392,14.58,0.9056,-0.2363,-0.6785,0.6688,1.257,-2.221,0.5887,1.567,2.176,1.549,-2.895,0.0399,5.942,5.378,2.27,-2.207,4.144,5.05,5.07,3.009,-4.569,-3.961,-0.9729,5.993,7.401,1.174,-2.738,0.9878,3.649,2.53,-10.39,-3.972,-0.8135,3.484
863,1.01,2.604,0.9336,3.82,-0.9811,-1.445,1.13,1.15,4.172,1.315,-3.428,-3.549,-17.54,2.608,5.853,6.539,3.539,-6.319,-5.687,-0.4073,2.013,1.706,-1.018,12.32,4.099,-1.052,-3.71,0.4046,-1.91,-0.8122,-2.143,0.1633,0.8467,-0.6784,-1.961,-1.685,5.179,4.16,0.6999,-2.472,2.457,5.05,5.07,3.476,-3.943,-3.583,-2.007,4.618,4.721,-4.148,1.065,0.578,3.335,2.722,-11.31,-5.767,-1.386,4.445
864,1.01,3.652,1.545,2.828,1.216,-3.066,1.13,1.15,3.752,0.2566,-3.397,-4.766,-15.79,1.689,7.247,7.196,1.884,-7.039,-5.049,-1.779,0.9334,2.602,-0.614,14.02,4.59,-1.535,-4.26,-2.501,0.4817,-2.565,-0.1631,0.9224,1.96,-0.7994,-1.577,-1.398,3.802,5.344,2.15,-6.604,1.678,5.05,5.07,3.313,-4.458,-7.358,-0.7654,1.095,7.423,-2.996,-2.004,1.005,1.39,1.256,-11.82,-3.906,-7.101,1.333
865,1.01,3.003,-4.967,2.689,0.8536,0.67,1.13,1.15,5.641,2.227,-2.797,-5.245,-15.5,3.626,4.404,4.44,2.403,-6.604,-5.851,-4.929,0.4443,-0.5632,-0.6906,12.65,3.58,-2.56,-2.348,-4.631,1.272,-4.923,-1.752,-1.08,-2.559,1.351,-2.591,-1.439,6.796,6.033,2.573,-4.847,0.3085,5.05,5.07,3.572,-1.728,-6.656,-0.6442,4.254,4.478,-4.942,-3.611,2.952,1.649,1.001,-12.39,-3.521,-5.144,1.663
866,1.01,0.5329,4.028,4.429,-0.3772,-0.8038,1.13,1.15,4.574,3.142,-3.689,-4.281,-19.53,4.248,8.012,5.319,-1.832,-7.638,-6.355,-2.34,1.5,0.5685,-1.555,13.6,3.814,1.581,-3.322,-2.272,0.7735,-1.76,-0.9645,1.053,0.0337,0.781,-1.673,-1.235,5.129,6.735,1.084,-1.25,1.63,5.05,5.07,3.438,-1.442,-4.367,-1.119,4.58,8.313,-5.556,-5.167,2.319,4.32,2.723,-10.97,-5.246,-5.719,3.831
867,1.01,2.862,3.514,3.554,-1.048,-1.953,1.13,1.15,2.524,-0.7668,-2.974,-3.972,-16.64,3.919,6.022,7.937,2.519,-8.244,-5.691,-3.564,0.1276,0.3963,-2.58,16.94,1.652,-1.997,-2.92,-1.853,1.859,-2.207,0.5739,-1.336,2.964,0.6437,-3.22,-0.725,7.008,4.253,3.526,-4.103,0.366,5.05,5.07,6.11,-1.638,-4.828,-0.2762,2.786,9.663,-1.623,-2.1,1.541,1.804,3.118,-11.29,-4.64,-5.273,2.303
868,1.01,2.022,-5.115,3.819,-0.6615,-0.9873,1.13,1.15,2.118,1.106,-2.046,-7.066,-17.2,2.836,5.326,6.169,1.62,-9.562,-4.479,-1.892,0.6021,1.043,-2.472,13.31,2.915,-0.8115,-2.218,-1.432,1.592,0.139,0.6332,-0.1818,1.369,3.198,-2.826,-1.254,5.363,4.909,2.573,-4.995,0.0174,5.05,5.07,2.741,-2.954,-6.045,-0.1665,4.257,10.94,-4.583,0.6768,0.7684,0.8578,1.927,-12.16,-5.622,-3.28,3.914
869,1.01,0.9737,5.603,2.138,-1.214,-2.583,1.13,1.15,3.746,1.754,-0.0606,-3.694,-17.38,2.609,5.12,7.198,3.405,-7.378,-6.358,-1.916,3.3,-0.5929,-3.432,15.1,5.442,-0.5,-2.883,-2.764,0.4088,-2.338,-2.026,1.681,-1.852,1.493,-1.893,0.4632,6.377,2.851,0.0777,-4.252,1.848,5.05,5.07,3.906,-2.469,-3.884,-1.483,1.343,6.026,-4.01,-6.34,0.2691,5.15,3.71,-11.73,-4.871,-8.29,2.147
870,1.01,2.158,1.379,3.52,0.536,-1.061,1.13,1.15,4.254,-0.1868,-1.802,-5.054,-15.46,0.9015,5.337,6.321,0.9065,-6.435,-3.525,-4.045,-1.206,1.26,-2.219,14.36,1.587,2.263,-3.749,-2.441,2.488,-3.552,0.1123,0.2866,0.647,0.4699,-4.682,-1.91,6.279,5.974,4.217,-2.099,3.335,5.05,5.07,2.197,-2.981,-6.212,-1.11,2.983,7.149,-3.172,-2.586,-0.189,2.419,0.4105,-8.43,-3.235,-5.762,0.9785
871,1.01,2.795,-3.118,3.575,0.1088,-0.6685,1.13,1.15,4.438,-1.239,-2.569,-3.756,-15.63,3.051,5.831,5.401,-0.3987,-7.169,-3.949,-4.321,-0.3663,1.276,-1.298,13.33,3.6,0.0524,-1.681,-3.951,1.054,-3.545,-3.582,3.041,0.4798,-0.1833,0.5168,-0.6632,6.173,6.998,0.7336,-2.124,1.063,5.05,5.07,3.797,-5.916,-5.029,1.327,4.342,6.733,-4.541,-3.428,1.661,3.449,0.1618,-10.55,-4.62,-5.143,3.49
872,1.01,3.763,1.257,3.429,-1.39,-3.471,1.13,1.15,4.283,1.163,-1.999,-4.122,-18.12,0.372,5.688,5.0,0.8773,-7.882,-3.835,-3.333,-0.1421,0.7974,-3.083,14.37,2.165,-0.7812,-3.045,-1.908,-0.4918,-3.115,5.161,-2.282,-0.1372,-2.778,-2.716,-1.493,6.181,6.785,1.948,-3.924,-0.206,5.05,5.07,4.902,0.9312,-5.247,-1.172,4.963,7.703,-3.058,-4.721,2.209,4.999,1.84,-10.18,-5.785,-9.06,2.876
873,1.01,2.024,0.0331,4.106,1.572,0.9614,1.13,1.15,1.82,0.5312,-3.248,-4.784,-18.94,2.989,4.157,5.066,3.283,-5.426,-4.497,0.1117,-1.156,2.734,-2.307,14.65,4.036,-0.298,-2.608,-1.218,0.5058,-1.832,-1.334,0.8921,1.155,-0.625,-1.844,-2.628,3.762,6.302,3.914,-4.282,0.4957,5.05,5.07,2.769,-3.024,-8.566,-1.558,2.034,9.68,-3.123,-4.073,0.3666,1.186,1.966,-10.49,-4.293,-5.975,2.824
874,1.01,-0.4624,-4.853,6.907,-0.0196,0.2651,1.13,1.15,6.288,2.453,-1.112,-5.399,-16.55,3.798,4.456,7.653,1.097,-7.78,-2.902,0.2657,1.109,-0.252,-1.797,14.93,2.685,0.5785,-5.217,-2.565,0.2557,-2.521,-0.5036,-0.3685,0.3824,1.948,-1.875,-0.3494,5.451,5.324,1.732,-2.329,0.4444,5.05,5.07,5.154,-3.099,-4.585,1.531,4.457,11.74,-2.347,-0.0536,2.647,3.836,2.368,-13.46,-5.6,-8.865,3.126
875,1.01,4.287,-5.324,4.4,-2.23,-3.07,1.13,1.15,3.834,1.482,-2.509,-4.734,-16.62,3.37,5.036,5.715,0.8968,-7.658,-6.085,-3.412,1.845,-0.6956,-4.389,15.79,3.182,0.9629,-3.22,-1.623,2.975,-2.948,-1.712,-1.256,0.7977,-1.846,-2.387,-1.58,6.89,4.737,2.225,-2.877,-0.2452,5.05,5.07,4.528,-7.745,-7.058,-2.707,4.574,10.21,-3.789,-0.7015,1.155,2.718,2.459,-12.58,-5.328,-6.586,3.384
876,1.01,0.8992,-0.7086,1.619,-1.237,1.616,1.13,1.15,3.816,1.447,-2.77,-5.053,-17.07,3.476,4.863,6.033,2.516,-6.362,-2.415,-0.7206,-0.1325,2.525,-0.413,14.91,5.262,-0.8931,-3.535,-4.282,0.1915,-2.061,0.5563,1.198,2.364,-1.485,-1.842,-1.462,4.697,4.679,1.452,-3.119,2.681,5.05,5.07,5.932,-3.276,-4.842,0.0941,4.194,7.062,-1.933,-1.87,0.9666,2.636,2.663,-11.07,-4.851,-6.588,3.62
877,1.01,1.069,0.4845,4.193,-0.1797,-0.3043,1.13,1.15,2.586,-0.3153,-3.539,-4.488,-16.99,4.139,7.244,4.538,-0.3375,-6.393,-5.946,-2.219,1.787,1.435,-2.785,11.9,2.489,0.5748,-2.981,-1.105,2.386,-2.228,1.799,0.1892,1.177,-0.0879,-4.314,-2.381,5.602,4.823,4.01,-2.301,-0.7967,5.05,5.07,5.555,-5.281,-6.569,-3.164,4.938,8.948,-4.099,-3.962,2.257,3.325,1.524,-11.16,-5.471,-6.658,3.862
878,1.01,2.451,5.289,6.039,-0.3224,-0.4066,1.13,1.15,3.835,0.1982,-2.947,-3.169,-18.37,4.743,6.789,5.616,1.947,-5.826,-5.101,-4.665,0.8826,1.37,-3.76,13.98,2.139,-2.047,-6.361,-3.778,0.8267,-2.267,-1.779,-0.2368,2.571,1.381,-3.202,-2.451,4.321,8.463,4.214,-1.489,3.621,5.05,5.07,5.012,-3.999,-4.913,-0.3215,2.774,8.306,-1.269,-4.717,0.5543,3.198,3.773,-9.595,-6.171,-6.063,5.308
879,1.01,3.074,1.475,2.54,-0.8522,-2.043,1.13,1.15,3.843,2.538,-2.493,-2.626,-18.56,1.975,4.494,5.005,0.9324,-4.57,-6.469,-3.404,1.359,2.17,-1.341,16.0,3.138,-0.8507,-2.143,-1.301,1.221,-0.525,1.866,1.036,2.384,-0.8349,-2.415,-2.134,3.66,3.744,5.284,-1.488,2.357,5.05,5.07,3.168,-3.872,-7.001,0.2243,4.224,5.122,-2.678,-6.141,0.6542,5.907,1.02,-11.98,-0.9314,-7.023,0.4548
880,1.01,2.201,-1.059,4.135,0.7294,-1.707,1.13,1.15,4.532,0.471,-4.619,-4.238,-16.11,3.788,5.863,5.043,0.6659,-7.181,-3.529,-4.152,1.308,0.5785,-1.008,16.53,2.12,-0.4858,-1.246,-3.045,2.133,-1.942,1.412,0.2807,1.567,1.716,-1.524,-3.012,4.826,4.392,3.031,-2.856,0.1616,5.05,5.07,6.579,-2.281,-6.041,-0.3232,4.948,8.966,-1.739,-5.626,3.694,5.136,2.232,-13.67,-3.201,-5.892,3.013
881,1.01,-0.0584,1.176,3.749,0.7077,-1.032,1.13,1.15,3.699,-0.7957,-2.791,-6.393,-19.88,2.003,5.457,7.82,-0.7295,-8.664,-6.922,-3.283,1.732,0.9964,-1.231,15.79,3.523,-0.4778,-2.083,-2.753,1.617,-1.887,2.227,1.225,1.24,-0.7877,-1.756,-2.135,7.286,4.85,2.296,-1.345,-0.4915,5.05,5.07,6.159,-4.993,-8.0,-3.164,3.097,4.023,-6.046,-6.891,2.055,4.567,3.449,-12.87,-4.129,-3.53,3.444
882,1.01,0.9761,-2.379,7.268,-0.114,1.041,1.13,1.15,2.031,0.3839,-0.7799,-5.317,-19.11,2.176,4.485,6.371,3.88,-5.801,-5.339,-1.659,-0.6114,1.583,-2.335,14.95,3.097,1.962,-3.91,-2.036,1.244,-1.609,1.471,-0.5397,2.439,2.202,-2.363,-0.5022,5.088,4.782,0.7973,-5.151,2.87,5.05,5.07,5.473,-5.054,-8.294,-2.327,3.936,10.55,-1.821,-4.408,0.1019,1.693,2.1,-10.73,-4.532,-4.971,3.325
883,1.01,2.009,-2.265,3.273,2.296,-2.304,1.13,1.15,4.735,1.037,-5.324,-3.186,-18.62,3.954,7.604,7.041,1.53,-6.663,-3.058,-3.684,-0.1293,-0.5841,-1.906,14.49,4.138,2.323,-2.592,1.879,2.116,1.151,0.0355,-0.7575,0.895,-1.164,-1.182,-1.072,6.503,6.328,2.272,-2.782,0.1148,5.05,5.07,3.093,-4.234,-2.207,-1.212,3.948,8.74,-2.955,-4.333,1.999,0.0381,4.844,-12.27,-3.342,-4.181,2.997
884,1.01,1.92,2.562,2.561,2.871,-2.631,1.13,1.15,4.054,0.4698,-4.468,-8.11,-17.37,2.131,6.3,7.072,2.357,-7.689,-3.121,-3.016,-0.1253,-2.083,-0.8929,13.94,4.741,-0.2084,-4.235,-2.297,0.7866,-0.9159,1.486,0.7462,2.782,0.1741,-3.977,-1.543,4.578,7.023,3.54,-2.396,-0.9467,5.05,5.07,4.639,-3.006,-5.446,1.9,3.434,7.602,-6.809,-0.7729,1.046,4.425,3.307,-9.287,-4.073,-4.59,3.167
885,1.01,-0.1292,5.89,5.082,-0.333,-0.2544,1.13,1.15,3.812,0.5665,-2.859,-4.818,-16.39,2.882,5.26,5.571,1.737,-8.183,-3.776,-3.41,-1.942,5.675,-1.117,13.32,1.781,2.028,-1.922,-1.292,0.4157,-0.4949,-1.759,0.4817,-0.7436,0.5112,-0.3012,-1.032,6.572,5.194,2.468,-2.13,3.714,5.05,5.07,5.137,-3.189,-6.248,0.0777,4.917,12.33,-1.702,-1.379,1.17,1.362,3.531,-10.1,-2.565,-4.802,3.332
886,1.01,2.582,-1.523,5.584,2.541,-2.016,1.13,1.15,3.202,1.747,-3.242,-4.149,-17.88,4.209,6.027,3.418,1.276,-5.366,-2.826,-2.842,-2.932,0.2485,-2.278,16.2,2.075,2.386,-0.2224,-1.983,1.865,-1.668,-0.9631,3.519,-0.1548,-0.8802,1.125,-0.2724,5.355,6.277,1.098,-0.1824,5.031,5.05,5.07,3.838,0.3601,-4.723,-2.393,4.117,9.408,-6.593,-3.838,1.351,4.166,4.686,-12.72,-4.551,-1.765,3.309
887,1.01,1.337,-2.592,4.441,3.485,0.4852,1.13,1.15,5.643,1.856,-4.96,-3.213,-18.04,2.131,6.019,6.099,2.203,-6.972,-4.916,-6.626,0.0619,0.4274,0.014,14.07,2.41,-1.189,-5.774,-1.02,2.056,-0.5789,-1.408,1.496,1.861,-1.023,-3.338,-3.38,4.498,8.167,2.615,-2.992,0.2296,5.05,5.07,5.033,-2.974,-5.481,1.503,4.397,7.904,-1.54,-1.942,3.272,5.765,2.784,-11.11,-4.168,-6.783,3.55
888,1.01,0.9845,0.2316,6.244,-1.343,0.7178,1.13,1.15,2.311,-0.1638,-0.4784,-4.894,-16.51,2.613,5.821,6.574,3.541,-8.482,-4.885,-1.849,1.696,0.3112,-1.272,14.98,2.418,1.125,-2.532,-1.944,2.033,0.9902,-0.6941,1.235,0.5689,-0.3519,-2.515,-0.4892,6.408,4.876,4.227,-3.766,4.512,5.05,5.07,2.42,-3.038,-4.236,-1.077,4.008,9.218,-5.019,-5.894,0.3281,3.835,2.705,-11.87,-2.704,-4.658,2.651
889,1.01,0.9157,-2.181,4.482,-1.568,-1.203,1.13,1.15,4.309,0.243,-4.639,-3.387,-17.8,1.523,6.766,6.966,1.13,-7.865,-3.405,-5.171,0.0737,2.963,-5.017,14.81,4.627,-0.6252,-2.496,-3.616,2.087,-1.409,0.561,2.978,4.048,0.6266,-1.02,-1.651,5.971,7.562,1.954,-1.606,-0.039,5.05,5.07,3.169,-4.997,-6.071,-2.272,2.216,10.44,-2.299,-2.124,2.6,4.55,2.67,-12.92,-5.866,-2.961,5.216
890,1.01,2.45,1.658,6.682,-0.1511,-4.235,1.13,1.15,4.789,-0.1975,-2.051,-6.251,-18.18,4.922,4.219,8.638,1.306,-9.182,-5.996,-3.107,2.225,0.5609,-0.4608,14.13,3.996,1.071,-4.865,-4.835,1.986,-0.6913,0.9982,1.174,3.17,1.251,-4.244,-1.424,4.532,5.532,0.8173,-3.693,-0.6762,5.05,5.07,6.385,-0.0451,-6.336,-1.024,5.313,8.45,-3.079,-3.043,0.9716,4.921,4.092,-10.77,-4.714,-5.102,3.942
891,1.01,0.2546,-1.102,3.857,2.001,-2.927,1.13,1.15,5.026,-0.5132,-2.805,-3.389,-17.05,3.966,5.934,6.89,2.05,-5.286,-4.085,-5.258,-0.5289,1.674,-2.634,12.58,3.075,1.414,-4.082,-1.532,5.173,-0.5319,-0.9742,-1.113,2.634,1.884,-1.549,-0.4957,5.756,5.909,2.083,-1.672,3.336,5.05,5.07,5.17,-3.789,-3.138,0.7191,3.749,11.12,-0.1686,1.735,0.8433,5.643,3.36,-11.24,-3.329,-2.527,2.71
892,1.01,1.361,0.6659,6.371,2.068,-0.8735,1.13,1.15,4.053,-1.077,-4.599,-6.098,-18.17,4.345,7.189,6.741,2.702,-6.391,-6.305,-3.342,0.3075,1.573,0.2758,17.07,2.563,1.184,-2.439,-1.874,0.317,-1.043,0.8313,-0.778,0.6939,-0.8342,-0.2983,-1.514,6.63,5.056,1.941,-1.298,0.4479,5.05,5.07,4.698,0.7088,-3.959,-0.2556,2.611,9.641,-3.92,0.5584,2.293,4.972,3.483,-10.68,-5.367,-5.949,3.926
893,1.01,1.32,-4.424,5.822,-1.895,0.8059,1.13,1.15,3.072,2.362,-3.775,-6.642,-19.99,4.2,6.582,4.742,4.916,-7.883,-3.744,-1.0,0.9709,3.341,-0.6319,15.71,3.215,2.423,-3.168,-2.611,3.791,-0.9902,-0.5209,0.7706,4.825,-0.1685,-1.91,-0.0626,5.896,3.899,4.481,-4.695,2.182,5.05,5.07,5.198,-1.973,-5.967,1.335,2.545,5.975,-4.222,-3.646,-0.0525,6.242,4.365,-8.984,-4.617,-7.576,2.661
894,1.01,3.128,-0.6443,5.526,-0.039,0.1263,1.13,1.15,1.77,-0.46,-2.179,-3.246,-17.34,2.648,7.371,5.78,3.638,-5.552,-4.381,-4.089,2.122,1.646,-1.474,13.02,4.135,1.264,-5.199,-0.1445,2.983,-1.657,2.421,-0.2974,1.701,0.786,-3.561,0.1598,6.559,4.098,3.135,-0.8296,-0.4953,5.05,5.07,4.331,-0.8514,-4.919,1.167,4.435,8.805,-3.008,-6.244,1.849,5.759,4.317,-10.66,-4.704,-4.483,2.587
895,1.01,0.8134,6.054,7.421,1.764,-1.816,1.13,1.15,4.19,1.21,-2.997,-5.62,-16.89,3.946,4.521,4.462,0.7295,-7.044,-3.439,-2.36,1.625,3.216,-2.515,15.53,2.128,0.6062,-2.463,-2.623,3.151,-0.5147,3.277,0.4739,2.153,-1.32,-2.595,-2.224,6.101,4.018,2.857,-2.301,3.151,5.05,5.07,5.592,-1.655,-7.252,0.2202,4.149,6.151,-3.019,1.385,2.614,4.822,3.577,-11.04,-2.787,-7.828,3.197
896,1.01,1.491,-4.609,2.162,-2.831,-2.277,1.13,1.15,1.802,-1.414,-4.815,-6.003,-18.05,4.118,7.253,4.665,1.446,-5.054,-4.823,-1.669,0.0825,-0.7375,-0.9634,15.38,3.351,1.717,-4.553,-0.8021,0.5195,-0.8322,2.263,1.949,-0.0413,-1.197,-0.7367,0.4969,5.756,3.994,4.811,-5.157,4.651,5.05,5.07,4.904,-3.511,-4.367,0.0925,5.311,10.18,-5.013,-1.294,3.115,5.659,1.824,-9.981,-1.284,-6.956,1.307
897,1.01,2.462,-4.814,4.332,0.1312,-1.158,1.13,1.15,0.8404,-1.435,-2.47,-4.247,-18.29,1.571,4.47,8.353,1.848,-4.923,-4.171,-4.634,-1.084,2.782,-0.1471,15.94,0.8631,0.5702,-1.541,-1.282,3.904,0.7266,5.054,0.4924,4.12,0.4262,-2.771,-0.4589,4.916,4.632,0.6615,-0.7947,0.7048,5.05,5.07,5.803,-0.1728,-2.516,-0.2098,5.011,6.153,-1.904,-0.6116,4.166,1.986,3.879,-10.48,-3.38,-1.351,1.726
898,1.01,2.98,0.094,7.08,0.3862,-0.2423,1.13,1.15,3.855,2.043,-2.271,-4.199,-16.3,5.308,8.02,5.718,0.7753,-5.826,-5.749,-4.403,-0.2637,0.1103,-3.218,13.09,2.593,0.6755,-2.557,-4.149,2.474,-0.348,2.246,2.183,2.195,-1.331,-1.851,-1.215,6.066,3.104,2.904,-1.683,2.887,5.05,5.07,5.367,-3.76,-4.575,0.491,4.985,10.75,-4.853,-1.512,2.115,5.786,2.279,-11.84,-3.983,-3.888,3.899
899,1.01,2.24,-2.775,8.78,-0.6333,-2.014,1.13,1.15,6.197,0.9868,-1.924,-1.497,-15.3,1.89,4.169,6.553,1.831,-6.735,-4.638,-2.338,1.33,0.8318,0.6804,13.48,1.548,-0.1785,-2.033,-5.709,-1.984,-1.809,-0.4108,1.106,1.119,-0.0134,-2.699,-1.701,4.506,4.918,2.54,-6.701,5.239,5.05,5.07,3.154,-3.194,-4.555,-1.458,6.4,10.24,-3.99,-2.974,0.1585,3.306,2.523,-10.7,-4.845,-8.481,2.622
900,1.01,1.347,3.993,6.521,0.2579,-1.037,1.13,1.15,3.206,-0.4079,-3.368,-7.502,-17.27,1.914,6.019,4.025,0.9938,-5.448,-5.149,-4.145,0.5173,4.149,-0.4747,15.24,4.355,2.97,-3.298,-2.491,3.361,-0.9068,-3.261,0.3831,1.803,-0.8233,0.4671,-0.7545,6.732,7.024,0.4171,-2.338,5.668,5.05,5.07,4.213,-0.3206,-5.54,1.868,3.082,7.144,-5.477,-4.102,2.602,6.129,2.74,-10.2,-4.978,-3.673,2.636
901,1.01,3.294,0.6265,5.967,1.676,-0.334,1.13,1.15,5.717,1.143,-2.81,-5.72,-16.12,2.999,5.835,7.474,0.6066,-10.13,-4.698,-1.607,1.585,2.328,-0.7486,15.57,2.24,2.697,-2.964,-2.187,1.069,-3.077,0.0696,-0.7637,2.117,2.267,-2.972,-0.797,5.154,3.638,0.7373,-3.528,3.906,5.05,5.07,7.948,-4.645,-6.889,0.8337,4.328,2.296,-4.002,-4.218,4.317,3.895,1.847,-10.87,-3.188,-5.392,2.532
902,1.01,1.687,-2.979,2.561,-1.584,0.4803,1.13,1.15,5.323,1.664,-3.954,-4.826,-16.52,3.074,7.735,6.851,3.169,-7.338,-6.614,-0.8828,-0.2824,2.482,0.9516,16.95,5.401,1.408,-5.334,-0.1779,1.828,0.2231,0.2315,1.075,2.859,0.6438,-2.771,0.8418,3.496,5.858,3.79,-2.191,2.232,5.05,5.07,5.016,-2.79,-5.834,0.3885,5.389,10.44,-2.594,-0.699,2.972,4.633,3.146,-9.936,-3.252,-6.509,4.705
903,1.01,3.445,-3.451,4.928,2.359,-0.8962,1.13,1.15,1.567,1.401,-4.04,-3.21,-17.96,3.328,7.218,7.055,3.271,-5.047,-3.409,-0.8545,-1.017,2.703,-2.036,12.99,5.956,0.5534,-3.656,-1.66,2.342,-0.5827,-0.3439,-0.2365,3.167,-0.6435,-4.105,-2.547,5.552,4.142,1.965,-2.075,2.386,5.05,5.07,2.886,-3.628,-3.759,-0.1192,4.15,4.69,-4.364,-3.535,2.42,1.861,2.544,-12.42,-2.137,-1.178,2.359
904,1.01,2.774,6.135,7.436,2.425,-3.074,1.13,1.15,4.311,1.501,-5.143,-3.678,-17.86,2.906,6.019,9.408,0.3328,-7.227,-5.584,-4.831,2.114,1.633,0.1617,15.47,2.519,1.666,-1.622,-2.971,2.222,-1.725,1.876,2.204,2.226,1.323,-4.389,-1.274,5.563,7.194,4.981,-2.024,3.465,5.05,5.07,5.459,-2.074,-4.198,-0.5793,3.676,7.091,-3.713,-4.489,4.105,6.549,3.619,-10.27,-5.252,-5.286,1.892
905,1.01,1.669,-0.8495,4.309,-0.5215,-2.663,1.13,1.15,3.424,-0.8794,-3.288,-3.806,-18.79,2.644,7.185,8.295,2.861,-4.466,-4.251,-3.119,-0.95,2.1,-2.605,15.42,4.948,1.617,-1.097,0.2672,1.457,-1.213,-1.289,-0.3756,4.137,0.6431,-3.728,-1.193,5.679,5.58,2.38,-4.459,0.2709,5.05,5.07,4.794,-1.302,-4.56,1.478,4.114,9.72,-3.252,0.1574,0.1613,3.596,2.845,-9.755,-4.58,-6.164,2.692
906,1.01,3.648,-0.5572,5.065,0.8674,2.248,1.13,1.15,3.015,2.847,-4.229,-2.957,-17.7,3.381,4.375,6.743,1.581,-6.209,-4.2,-3.185,1.536,2.142,-3.798,12.99,2.341,3.325,-3.658,-0.2628,1.051,1.293,1.978,0.0344,3.893,1.893,-1.586,0.1023,7.998,7.834,2.858,-2.266,1.592,5.05,5.07,3.137,-7.148,-3.259,-0.0746,4.681,11.44,-2.229,-0.4316,1.521,2.235,3.371,-12.0,-1.229,-3.654,4.394
907,1.01,3.85,-0.0695,5.286,3.738,-0.6937,1.13,1.15,2.935,0.9298,-4.298,-4.776,-17.89,5.066,6.489,6.457,0.9069,-8.724,-3.465,-1.142,-2.93,2.095,-0.7347,13.66,4.333,3.82,-1.333,-1.537,0.6399,0.3488,-1.373,1.515,3.505,-0.2899,-2.938,-2.208,6.95,6.109,2.912,-3.405,0.8397,5.05,5.07,4.967,-3.2,-6.596,-0.0885,2.25,6.941,-3.184,-0.0644,1.908,6.115,2.615,-10.98,-5.338,-5.18,3.346
908,1.01,3.746,-6.959,6.705,2.142,-1.436,1.13,1.15,4.997,1.813,-1.652,-3.942,-16.56,1.915,6.936,9.776,-0.9237,-6.228,-4.692,-4.108,-0.1962,1.984,0.8146,15.33,3.692,0.9714,-1.639,-2.778,0.4924,-3.506,1.398,0.1593,2.817,1.186,-2.876,-0.5171,4.953,4.378,1.896,-1.388,4.206,5.05,5.07,6.22,-3.006,-4.525,1.821,4.758,9.538,-3.534,-3.111,0.0066,3.354,2.327,-10.12,-3.139,-7.717,1.006
909,1.01,0.0161,-1.414,5.212,-0.2485,-1.07,1.13,1.15,0.4065,2.242,-1.675,-4.169,-17.12,4.885,7.818,6.28,3.154,-7.148,-3.078,-5.12,1.589,0.9364,-0.7242,15.26,2.379,0.2072,-4.351,-0.962,2.268,-1.24,3.625,-1.511,0.4098,-0.1739,-2.77,0.0525,5.584,3.647,2.501,-2.936,2.053,5.05,5.07,2.034,-1.969,-3.239,1.28,5.303,9.269,-0.6118,-1.158,2.807,5.968,2.111,-9.973,-4.136,-4.61,1.581
910,1.01,1.271,-0.6825,9.213,0.2982,-2.144,1.13,1.15,6.365,0.2204,-3.792,-4.126,-16.69,5.578,6.75,6.161,2.548,-7.366,-5.923,-4.221,0.7853,4.16,0.5145,12.43,4.398,-0.2483,-3.938,-1.551,2.698,-0.9361,1.409,-0.213,1.56,1.369,-1.917,-3.61,5.499,7.936,3.416,-0.5117,3.592,5.05,5.07,4.534,0.0215,-4.659,-2.064,3.896,9.307,-3.062,-2.498,4.767,3.44,2.098,-9.948,-4.935,-1.566,2.617
911,1.01,2.788,-5.819,4.848,1.601,-1.214,1.13,1.15,4.155,1.664,-6.15,-4.307,-17.83,3.008,5.774,5.477,3.938,-8.728,-6.15,-3.327,1.66,1.632,2.733,14.89,1.787,1.771,-0.2752,-2.37,2.457,1.561,-2.196,2.82,2.366,1.75,-3.552,-0.7069,4.614,5.135,3.411,-1.815,1.645,5.05,5.07,3.33,1.076,-3.272,-1.768,6.063,7.425,-3.102,-1.993,2.207,4.956,1.258,-11.14,-6.177,-7.525,1.246
912,1.01,2.609,-0.6446,5.477,1.365,-0.4065,1.13,1.15,2.976,-0.2856,-3.629,-4.271,-17.52,1.581,6.352,7.811,1.785,-8.041,-4.543,-3.43,0.5531,4.195,-1.67,14.4,4.412,1.182,-0.324,-2.507,3.242,-2.032,-0.3632,1.044,3.01,-0.195,-4.078,0.1069,6.295,5.222,2.97,-1.548,2.68,5.05,5.07,5.14,-1.295,-4.534,0.5467,2.863,9.445,-2.96,-2.344,3.092,4.93,4.019,-11.31,-2.092,-5.26,2.751
913,1.01,3.565,-2.208,6.368,0.7944,-0.1883,1.13,1.15,3.755,1.492,-3.067,-5.349,-18.76,5.143,6.658,5.566,1.798,-6.345,-2.561,-5.84,3.473,4.215,-1.857,16.27,5.027,3.55,-2.391,-5.526,0.6987,-2.389,0.3517,0.6014,2.493,1.047,-3.102,-2.664,5.774,6.947,2.756,-1.616,4.761,5.05,5.07,7.239,-7.161,-4.321,1.393,5.02,6.262,-1.732,0.1244,2.273,3.407,3.572,-9.41,-4.998,-6.698,2.471
914,1.01,2.552,4.347,3.206,0.5889,-1.16,1.13,1.15,4.848,1.01,-2.997,-5.432,-19.2,6.899,6.133,10.17,0.2173,-5.04,-6.377,-2.511,0.8288,1.744,-1.108,17.27,2.617,2.04,-2.926,-3.691,2.331,1.165,1.544,1.652,3.777,3.441,-3.068,-0.3561,5.654,3.839,3.857,-4.273,1.457,5.05,5.07,4.514,-3.754,-2.303,-0.5945,4.224,7.525,-3.686,-4.838,2.2,5.302,1.098,-9.733,-2.445,-1.602,3.407
915,1.01,3.518,3.267,7.636,0.8068,1.674,1.13,1.15,3.161,1.373,-5.577,-4.73,-16.44,4.36,7.389,6.408,3.865,-6.693,-5.988,-4.091,1.593,2.497,-1.463,16.88,4.007,1.288,-5.74,-3.464,1.007,1.631,-1.079,-0.0181,0.9678,-1.065,-1.422,0.1274,7.201,1.542,2.408,0.2914,2.588,5.05,5.07,4.429,-6.267,-5.22,1.119,4.895,9.112,-4.031,1.968,3.617,3.551,3.43,-11.16,-6.406,-3.756,3.102
916,1.01,2.718,-3.217,4.612,0.7769,-1.661,1.13,1.15,6.161,0.5986,-5.061,-6.408,-19.36,2.747,8.484,6.481,1.155,-5.793,-4.112,-6.106,-0.3702,2.794,-2.53,14.39,4.149,1.793,-3.419,-3.428,-0.2786,-0.6343,0.3077,1.655,3.282,-1.499,-3.117,-1.703,6.523,6.265,4.403,-1.896,2.753,5.05,5.07,3.911,-2.771,-4.232,-1.651,5.99,9.186,-2.389,0.3691,3.907,6.012,3.87,-9.217,-5.126,-4.762,2.008
917,1.01,0.8526,1.956,2.796,0.84,-2.326,1.13,1.15,6.722,-0.1965,-6.004,-5.565,-18.5,1.178,3.014,7.577,4.665,-7.159,-1.347,-3.019,0.3669,4.696,-1.453,13.39,3.603,2.238,-2.41,-0.9251,1.026,0.6057,1.127,2.762,2.063,1.813,-2.101,-0.5457,7.253,6.988,5.114,1.051,2.831,5.05,5.07,4.88,-6.94,-3.467,0.6261,2.597,8.665,-1.2,-2.784,1.048,5.984,2.881,-9.382,-3.529,-4.549,2.126
918,1.01,2.408,5.726,8.003,5.924,1.525,1.13,1.15,3.761,2.24,-5.784,-4.115,-17.33,5.602,5.316,7.28,3.352,-7.542,-3.191,-5.272,0.4339,4.178,-1.008,15.68,4.42,3.665,-3.734,-1.143,3.279,-0.6049,3.517,0.9899,4.702,0.2046,0.1655,0.8346,6.58,7.181,2.88,-1.467,3.311,5.05,5.07,3.621,-2.69,-4.295,-0.1675,4.07,7.433,-2.665,0.2688,4.09,5.318,3.698,-12.1,-4.541,-5.335,3.736
919,1.01,1.92,-0.1074,3.505,2.412,-0.1209,1.13,1.15,4.573,1.168,-3.306,-4.54,-19.54,2.425,8.455,6.265,0.6416,-7.639,-4.967,-5.162,2.941,4.615,-1.121,12.64,3.277,-1.396,-1.34,-3.466,1.109,0.3993,1.074,3.018,0.9464,0.8747,-2.125,-0.6099,5.09,6.544,3.318,-4.269,4.588,5.05,5.07,3.764,-1.84,-6.94,0.0534,4.581,11.19,-1.882,1.27,0.4593,4.386,5.366,-10.43,-5.919,-3.83,3.304
920,1.01,1.933,-0.1636,5.734,1.502,-0.0006,1.13,1.15,4.498,-1.006,-3.159,-7.448,-18.75,2.989,4.525,6.232,2.982,-7.335,-4.222,-3.83,0.361,4.133,0.5669,14.02,1.628,0.8174,-1.153,-1.287,1.494,-1.922,-2.231,-0.4967,1.093,1.854,-0.3158,0.1601,5.011,4.461,2.409,1.673,3.481,5.05,5.07,5.108,-0.9372,-5.538,0.435,6.028,6.446,-3.375,-3.321,3.712,1.53,2.945,-9.585,-3.902,-4.638,1.68
921,1.01,3.54,2.304,5.282,1.046,-0.8684,1.13,1.15,2.583,-0.5747,-2.542,-3.634,-17.3,4.264,6.727,5.514,0.2939,-5.534,-3.367,-3.557,-1.286,4.367,-0.0686,14.33,5.329,2.918,-1.352,-2.727,0.7724,-0.3825,-0.1036,2.861,2.138,0.8487,-3.899,-0.2164,6.581,3.905,4.012,0.7178,0.802,5.05,5.07,6.954,-0.9327,-6.48,-0.4249,5.569,10.74,-4.028,0.6241,3.619,6.432,4.53,-10.79,-4.156,-5.51,2.865
922,1.01,3.918,2.508,6.749,0.3209,-1.195,1.13,1.15,2.722,3.536,-2.223,-7.217,-20.55,3.267,4.397,6.812,1.558,-5.122,-5.161,-6.068,2.176,1.444,-0.5242,17.94,4.532,2.686,-2.807,-2.52,1.896,1.66,-3.002,1.793,1.621,2.287,0.8896,-1.373,5.163,4.647,4.666,-3.608,1.492,5.05,5.07,5.909,-2.222,-4.351,-0.1248,5.217,9.43,-5.411,-1.662,2.316,6.848,4.268,-11.54,-6.467,-6.416,1.979
923,1.01,2.019,0.1087,5.464,1.935,-0.0485,1.13,1.15,2.805,-0.1637,-3.063,-5.56,-19.69,3.332,9.695,5.716,1.044,-7.319,-5.255,-4.047,0.9075,5.045,1.687,16.6,1.771,3.663,-2.635,-1.997,2.875,0.2225,-0.4419,1.205,3.875,1.064,-1.753,-2.426,5.497,5.508,1.143,-0.2053,4.471,5.05,5.07,4.345,-2.427,-4.694,0.4059,4.453,9.844,-3.437,-2.052,4.193,2.959,1.979,-8.828,-2.979,-4.262,4.145
924,1.01,2.03,-1.432,8.775,0.6485,0.5322,1.13,1.15,3.018,0.7935,-5.319,-5.285,-17.19,3.281,6.717,6.48,1.88,-5.778,-5.049,-3.479,-0.9131,0.3544,-0.9441,17.5,5.628,2.267,-0.942,0.7379,0.5411,1.983,-4.233,1.056,3.569,0.5844,-2.843,-0.4122,7.228,5.036,3.084,-3.237,0.9293,5.05,5.07,5.557,0.7596,-4.28,1.286,3.809,6.722,-2.333,0.6991,5.672,5.282,5.205,-10.72,-3.988,-2.883,3.919
925,1.01,2.421,-0.3093,5.11,-0.2521,-1.986,1.13,1.15,3.372,1.302,-5.782,-6.349,-18.41,3.519,7.095,8.153,3.924,-5.967,-5.114,-3.922,-0.0223,3.075,0.6969,17.82,2.202,0.691,-1.8,-1.78,0.6406,1.043,0.9619,2.437,4.086,0.6543,-0.7551,-0.8865,5.793,7.006,3.424,-4.231,2.28,5.05,5.07,6.967,-0.9473,-4.516,-1.531,3.579,8.764,-4.465,-2.613,3.661,2.468,3.632,-8.69,-4.654,-6.958,2.452
926,1.01,0.3347,0.4105,4.9,1.719,-3.218,1.13,1.15,5.493,-1.395,-4.091,-3.907,-19.31,2.766,7.257,5.427,2.507,-7.345,-3.273,-5.039,2.249,3.249,-1.435,15.73,3.256,1.332,-0.2391,-1.006,3.562,-0.1574,-0.2629,0.9707,3.116,1.173,-4.17,-2.075,6.771,5.634,3.466,-3.365,1.931,5.05,5.07,5.576,-4.947,-4.209,-0.615,5.169,6.663,-1.378,0.2415,2.569,5.217,3.064,-10.56,-2.495,-7.101,2.489
927,1.01,1.753,1.369,6.735,1.314,0.906,1.13,1.15,3.361,1.335,-3.946,-5.493,-17.09,4.55,5.838,7.595,2.04,-7.43,-2.933,-6.097,1.344,2.957,0.8015,14.97,4.515,-0.3848,-0.8906,-0.2302,0.5472,-1.03,0.0655,-2.285,1.539,0.0642,1.338,-1.404,6.579,6.157,2.407,0.7501,2.201,5.05,5.07,6.711,-0.3507,-2.693,-1.124,3.863,9.379,-5.584,-1.135,3.545,5.272,4.286,-11.45,-5.304,-4.649,1.379
928,1.01,3.393,-0.4564,7.06,1.849,0.8086,1.13,1.15,2.421,-0.8141,-5.501,-3.761,-17.34,3.435,7.958,7.332,2.377,-5.332,-3.649,-2.103,-2.182,0.8531,2.438,18.45,5.652,1.072,-3.125,-1.273,-0.3756,0.2836,2.649,1.092,2.851,-1.454,-1.356,-2.192,5.232,6.867,3.378,-2.632,0.9317,5.05,5.07,8.946,-2.827,-3.271,-0.8346,5.109,10.15,-2.081,-0.0409,1.295,5.146,4.231,-9.735,-2.8,-6.683,1.843
929,1.01,1.015,0.2606,4.998,-0.7146,-3.499,1.13,1.15,6.958,0.0597,-4.81,-2.907,-18.94,5.183,5.842,5.284,1.748,-7.915,-2.629,-2.561,4.048,2.76,0.2462,16.62,4.715,1.934,-1.197,-1.44,1.01,-1.209,-0.9498,1.472,1.428,0.2433,-1.871,-0.3022,5.689,6.789,0.7607,-2.185,4.091,5.05,5.07,6.546,-4.282,-5.921,-0.4463,4.596,8.722,-1.582,0.1669,4.427,2.317,2.809,-10.28,-3.855,-5.274,1.999
930,1.01,0.743,2.366,6.247,3.25,-0.4666,1.13,1.15,5.114,-0.1375,-3.76,-5.396,-18.85,3.365,8.861,7.824,0.9639,-7.104,-3.312,-3.119,1.678,1.209,1.41,12.58,4.161,2.989,-2.618,-5.396,1.96,-1.622,0.5,0.6018,0.9814,1.613,-1.808,-1.375,8.552,4.644,3.072,-2.046,4.707,5.05,5.07,5.41,2.113,-8.83,2.094,4.098,2.96,-5.2,3.147,2.892,3.827,3.818,-10.51,-3.008,-5.208,3.715
931,1.01,1.79,1.935,7.975,0.1898,-1.647,1.13,1.15,5.269,2.267,-3.827,-4.573,-18.93,2.604,7.624,6.651,0.5686,-4.567,-4.933,-3.852,-0.8887,1.084,0.5015,15.48,3.336,1.65,-3.261,-2.462,0.0526,-0.542,-2.023,1.559,2.868,3.639,-2.165,-0.7321,6.135,5.741,3.862,-4.192,2.766,5.05,5.07,4.817,1.23,-4.826,-2.11,4.78,10.1,-3.049,-0.2976,2.1,3.497,5.651,-8.678,-6.429,-4.945,3.477
932,1.01,3.153,-2.318,4.829,0.6185,-1.492,1.13,1.15,4.041,0.9815,-3.359,-2.891,-17.24,3.426,6.255,4.269,2.39,-7.481,-5.557,-6.442,1.557,0.9707,-1.161,15.63,3.914,2.562,-1.306,-2.555,2.113,-1.858,-1.114,2.38,2.752,0.4306,-0.683,0.2238,5.913,3.95,2.379,-2.682,4.596,5.05,5.07,7.347,-0.4609,-3.025,1.405,4.002,8.67,-2.946,-8.382,2.455,4.42,3.502,-8.483,-4.333,-7.307,4.783
933,1.01,3.434,-0.9996,3.505,2.215,-0.4857,1.13,1.15,5.452,0.5793,-5.859,-3.636,-17.34,5.037,7.465,6.839,2.339,-7.993,-2.287,-4.598,-0.1551,3.129,-1.587,13.81,4.82,2.141,-1.489,-0.3566,2.808,0.2018,-1.117,0.801,0.1894,1.651,-0.4637,0.2053,5.546,4.581,1.64,0.4746,3.85,5.05,5.07,4.674,-5.792,-6.19,0.707,4.984,13.17,-3.712,-0.6312,4.106,5.32,3.363,-8.899,-2.47,-4.336,3.414
934,1.01,1.948,1.725,7.97,0.7212,0.8865,1.13,1.15,5.142,0.2392,-3.725,-6.407,-19.84,4.406,5.878,6.907,1.835,-8.387,-4.52,-3.074,-1.793,1.199,0.0869,14.81,2.379,-1.509,-3.422,-2.116,2.829,-2.419,-0.9285,1.231,4.059,-0.2406,-4.339,-1.255,5.988,5.941,2.539,-3.98,3.056,5.05,5.07,6.808,0.0235,-3.64,1.228,6.448,11.48,-4.525,0.6441,2.776,3.313,4.202,-10.47,-3.763,-5.231,5.037
935,1.01,1.813,5.544,8.587,1.374,0.2428,1.13,1.15,7.822,-0.518,-3.609,-5.575,-19.11,5.027,9.2,5.231,-0.0302,-4.927,-3.133,-4.861,1.521,2.123,0.0283,15.58,4.852,2.721,-6.111,-2.025,1.086,0.1353,-0.1607,3.505,1.418,1.201,-1.072,0.1018,5.48,3.726,1.661,1.814,3.755,5.05,5.07,5.583,0.3385,-5.874,3.128,3.094,5.198,0.8126,-3.609,3.956,5.364,3.939,-10.64,-0.5611,-4.117,4.363
936,1.01,4.587,3.748,8.044,1.953,-2.715,1.13,1.15,6.884,1.225,-3.852,-5.024,-18.3,3.97,5.771,4.934,-0.4506,-6.286,-6.161,-4.304,2.343,1.45,-1.22,14.76,3.611,2.649,-0.3325,-3.326,2.33,-2.374,3.876,2.235,4.161,0.5371,-3.223,0.6283,7.339,7.883,4.285,-0.3617,3.128,5.05,5.07,6.273,-2.803,-5.446,1.025,4.046,9.736,-2.593,-2.809,3.279,5.366,4.02,-10.46,-4.945,-2.04,4.88
937,1.01,2.099,2.396,6.993,1.52,-0.1733,1.13,1.15,2.196,1.803,-5.511,-6.189,-18.39,2.386,7.223,6.913,0.7572,-8.795,-1.648,-2.089,0.4523,4.271,2.328,14.16,5.488,-0.1712,-3.543,0.3677,2.717,0.5614,0.2781,1.945,7.149,4.43,-3.752,-1.103,6.698,1.394,3.032,0.4439,3.183,5.05,5.07,6.723,-1.133,-5.005,0.5724,5.384,12.64,-0.085,-2.343,4.183,6.323,5.26,-9.594,-0.5732,-9.338,2.009
938,1.01,2.386,-0.6444,4.852,1.892,-2.997,1.13,1.15,1.248,0.1034,-1.466,-6.336,-18.56,2.199,9.708,8.046,1.691,-4.668,-2.55,-4.95,1.327,3.011,-0.1918,16.54,3.472,3.441,-1.727,-2.056,3.817,-0.0074,1.376,2.263,4.373,2.408,-1.261,1.018,6.877,3.703,5.602,-0.8966,1.131,5.05,5.07,3.97,-2.391,-4.455,0.9216,5.063,11.93,-1.186,-0.1477,3.735,5.785,3.355,-11.13,-5.89,-8.211,3.068
939,1.01,2.399,-9.278,8.609,1.073,1.742,1.13,1.15,4.033,-0.2972,-3.997,-5.553,-19.53,4.87,7.886,8.98,2.556,-5.908,-3.696,-4.55,0.7135,3.187,-2.345,14.75,2.69,0.7615,-1.746,-1.849,2.838,1.822,0.7115,1.67,1.229,-0.7338,-1.727,-0.1148,5.729,6.158,3.225,-0.4522,4.806,5.05,5.07,5.951,-3.599,-4.843,0.6011,3.713,9.695,-2.319,-0.4542,4.355,2.109,4.592,-10.58,-5.368,-1.297,4.411
940,1.01,2.447,0.0734,5.143,0.6769,1.838,1.13,1.15,0.6524,1.026,-4.191,-4.621,-20.06,4.911,5.77,5.757,1.697,-7.367,-4.938,-2.66,-0.0198,3.261,-0.1281,14.38,2.74,-0.9741,-1.222,-1.823,4.032,2.833,-0.0703,1.926,3.615,2.043,0.0376,-0.0409,4.477,4.609,1.281,-2.827,2.077,5.05,5.07,4.995,-2.304,-5.389,0.471,6.446,5.94,0.4201,-0.8587,2.928,3.452,3.505,-8.863,-2.841,-3.548,2.038
941,1.01,1.217,0.2501,6.669,3.645,-0.8358,1.13,1.15,6.765,-0.8668,-4.38,-6.129,-17.33,2.308,5.26,6.232,3.536,-5.371,-3.733,-4.186,-0.297,3.542,1.571,13.6,4.149,-0.4348,-3.372,-3.701,1.734,1.015,-0.6509,1.392,2.233,1.911,1.356,-0.2848,4.978,7.762,2.584,-1.88,5.641,5.05,5.07,5.233,2.429,-3.456,1.71,7.095,6.772,-1.86,1.039,2.583,6.414,4.947,-8.384,-2.209,-7.327,2.759
942,1.01,3.471,1.157,5.833,-1.356,2.151,1.13,1.15,-1.988,4.264,-4.368,-6.235,-16.38,5.385,5.734,4.92,2.819,-4.606,-3.39,-5.52,0.4462,0.4742,-2.237,16.43,5.869,2.636,-1.45,-0.9322,0.7237,-0.41,0.6988,3.98,3.782,-3.97,-2.857,-0.9385,7.592,4.837,4.081,-2.896,4.346,5.05,5.07,7.192,-3.739,-4.954,-1.359,5.212,10.33,-3.746,-0.249,2.81,4.269,4.802,-9.598,-3.386,-3.867,4.3
943,1.01,3.555,2.612,3.703,0.7294,-0.2531,1.13,1.15,6.074,1.363,-3.514,-5.405,-16.37,2.903,6.132,6.271,1.841,-5.848,-5.386,-4.451,-0.5909,2.199,2.089,15.21,2.182,1.756,-2.288,0.652,1.471,0.3666,2.144,2.139,2.219,3.739,-1.669,-1.162,5.581,7.335,1.582,-0.3644,2.444,5.05,5.07,4.512,0.6542,-3.395,-0.8701,5.756,7.591,-0.7147,-4.327,3.725,2.123,4.833,-9.479,-2.669,-4.08,3.552
944,1.01,0.3567,4.221,4.016,3.63,0.9731,1.13,1.15,2.754,0.2727,-4.797,-4.004,-16.76,3.895,6.365,8.065,0.0471,-4.688,-3.586,-3.101,-1.465,2.69,-1.544,14.31,4.909,1.519,-0.3912,-3.554,1.682,-0.4191,2.368,1.449,1.161,2.168,0.1744,-0.5939,7.784,4.819,0.2769,-0.0229,2.855,5.05,5.07,4.813,-2.41,-3.675,3.346,5.444,7.654,-1.415,-0.5768,3.191,5.472,2.662,-10.11,-3.364,-4.261,2.471
945,1.01,3.23,-0.5682,6.131,3.669,0.7851,1.13,1.15,4.633,0.8984,-3.461,-3.522,-17.19,3.456,6.794,7.504,-0.1525,-6.381,-4.262,-4.088,-1.967,5.285,0.3865,16.61,5.47,1.547,-1.415,-1.017,-0.075,0.7546,1.079,2.869,1.815,0.2509,-4.672,-1.906,5.696,6.502,3.778,-2.487,3.063,5.05,5.07,2.59,-3.579,-6.534,4.557,4.498,6.328,-1.723,1.497,3.675,1.801,4.182,-10.68,-5.612,-4.807,4.402
946,1.01,3.796,-2.251,8.299,3.307,0.3425,1.13,1.15,1.844,-0.7092,-3.55,-4.783,-16.9,2.029,5.263,6.428,2.12,-5.676,-4.452,-0.9587,-1.826,2.818,2.04,16.26,3.807,-0.727,-1.788,-0.9028,4.568,0.2424,3.06,2.257,2.25,0.2037,0.5964,-1.68,7.07,5.087,2.853,-2.777,3.691,5.05,5.07,4.067,-0.3491,-6.218,-2.379,6.379,8.654,-1.27,-3.163,1.666,4.376,3.565,-8.518,-1.033,-6.43,1.269
947,1.01,1.06,1.927,9.246,2.56,0.7798,1.13,1.15,3.2,-0.4754,-2.92,-4.004,-16.57,6.065,7.435,7.22,1.873,-5.188,-5.284,-4.126,0.1413,3.891,0.5189,17.26,2.167,2.841,-1.38,-0.2518,2.346,-0.6237,-1.265,0.692,0.6081,-0.9012,-0.5617,0.9787,6.956,4.68,3.932,-2.589,4.15,5.05,5.07,8.872,0.2095,-5.006,0.9459,5.291,9.337,-0.3896,-0.3441,6.035,4.109,3.554,-9.934,-3.697,-3.963,3.521
948,1.01,4.366,-1.562,5.548,1.701,-1.61,1.13,1.15,5.058,1.068,-3.614,-5.91,-19.04,4.175,7.696,7.313,2.532,-6.966,-3.044,-6.556,0.6708,2.171,-1.042,17.36,6.79,0.968,-1.896,-2.397,2.359,1.495,1.482,2.769,1.268,-1.033,-1.791,-0.7762,5.003,8.096,2.967,-2.263,4.551,5.05,5.07,5.329,0.3594,-5.265,0.071,5.465,8.531,-3.983,-0.5784,3.24,4.333,5.405,-9.082,-3.739,-6.551,3.045
949,1.01,3.31,-2.533,3.71,1.563,1.6,1.13,1.15,1.395,0.3994,-3.147,-5.325,-18.31,3.728,5.531,6.226,1.852,-5.259,-5.38,-4.715,1.764,1.062,0.8641,14.72,3.022,1.013,-1.862,-3.055,1.797,2.026,-0.0922,1.77,0.883,1.982,-1.574,-2.239,6.134,6.953,4.822,0.8744,2.626,5.05,5.07,6.832,-3.857,-4.287,-0.8056,5.077,7.685,-0.4543,-5.835,3.158,5.459,3.432,-9.977,-2.817,-5.273,4.125
950,1.01,1.713,0.4265,7.447,3.717,2.31,1.13,1.15,2.912,2.187,-2.355,-5.753,-17.75,3.051,8.603,7.861,1.192,-3.273,-5.39,-4.959,2.509,5.041,0.0977,17.68,4.3,2.102,-3.472,-3.831,0.0195,2.745,3.859,-0.0911,1.255,0.9239,-1.353,-0.5132,7.891,8.304,-0.3479,-2.115,1.63,5.05,5.07,6.865,-0.2381,-4.253,0.5758,5.273,9.245,-0.4769,-3.089,3.896,4.834,2.613,-10.42,-3.961,-2.417,2.902
951,1.01,0.9297,3.464,8.767,1.197,-2.509,1.13,1.15,6.169,-0.0057,-3.353,-3.394,-16.4,4.742,6.024,8.435,1.473,-5.904,-5.79,-2.952,-0.2478,2.799,-2.661,16.23,4.585,2.138,-1.986,-3.644,0.0566,1.456,-0.1153,3.878,2.907,2.071,-1.718,-0.8218,5.558,5.66,4.138,-1.614,3.375,5.05,5.07,5.372,-2.975,-5.706,2.479,4.463,11.53,-4.097,-0.082,3.456,7.86,5.639,-9.6,-5.136,-6.541,3.66
952,1.01,2.253,-5.785,6.216,1.474,0.8578,1.13,1.15,5.05,0.2815,-4.917,-4.642,-17.89,2.625,7.533,7.056,2.425,-7.405,-3.702,-1.044,-0.6282,0.4247,1.032,13.19,5.989,1.289,-1.328,-0.5246,6.173,0.6616,2.169,3.52,1.573,2.483,-0.5236,0.8857,6.337,5.635,1.932,-0.3151,1.757,5.05,5.07,5.407,1.709,-4.373,-0.4919,5.696,6.367,-2.668,0.1448,3.459,3.724,4.089,-7.223,-5.092,-5.836,4.958
953,1.01,4.469,-1.998,5.54,1.76,-0.8769,1.13,1.15,3.265,2.564,-3.498,-5.297,-17.08,4.516,7.914,4.677,-0.6986,-5.981,-4.689,-3.858,2.174,2.598,-1.024,15.73,5.645,3.313,1.79,-2.12,3.159,2.659,1.495,2.052,1.961,-2.204,-3.492,0.8948,7.068,4.815,2.548,-1.347,5.428,5.05,5.07,4.65,-1.846,-3.565,1.825,3.821,5.449,-0.0426,-2.21,6.19,5.432,5.34,-10.79,-5.142,-6.08,3.633
954,1.01,4.659,1.825,6.307,2.262,-0.6813,1.13,1.15,5.002,1.229,-2.895,-6.881,-18.25,5.389,8.86,7.752,1.468,-3.978,-4.875,-4.641,-1.501,2.364,1.237,17.85,4.389,2.291,-2.538,-2.474,1.213,1.755,-1.404,3.15,4.346,-0.7693,-1.877,-0.8043,6.206,2.619,2.848,-2.202,4.292,5.05,5.07,5.542,-2.92,-2.243,0.7769,5.33,4.592,-0.3716,-1.011,3.56,5.544,4.775,-8.221,-4.709,-5.467,3.946
955,1.01,1.517,-1.204,5.939,0.7157,0.9661,1.13,1.15,3.106,-1.289,-3.374,-5.153,-18.22,3.537,7.22,6.868,1.756,-5.997,-2.808,-2.822,-0.4699,2.853,2.659,16.93,3.151,-1.723,-1.596,0.3674,2.439,-0.4304,0.3936,1.586,0.1757,3.089,0.0407,1.164,8.84,4.779,4.442,1.425,2.169,5.05,5.07,6.455,0.1235,-4.422,-0.3618,4.833,9.076,-2.31,-2.541,4.311,7.599,4.59,-8.651,-2.61,-6.795,3.002
956,1.01,0.9705,-0.2194,5.612,4.308,-0.1845,1.13,1.15,4.774,2.044,-1.477,-4.311,-16.59,4.835,7.946,7.857,1.85,-6.477,-3.557,-6.686,1.228,4.497,1.472,14.44,6.123,2.455,-3.539,-2.534,0.8898,3.679,3.265,4.23,2.706,1.154,-3.341,-0.2197,8.168,4.321,2.677,0.0145,5.781,5.05,5.07,7.142,-1.628,-3.811,-0.6775,5.982,10.64,-1.468,-2.181,2.138,3.143,2.84,-9.276,-2.061,-3.591,3.375
957,1.01,3.204,-0.2914,7.219,2.085,-1.412,1.13,1.15,4.991,2.795,-4.817,-3.317,-19.2,1.437,6.464,8.913,1.573,-4.77,-3.218,-4.121,1.142,2.152,-0.1151,16.26,4.047,0.8542,-0.071,-2.636,2.175,-1.635,1.033,3.134,3.515,0.6698,-0.1593,-0.3358,6.896,4.181,3.189,-4.18,5.183,5.05,5.07,7.843,0.378,-4.398,0.1836,4.275,8.04,-3.841,-1.331,4.051,5.614,4.685,-9.023,-3.288,-6.157,2.823
958,1.01,2.077,-0.1576,7.051,0.6448,0.0189,1.13,1.15,4.436,1.472,-2.651,-6.444,-14.95,5.063,6.355,5.918,3.865,-6.605,-5.395,-2.96,2.259,4.171,-0.5366,16.24,6.81,1.851,0.1803,-3.552,2.733,0.3519,2.722,1.561,2.283,2.969,-2.833,0.2743,5.152,6.226,2.19,-0.6802,2.535,5.05,5.07,5.665,-0.7394,-5.033,2.074,8.291,8.92,-1.509,-0.1138,4.373,5.775,2.431,-10.2,-3.399,-3.176,6.145
959,1.01,2.722,0.351,5.078,2.594,1.181,1.13,1.15,4.946,1.899,-2.854,-8.355,-17.9,4.897,6.067,6.164,1.757,-6.718,-3.411,-3.32,-0.3229,3.465,-2.068,15.57,3.881,3.631,-2.251,-4.033,2.761,2.629,-2.892,2.085,2.931,0.2312,-3.769,-1.794,6.156,8.201,2.634,-3.312,0.355,5.05,5.07,7.351,-1.192,-5.435,-1.397,4.87,9.495,-0.9486,0.3476,3.183,5.472,5.633,-9.094,-5.095,-7.123,6.073
960,1.01,2.731,-0.3591,4.012,1.483,-1.039,1.13,1.15,5.837,-0.2039,-3.917,-4.906,-18.98,4.329,6.337,4.435,3.726,-5.686,-4.141,-2.498,1.716,5.812,-3.784,16.11,3.303,0.7655,-1.578,-3.488,-0.6528,1.857,1.874,3.11,2.953,1.745,-3.179,-0.2571,6.5,4.885,2.664,-2.812,3.461,5.05,5.07,9.043,-2.861,-4.46,1.682,4.597,9.68,-3.241,-3.031,4.066,6.856,5.121,-9.397,-2.568,-1.27,2.94
961,1.01,3.58,0.8987,7.116,5.352,-0.1143,1.13,1.15,3.821,0.9372,-5.4,-4.51,-19.91,3.317,6.99,7.942,3.331,-5.798,-3.833,-5.133,0.3095,1.947,2.13,15.82,5.39,0.8247,-1.593,-1.168,2.048,2.893,0.4126,2.147,1.896,0.5795,-0.4215,-0.6032,5.604,5.606,3.174,0.5221,1.998,5.05,5.07,6.785,-0.4887,-3.112,-0.1008,6.173,8.067,-0.721,-3.986,1.641,7.585,4.025,-9.197,-2.763,-5.643,3.532
962,1.01,2.481,0.5471,5.469,3.61,-0.7657,1.13,1.15,6.493,0.0032,-5.013,-3.073,-17.68,5.77,7.515,4.168,1.113,-8.149,-4.789,-5.164,-2.473,1.098,-0.4173,13.96,5.248,3.261,-0.7632,-3.681,-0.2353,-1.515,2.901,2.975,1.849,0.4675,0.5991,-0.9038,7.318,3.869,3.324,-2.75,2.066,5.05,5.07,6.031,-2.375,-1.634,-2.885,5.115,13.1,-3.616,-3.061,5.482,5.913,3.377,-8.897,-5.738,-7.525,3.11
963,1.01,3.433,1.262,4.915,1.073,-1.606,1.13,1.15,4.67,4.146,-0.8252,-4.689,-16.31,4.972,6.977,8.565,2.184,-7.083,-4.675,-5.691,-0.6713,1.303,-0.5402,17.13,4.183,1.69,-2.426,-2.773,1.78,-1.164,0.7614,1.444,3.171,2.919,-2.787,-1.296,5.295,3.817,5.272,2.257,4.988,5.05,5.07,4.432,-3.156,-4.502,-1.554,4.065,9.026,-4.192,0.7095,3.101,6.985,4.064,-8.002,-3.378,-4.836,4.433
964,1.01,2.247,-0.6563,4.376,0.6703,-2.614,1.13,1.15,2.193,4.318,-5.603,-5.967,-19.88,2.674,5.596,6.833,2.537,-5.57,-4.714,-6.264,-0.5323,4.024,-0.3273,15.36,2.648,2.224,-1.827,0.0437,3.176,1.112,4.881,1.341,1.012,3.283,-0.2781,0.6633,5.788,6.397,5.044,1.435,4.802,5.05,5.07,5.698,-4.148,-3.753,2.869,6.531,6.712,-3.314,-2.531,3.987,4.289,3.902,-8.869,-4.152,-5.44,3.135
965,1.01,1.656,2.0,8.593,0.8024,1.058,1.13,1.15,5.203,1.366,-6.167,-5.799,-18.49,3.763,6.887,6.949,3.092,-8.628,-1.896,-3.766,-0.011,1.76,-2.68,14.1,4.602,2.763,-0.2741,-1.699,2.567,2.052,3.731,3.224,2.871,1.369,-1.729,-0.6758,5.997,3.589,3.223,-2.163,4.245,5.05,5.07,8.612,-0.5339,-4.418,0.6528,4.45,7.585,-3.476,-1.032,4.922,6.649,4.958,-9.211,-4.594,-4.599,3.273
966,1.01,0.9381,1.407,6.876,0.8823,1.761,1.13,1.15,2.011,-0.7795,-4.659,-8.258,-17.85,2.074,7.198,8.993,-0.435,-7.283,-3.492,-4.524,-1.719,4.241,3.917,16.28,5.467,0.9059,-2.987,-0.2934,1.246,0.466,1.299,1.264,1.234,0.6559,-1.409,-1.912,5.344,4.205,2.717,1.025,3.346,5.05,5.07,4.739,-2.498,-2.209,2.254,4.932,6.984,-2.323,-4.411,3.443,6.566,5.969,-11.86,-3.197,-4.665,3.903
967,1.01,4.309,0.3851,7.977,1.796,0.3489,1.13,1.15,6.069,-0.62,-1.769,-6.868,-19.51,5.562,9.138,6.45,1.782,-6.807,-4.977,-7.311,0.4087,4.432,3.69,17.18,3.611,3.075,-0.5343,-2.145,2.454,0.2824,0.1782,1.914,2.156,1.615,0.4439,-0.17,7.88,4.627,1.928,-0.7246,4.463,5.05,5.07,7.251,-4.314,-4.122,-0.8491,3.91,7.461,-1.445,-0.3819,3.199,6.872,4.617,-9.663,-3.836,-7.443,3.009
968,1.01,1.962,-2.124,4.692,-0.9124,-0.3588,1.13,1.15,5.569,0.1287,-4.444,-5.189,-17.74,4.463,6.061,8.896,3.222,-4.303,-3.847,-6.319,0.2663,7.045,5.368,15.32,6.177,0.4757,-3.846,-2.676,3.636,1.851,0.1446,0.8559,0.4261,2.5,-0.4813,-1.391,7.982,6.066,2.693,0.3429,5.532,5.05,5.07,6.767,-3.034,-4.131,0.6132,1.596,11.77,1.641,-3.736,5.712,5.566,5.114,-9.4,-2.995,-4.578,4.689
969,1.01,5.231,1.979,8.434,0.2878,-0.0092,1.13,1.15,5.123,2.216,-4.055,-7.973,-17.6,3.499,6.323,8.499,4.944,-6.699,-3.585,-2.185,2.765,4.914,0.2889,17.48,2.478,0.3723,-1.042,-2.021,4.793,1.512,1.78,3.497,2.719,2.289,-2.507,-1.888,5.161,5.149,3.669,0.0303,6.516,5.05,5.07,7.055,-1.807,-4.526,-0.0843,5.348,8.096,0.0451,-5.086,5.989,7.19,5.511,-8.982,-2.666,-8.703,2.707
970,1.01,3.0,-0.9456,5.59,2.402,1.049,1.13,1.15,3.496,1.927,-2.678,-4.737,-17.39,4.752,4.371,7.063,1.437,-6.894,-3.242,-5.642,-1.554,5.23,2.425,16.48,2.339,2.332,-2.58,0.3922,1.329,2.927,1.274,1.29,5.183,2.288,-1.948,-1.441,7.203,3.196,3.18,-1.715,3.298,5.05,5.07,4.649,0.719,-3.336,0.3699,4.985,10.21,-0.7839,0.3825,3.243,7.331,2.888,-9.826,-4.808,-4.117,3.435
971,1.01,3.448,0.3667,6.781,1.607,-1.489,1.13,1.15,8.157,2.601,-4.66,-7.072,-17.02,6.82,9.484,5.418,2.719,-6.943,-0.0734,-4.904,0.049,1.426,2.067,17.53,5.871,1.31,-3.472,-0.5655,5.475,2.028,0.8923,1.651,2.603,1.457,-1.445,-0.933,7.06,6.016,1.718,-3.576,1.961,5.05,5.07,7.59,5.682,-4.395,2.234,5.645,10.06,-2.443,0.2009,5.039,5.979,5.553,-10.04,-2.34,-2.738,2.109
972,1.01,0.9493,-4.101,9.521,-0.0763,0.2807,1.13,1.15,2.597,0.6683,-5.607,-7.715,-19.54,5.333,8.177,8.298,3.121,-6.886,-3.196,-3.346,-1.17,4.301,2.496,17.66,5.992,3.012,-2.549,-2.407,2.867,1.666,2.029,1.841,-0.2155,4.719,-1.946,-2.901,5.899,7.081,2.278,-1.559,6.351,5.05,5.07,5.771,-0.4242,-2.734,1.038,6.117,9.661,-0.5644,-1.83,2.365,7.277,5.152,-8.776,-4.139,-5.922,4.531
973,1.01,2.446,-1.213,4.489,4.646,1.619,1.13,1.15,5.319,3.458,-4.586,-3.051,-20.07,3.67,7.188,5.67,2.187,-7.33,-4.649,-6.171,1.278,3.735,3.361,13.93,6.888,3.367,-2.74,-2.384,6.2,1.263,2.803,2.198,-0.0651,2.386,-1.8,0.0388,7.64,3.755,2.106,-2.523,4.464,5.05,5.07,6.116,-2.323,-1.945,0.1276,6.428,10.97,2.82,0.2063,6.253,7.218,3.334,-9.47,-3.534,-3.247,1.089
974,1.01,3.307,0.0825,7.839,1.294,-0.4176,1.13,1.15,0.0618,2.561,-5.819,-4.902,-19.98,4.059,6.933,5.503,2.714,-4.994,-4.807,-4.078,0.1666,2.668,2.431,14.97,4.269,2.684,-0.7256,-1.867,2.354,1.147,3.335,2.853,-0.38,0.9383,-1.27,-0.1741,6.337,7.867,1.881,-0.2046,4.508,5.05,5.07,4.997,1.264,-2.627,4.059,5.679,9.842,-2.296,-1.514,6.098,6.329,2.857,-10.06,-4.465,-6.638,0.5601
975,1.01,4.532,2.649,7.177,5.714,-1.434,1.13,1.15,4.816,3.325,-2.74,-5.397,-17.43,5.166,8.689,7.694,5.32,-7.458,-5.07,-3.724,-1.1,5.225,2.051,14.72,5.521,1.54,-4.306,0.417,0.308,0.1917,2.082,3.57,3.072,1.672,-1.948,-2.07,4.824,6.458,0.9481,-1.641,3.235,5.05,5.07,5.933,2.436,-1.49,1.887,5.344,11.38,-0.6568,2.334,6.585,5.4,5.496,-7.557,-2.423,-4.395,2.56
976,1.01,2.337,1.419,9.743,3.137,2.279,1.13,1.15,4.204,1.627,-5.311,-6.003,-18.69,4.661,6.595,5.799,1.885,-6.854,-6.515,-4.601,1.718,4.607,2.262,16.48,6.494,2.828,0.3478,-0.854,2.95,2.157,-1.401,4.999,4.542,1.656,1.069,0.5239,7.17,4.69,1.484,2.816,3.279,5.05,5.07,6.752,2.034,-4.897,1.755,3.561,10.24,-3.864,-4.801,6.542,7.558,4.618,-8.235,-2.567,-3.431,3.098
977,1.01,3.137,3.29,7.321,4.019,1.311,1.13,1.15,6.035,3.206,-7.643,-4.488,-17.36,4.432,8.335,7.96,3.18,-6.763,-3.207,-4.153,-1.043,1.801,1.032,16.45,5.257,2.545,-0.1279,-1.122,0.4619,1.739,3.71,2.12,0.9156,0.4706,-3.495,-0.4834,5.799,6.707,2.342,-0.0961,5.333,5.05,5.07,5.598,3.505,-4.238,-0.1218,2.141,7.634,-1.546,-1.161,2.704,7.152,3.838,-8.915,-2.795,-4.242,3.893
978,1.01,3.723,-0.8795,6.218,1.469,2.753,1.13,1.15,3.014,1.143,-3.077,-5.203,-20.49,1.496,6.233,8.264,2.64,-5.421,-3.828,-4.332,1.428,4.957,3.944,18.93,3.337,4.246,-3.083,0.5418,2.343,1.939,-1.017,1.657,2.446,2.865,-1.485,-2.966,4.996,6.98,2.413,3.968,4.613,5.05,5.07,8.028,0.7728,-3.393,1.778,7.284,13.4,-1.469,3.263,4.626,7.161,5.439,-9.324,-3.775,-2.56,3.254
979,1.01,1.015,2.022,10.25,3.5,0.2907,1.13,1.15,7.75,3.498,-5.669,-4.042,-17.77,5.618,7.71,7.528,3.445,-6.326,-4.001,-3.797,0.1304,3.604,4.576,18.18,4.128,2.38,-0.6451,-1.407,1.936,2.664,4.508,2.916,1.777,0.1835,-1.277,-1.473,7.502,5.467,2.837,1.002,3.353,5.05,5.07,7.168,-1.081,-4.539,0.2265,7.054,11.98,-1.578,-0.4107,4.308,8.26,4.307,-9.091,-1.715,-6.312,3.708
980,1.01,2.355,3.332,7.205,2.777,-3.286,1.13,1.15,5.171,1.542,-6.926,-6.046,-19.5,4.333,9.693,6.838,2.047,-6.448,-3.865,-5.611,0.0381,3.479,4.645,17.34,4.131,0.8705,-2.421,0.0471,1.123,0.3638,1.16,2.246,3.288,1.748,-1.938,-1.58,6.918,4.057,4.658,3.253,3.794,5.05,5.07,6.53,-3.979,-2.773,0.8751,7.61,6.554,-4.428,0.2067,4.635,5.493,4.55,-8.696,-4.477,-3.344,3.982
981,1.01,1.909,-1.819,7.232,3.076,3.666,1.13,1.15,3.711,2.763,-1.791,-6.191,-17.08,4.586,7.463,9.527,2.539,-7.255,-3.654,-4.142,1.596,4.779,2.214,18.07,6.554,1.412,-2.045,-2.001,3.886,1.087,2.471,3.463,0.7832,3.143,-1.326,-0.0896,6.404,4.626,3.712,-0.941,7.301,5.05,5.07,5.764,-2.882,-3.995,1.956,5.37,7.347,2.691,1.966,5.142,5.158,1.971,-8.027,-1.825,-6.635,3.509
982,1.01,2.262,-0.1441,5.578,1.73,2.479,1.13,1.15,5.131,1.099,-3.414,-5.173,-19.13,5.929,8.133,5.718,1.904,-4.903,-0.8252,-6.184,0.8305,5.732,0.6507,19.16,3.138,2.748,-2.249,-0.0551,1.204,2.723,-0.8003,1.049,4.824,0.2388,-2.382,-0.4996,7.665,5.485,4.221,0.5109,4.298,5.05,5.07,6.358,-0.4605,-6.362,-0.1619,5.707,7.797,-3.773,-1.321,4.981,5.926,5.965,-8.729,-1.377,-8.736,4.437
983,1.01,2.749,2.228,8.336,2.139,1.654,1.13,1.15,4.236,4.902,-5.401,-5.842,-19.74,3.374,8.561,5.77,2.499,-9.485,-3.785,-4.608,-1.898,5.186,2.224,17.71,5.749,-0.1978,-2.435,-2.179,3.67,1.377,3.831,3.07,4.239,3.334,-2.087,-2.535,6.655,6.677,3.855,-3.69,5.73,5.05,5.07,7.064,-5.697,-6.07,1.473,5.974,9.891,-4.023,7.995,7.071,5.977,5.281,-8.118,-2.056,-3.75,4.162
984,1.01,4.407,3.572,5.813,3.821,3.819,1.13,1.15,4.204,-0.196,-3.254,-6.612,-22.6,2.769,5.65,7.945,2.843,-4.977,-3.745,-6.313,0.3092,4.284,2.894,16.92,4.241,2.145,-4.934,0.343,1.938,1.477,-1.038,0.8175,1.304,1.159,0.388,0.3473,7.614,5.742,2.111,-1.885,5.997,5.05,5.07,4.421,3.211,-2.519,0.2165,6.372,8.993,-0.1163,-1.296,5.598,8.52,4.259,-9.214,-1.839,-5.358,2.526
985,1.01,3.308,3.811,5.217,0.4046,1.169,1.13,1.15,6.423,4.259,-3.871,-5.542,-15.68,2.393,5.291,7.484,1.53,-7.127,-4.212,-6.761,2.835,5.328,3.678,17.84,4.36,2.803,-0.449,0.9614,1.614,3.808,2.812,2.081,1.377,3.043,-0.9437,-1.053,6.007,6.158,3.488,0.2339,5.437,5.05,5.07,7.977,-0.9577,-3.029,2.019,3.967,9.476,-1.161,1.065,4.599,6.422,4.656,-10.3,-2.565,-4.969,5.918
986,1.01,3.108,-2.711,9.162,2.911,0.6904,1.13,1.15,5.274,1.169,-3.347,-7.06,-20.13,3.684,7.845,7.099,1.353,-5.242,-2.8,-3.268,-0.4235,4.961,1.626,19.52,5.953,2.331,1.515,0.1862,3.438,1.264,-4.061,1.527,1.707,2.133,0.0363,-0.8438,4.986,5.132,2.259,2.146,6.601,5.05,5.07,6.671,-2.308,-4.948,1.888,6.497,10.45,0.4327,-0.6801,4.701,8.328,5.326,-7.37,-0.9607,-3.422,2.069
987,1.01,3.914,2.089,5.918,1.641,-0.4384,1.13,1.15,3.934,4.007,-6.098,-5.902,-19.15,4.54,7.668,9.405,3.021,-6.512,-0.9517,-4.175,0.8409,3.804,1.695,14.12,3.595,3.94,-3.356,-2.603,1.049,2.971,2.682,1.302,2.765,2.319,-3.11,-0.75,8.857,5.405,1.846,0.3302,4.501,5.05,5.07,7.641,-0.7474,-3.528,3.367,5.067,7.972,1.495,-2.214,5.048,4.398,5.115,-8.947,-2.846,-6.233,4.071
988,1.01,1.715,2.619,4.486,4.124,-3.543,1.13,1.15,5.399,1.307,-6.397,-5.271,-18.07,3.99,6.647,7.551,1.64,-8.763,-1.333,-5.249,-1.449,5.799,-0.2682,16.3,6.25,3.669,-0.5053,-2.642,1.394,3.964,0.7599,1.488,0.238,-0.0017,-0.2747,1.709,7.752,8.057,2.416,1.882,4.87,5.05,5.07,6.7,-1.495,-1.273,-0.1532,5.207,9.973,2.562,4.531,7.44,5.795,4.602,-8.251,-3.978,-5.062,2.838
989,1.01,3.474,-1.945,5.007,2.2,-1.088,1.13,1.15,5.712,3.972,-3.513,-5.009,-19.62,2.735,7.733,7.773,3.215,-4.949,-5.291,-4.654,-1.038,0.4911,2.543,18.0,5.602,2.772,-2.663,-2.597,3.444,-0.2713,-1.682,3.237,1.357,3.145,-1.579,-0.9678,7.884,6.194,1.188,-2.044,5.67,5.05,5.07,6.608,-1.902,-5.471,-1.515,6.564,10.09,0.083,-1.338,2.166,5.354,6.871,-6.867,-5.98,-5.976,2.768
990,1.01,3.288,3.522,8.859,3.697,0.7753,1.13,1.15,4.76,0.9599,-3.861,-6.615,-18.11,2.339,8.297,9.033,0.4218,-4.603,-2.039,-4.722,-0.6221,4.844,2.179,17.36,4.506,1.118,-3.553,-0.8783,2.569,2.972,-3.517,2.929,0.5006,1.941,2.106,-0.7423,7.977,6.686,5.607,1.952,4.804,5.05,5.07,8.069,-1.678,-5.19,0.9454,6.706,9.379,-0.1468,4.764,6.146,7.664,4.667,-9.476,-3.004,-4.796,2.498
991,1.01,2.682,0.5174,8.3,2.861,2.653,1.13,1.15,4.49,5.023,-5.94,-8.513,-17.69,4.128,6.539,9.844,3.834,-6.229,-3.897,-5.34,-1.172,5.726,0.8376,17.04,6.7,1.698,-1.937,-3.307,1.911,3.546,2.406,5.413,-0.2754,1.047,-0.3716,-0.313,5.564,5.297,5.156,0.8769,2.915,5.05,5.07,5.664,0.5478,-3.902,0.5057,3.935,8.004,-0.7381,0.5629,6.19,5.145,3.745,-10.67,-2.26,-4.172,6.038
992,1.01,1.811,2.853,6.018,1.049,1.182,1.13,1.15,3.276,4.53,-4.263,-5.219,-18.95,4.532,8.938,9.763,3.644,-4.126,-2.253,-7.029,1.093,6.136,0.9682,17.93,4.699,2.493,-0.5236,-3.961,2.362,1.073,-2.975,3.017,0.5932,0.8821,0.6294,-1.761,6.678,6.16,3.097,0.3529,5.724,5.05,5.07,7.556,-4.701,-4.11,-0.0669,2.671,10.3,0.2579,-2.104,3.515,4.511,4.238,-8.144,-2.552,-8.802,2.159
993,1.01,3.336,-0.2581,8.433,0.2522,2.081,1.13,1.15,5.403,1.521,-4.973,-5.349,-17.33,4.171,8.447,5.639,2.531,-7.677,-1.908,-4.947,-0.9365,3.976,3.441,16.04,2.979,2.044,0.8471,-0.4339,3.108,3.832,0.1983,3.45,0.4829,1.438,-1.613,1.52,7.025,5.824,2.937,0.8527,5.346,5.05,5.07,6.818,-1.377,-6.33,2.121,5.719,9.842,-1.832,3.673,2.156,5.759,3.863,-8.495,-3.879,-6.896,3.177
994,1.01,1.849,1.311,5.874,1.75,0.1059,1.13,1.15,4.601,1.514,-6.1,-8.151,-17.59,4.195,5.526,8.321,3.206,-5.509,-1.691,-3.152,0.5369,1.889,3.931,15.3,4.492,4.714,-2.896,-0.1172,1.662,-0.6097,-1.713,5.099,0.8568,3.138,0.0304,-0.0122,7.281,4.489,4.637,2.392,2.116,5.05,5.07,5.852,-3.665,-3.859,-0.5837,5.811,9.158,-1.68,0.5533,6.755,5.451,5.218,-7.794,-5.664,-4.059,4.208
995,1.01,5.403,5.015,6.922,0.8833,1.118,1.13,1.15,6.186,0.4254,-2.052,-4.821,-19.81,5.467,8.456,10.24,3.918,-5.442,-3.591,-5.743,-0.5198,4.761,2.233,19.22,6.038,-0.0942,-1.543,-0.392,1.27,0.8853,0.1976,4.318,1.237,4.372,-1.526,-0.9824,6.222,6.254,3.003,-0.7126,3.462,5.05,5.07,8.808,2.301,-3.393,3.209,4.956,10.67,-1.726,3.065,5.217,6.533,5.767,-8.191,-2.321,-8.225,2.839
996,1.01,1.855,-1.276,6.883,1.232,-0.9728,1.13,1.15,3.791,3.93,-4.4,-2.265,-18.54,4.57,9.505,4.077,1.495,-5.171,-4.463,-1.8,-0.6223,3.12,-0.7454,17.41,5.073,3.824,-0.5964,-3.304,1.259,1.313,-0.9417,1.0,-0.0936,0.1612,-1.502,-1.267,6.104,4.015,4.884,-1.379,6.082,5.05,5.07,3.713,-3.767,-3.79,2.003,4.984,7.747,-2.97,-1.078,7.169,5.357,6.129,-8.865,-2.63,-4.741,3.798
997,1.01,2.988,1.83,6.796,0.1932,-0.4368,1.13,1.15,6.984,3.459,-4.826,-7.017,-18.68,4.671,5.189,8.021,0.7295,-5.679,-3.217,-5.186,0.1587,4.25,0.3449,18.37,4.765,1.271,-1.554,-2.683,3.533,0.8706,-1.215,1.315,-0.0237,2.71,-3.118,-2.559,8.493,5.766,3.848,1.858,4.852,5.05,5.07,7.45,-2.87,-4.222,1.164,1.927,5.864,-1.115,-2.019,5.95,6.138,4.83,-8.897,-3.2,-3.602,4.3
998,1.01,4.088,1.934,7.398,0.1597,-1.543,1.13,1.15,4.576,0.7506,-3.546,-4.536,-18.6,2.483,8.371,8.134,5.415,-5.63,-3.883,-4.677,1.031,4.979,1.16,16.46,3.159,3.978,-3.246,-0.2105,1.943,-0.3699,0.0916,4.865,-0.6772,1.517,-1.873,0.0633,5.154,5.711,3.503,-0.112,0.1894,5.05,5.07,8.696,-2.74,-3.734,0.5646,5.124,8.336,-2.214,-1.196,5.172,3.448,4.831,-8.728,-3.678,-4.865,3.839
999,1.01,1.309,2.513,5.594,2.445,-1.289,1.13,1.15,3.128,1.004,-5.111,-7.774,-18.89,4.712,6.544,6.466,3.11,-6.389,-3.113,-5.958,3.596,4.848,2.393,17.17,4.591,2.065,-0.3734,-0.1892,-0.066,1.907,-0.4714,1.361,0.4842,2.942,-0.0629,-0.9654,7.902,5.738,3.797,-0.8877,2.264,5.05,5.07,7.165,-2.583,-3.723,0.5814,6.695,5.3,-2.351,2.882,6.734,4.867,4.05,-7.752,-4.82,-8.07,4.145
1000,1.01,4.287,0.1994,8.62,5.42,1.315,1.13,1.15,5.546,1.166,-4.513,-4.655,-15.72,3.136,7.153,7.906,0.8029,-8.679,-3.551,-5.345,1.824,3.645,2.897,14.09,3.736,1.257,-0.7045,-1.959,-0.4744,0.2296,-2.137,3.302,1.153,2.628,-0.463,0.3451,5.415,5.747,3.886,-0.5389,1.499,5.05,5.07,8.645,2.233,-3.334,0.3598,2.251,6.439,-0.1536,-1.792,4.876,5.587,4.916,-7.928,-5.59,-2.649,2.334
1001,1.01,3.674,-2.366,7.615,0.8379,-2.514,1.13,1.15,4.509,1.683,-4.898,-6.909,-16.3,4.563,8.407,6.62,0.9904,-7.934,-5.186,-4.353,-0.0043,5.949,2.452,15.63,4.705,5.65,-2.359,-2.195,0.3182,0.8626,0.7023,3.095,3.314,2.623,-2.036,-2.51,6.315,5.46,3.389,-1.177,4.172,5.05,5.07,7.217,-2.518,-2.717,0.9152,6.04,7.93,-0.3458,-2.049,3.985,6.031,5.132,-7.769,-2.859,-2.366,5.319
1002,1.01,2.344,0.9735,6.69,2.981,1.541,1.13,1.15,4.345,0.5846,-4.292,-4.636,-18.52,6.351,8.589,9.366,1.82,-5.541,-4.184,-4.574,2.435,3.64,2.457,16.63,4.533,4.024,-2.844,-0.2653,2.308,1.382,1.446,1.109,0.9104,3.469,-2.156,0.7164,6.416,4.886,0.4612,-2.267,6.601,5.05,5.07,6.691,-2.563,-4.437,0.3771,5.65,9.869,-2.588,1.241,5.067,6.018,2.751,-7.445,-3.43,-0.791,2.074
1003,1.01,2.314,1.066,6.604,1.061,-2.536,1.13,1.15,5.272,2.654,-4.889,-6.481,-17.3,4.383,6.924,7.159,2.248,-4.991,-4.206,-1.95,0.4864,3.647,1.429,15.73,7.666,1.305,-1.26,0.0351,3.909,-1.02,3.832,1.226,0.1659,1.878,-0.1207,0.3818,6.957,6.044,3.378,-1.1,4.678,5.05,5.07,7.681,-0.7344,-3.269,1.283,4.334,10.21,1.558,-2.102,3.584,5.545,3.492,-9.487,-5.63,-8.307,4.206
1004,1.01,1.802,3.323,6.07,1.544,-1.781,1.13,1.15,2.928,2.037,-4.372,-5.222,-18.08,3.81,7.029,9.654,2.059,-4.836,-4.986,-5.094,0.6208,2.993,2.347,18.3,2.246,1.186,-2.211,-0.3738,2.775,2.19,4.349,1.716,2.564,4.497,-0.6607,-0.0212,7.417,5.363,3.928,-1.119,3.688,5.05,5.07,8.629,-5.948,-4.878,-0.2063,7.191,8.718,-3.079,2.708,5.185,5.638,3.743,-9.243,-3.205,1.009,2.06
1005,1.01,3.552,3.132,6.973,2.134,1.473,1.13,1.15,4.61,0.3565,-3.683,-7.362,-20.01,3.645,6.174,7.753,0.9102,-6.124,-1.583,-2.819,1.307,2.818,3.692,14.95,3.59,0.5628,-0.3856,-1.054,0.688,1.27,3.231,1.532,0.3685,-0.0883,-1.012,-0.1184,7.686,7.739,2.544,-0.6408,6.437,5.05,5.07,5.928,-1.19,-3.539,-0.538,5.963,11.58,0.1744,-2.294,4.591,5.077,4.819,-9.831,-3.352,-6.62,5.044
1006,1.01,4.174,1.705,7.439,2.537,2.905,1.13,1.15,4.297,2.867,-4.285,-5.907,-18.84,5.577,8.242,5.276,1.338,-6.123,-3.929,-4.858,-0.0447,-0.6958,1.844,15.36,4.559,2.198,-1.962,-2.79,1.586,-3.121,1.691,3.952,-0.3333,-0.8757,-0.8159,-1.377,7.519,7.875,4.417,0.7493,4.878,5.05,5.07,6.961,2.112,-3.489,-0.0504,7.1,9.391,-2.866,0.8654,4.098,5.876,4.866,-8.682,-3.162,-4.871,2.005
1007,1.01,2.994,2.384,6.621,3.84,1.209,1.13,1.15,5.425,1.362,-2.675,-5.444,-18.0,3.026,6.22,7.041,3.96,-4.452,-4.568,-5.398,0.8791,5.431,3.412,16.1,4.526,2.24,-3.013,-1.761,1.549,2.989,3.768,1.316,2.099,0.0252,-2.854,-1.237,5.093,6.404,2.421,1.36,5.272,5.05,5.07,2.967,1.338,-1.905,0.6595,3.254,9.416,-0.0894,-3.309,5.013,5.421,2.796,-8.552,-2.775,-1.39,3.815
1008,1.01,3.419,-2.27,6.236,3.357,-1.661,1.13,1.15,2.736,1.764,-3.227,-5.847,-17.56,2.791,4.569,7.862,1.018,-6.17,-2.186,-4.522,1.669,1.839,0.6744,15.11,3.501,2.587,-0.5941,-1.399,0.7277,0.9771,0.6512,2.091,-0.7782,1.09,-2.651,0.8611,7.133,6.266,4.531,-3.324,4.561,5.05,5.07,9.227,-0.0008,-4.524,0.9933,5.284,7.509,-4.286,1.636,5.409,4.568,1.59,-10.29,-4.84,-7.063,3.453
1009,1.01,2.478,-0.6522,6.543,1.341,1.967,1.13,1.15,3.073,1.646,-4.612,-4.918,-16.1,4.086,7.058,7.128,1.599,-7.644,-2.257,-4.227,-0.1968,1.623,-0.3697,18.29,3.45,1.391,-2.596,-3.089,3.494,-1.447,-0.5511,3.208,-1.877,2.321,-2.913,-1.728,6.85,7.865,3.574,-2.493,3.826,5.05,5.07,7.496,2.408,-5.099,-0.1017,4.912,9.729,-5.008,-2.151,5.053,4.142,6.012,-9.63,-5.143,-2.914,3.684
1010,1.01,5.281,1.941,4.368,-1.088,1.05,1.13,1.15,4.867,0.0458,-3.843,-4.468,-17.82,3.001,8.319,6.212,2.173,-7.944,-3.482,-4.327,3.437,3.605,1.781,17.55,5.373,1.652,-0.3504,-1.596,3.529,2.098,1.916,2.112,-0.5822,0.5918,-1.893,-1.741,5.41,4.4,5.01,-1.678,4.451,5.05,5.07,3.513,-2.343,-1.703,0.5637,5.667,6.579,-4.549,-1.277,3.854,5.829,1.787,-9.059,-1.81,-5.781,2.128
1011,1.01,0.38,0.3463,4.86,2.886,0.4978,1.13,1.15,7.549,0.7349,-2.549,-5.077,-18.0,1.716,4.268,4.127,1.877,-5.807,-0.9903,-5.566,1.367,2.707,3.196,17.09,3.523,1.075,-0.4995,-1.737,-1.198,1.921,3.942,2.363,-0.2121,0.2494,-2.493,0.1498,7.166,5.316,3.885,-1.513,4.672,5.05,5.07,4.102,-3.259,-2.943,0.5463,6.57,10.79,-1.207,-1.753,4.826,5.0,2.4,-10.08,-4.232,-2.366,5.207
1012,1.01,1.63,0.6169,4.531,0.4901,-0.658,1.13,1.15,4.805,0.428,-2.067,-2.979,-17.34,2.076,6.115,8.043,0.2136,-7.551,-4.705,-4.11,-0.7509,3.383,4.177,15.54,4.928,0.2181,-1.897,-4.169,2.35,1.159,-0.5837,4.562,-1.152,0.5693,-2.807,-0.7379,8.39,7.822,1.48,0.7928,3.7,5.05,5.07,6.227,-2.08,-2.421,1.537,4.581,7.532,-2.744,-4.479,4.302,3.989,3.087,-9.343,-4.43,-8.994,3.915
1013,1.01,1.0,2.292,8.198,-0.4226,3.392,1.13,1.15,4.431,-0.616,-5.505,-4.625,-20.6,3.479,7.473,6.036,0.4609,-9.579,-3.81,-6.853,1.737,5.02,1.566,15.94,3.564,3.161,-4.352,-1.041,0.5901,1.632,0.8865,4.486,-0.1946,2.265,1.723,-2.025,4.944,2.803,3.225,1.97,4.435,5.05,5.07,4.769,-1.75,-3.923,-0.0203,5.64,9.358,-1.741,-1.225,3.178,5.288,2.075,-8.014,-4.666,-4.527,3.313
1014,1.01,3.011,1.877,5.306,0.9967,0.2839,1.13,1.15,4.333,1.373,-4.0,-6.336,-17.15,3.273,6.029,5.133,0.0606,-5.541,-1.152,-5.324,3.576,4.219,1.079,13.48,3.705,5.092,-1.806,-2.414,1.35,-1.007,2.301,1.363,-0.2379,1.672,-0.9372,-1.101,8.365,5.99,0.4546,0.1548,3.215,5.05,5.07,6.44,-2.876,-3.412,2.169,4.595,9.718,-0.8748,2.476,3.905,3.111,2.848,-10.06,-2.765,-3.778,5.533
1015,1.01,3.113,0.2411,7.023,2.672,0.3485,1.13,1.15,4.863,-0.9017,-3.676,-5.627,-15.99,2.558,7.241,5.715,1.068,-5.515,-2.028,-1.867,2.526,4.112,2.355,16.42,5.597,1.44,-3.309,0.4511,2.136,0.6696,0.711,2.502,0.0052,0.0816,-2.617,-0.7262,5.861,6.313,3.827,3.488,4.48,5.05,5.07,4.991,-0.9546,-6.554,1.861,4.667,12.33,-4.374,0.921,4.046,5.799,3.672,-8.443,-4.149,-5.101,2.266
1016,1.01,4.365,-0.2422,3.583,4.908,2.916,1.13,1.15,6.334,1.424,-4.705,-4.27,-17.49,2.022,6.577,6.818,1.547,-7.185,-3.366,-5.175,1.557,4.836,2.931,13.76,2.97,-0.9241,-1.848,-0.0754,3.89,-0.5985,5.249,2.801,0.2982,5.306,-1.192,-2.207,6.138,6.395,3.394,-0.8031,4.134,5.05,5.07,5.081,-0.5694,-4.866,1.724,4.278,7.65,-1.192,0.2822,3.234,6.263,3.331,-9.825,-4.584,-5.489,2.144
1017,1.01,1.347,-0.3609,7.969,0.8847,0.1904,1.13,1.15,3.84,-0.696,-3.575,-1.572,-15.92,2.06,6.012,6.152,3.658,-4.052,-2.804,-4.479,1.565,4.966,4.993,13.94,4.617,2.343,-1.502,-1.846,3.36,-1.32,-2.601,1.6,-0.8214,1.302,-5.796,0.3806,6.691,5.664,3.716,1.216,7.002,5.05,5.07,7.436,-0.377,-4.365,1.158,5.577,13.26,-3.828,-0.0881,2.275,7.32,3.246,-9.188,-4.751,-5.728,2.818
1018,1.01,1.857,3.419,3.199,1.243,1.078,1.13,1.15,5.39,0.1125,-4.244,-5.477,-17.43,4.285,10.26,7.474,-0.723,-6.141,-5.056,-4.824,1.258,5.024,1.45,15.25,3.537,-0.883,-4.123,-0.6735,1.258,-1.782,-0.2161,0.6333,5.048,-1.648,-2.432,-3.017,5.994,5.067,2.703,1.02,1.7,5.05,5.07,6.575,-2.872,-2.784,3.155,7.885,8.336,-3.361,-3.87,3.794,4.982,3.701,-8.748,-3.182,-5.348,3.875
1019,1.01,0.9366,-7.056,5.074,2.088,3.206,1.13,1.15,4.339,-0.1696,-2.657,-6.726,-17.62,3.096,3.489,4.416,0.2453,-7.146,-3.92,-7.6,1.472,4.12,0.1195,16.64,3.293,1.64,-1.934,-0.2399,2.086,1.161,3.152,2.492,-1.022,0.7345,-0.6826,-0.0765,4.405,6.425,2.555,1.448,6.021,5.05,5.07,4.624,-5.919,-4.335,2.643,4.102,7.747,-2.973,-3.647,2.905,5.657,3.116,-8.284,-1.522,-8.246,0.113
1020,1.01,0.7906,-4.43,8.204,0.672,2.562,1.13,1.15,4.836,1.589,-3.292,-4.297,-18.3,3.759,8.504,4.414,2.315,-5.964,-3.505,-3.885,2.608,2.277,2.218,13.71,3.938,0.0154,-2.192,-0.7616,0.4211,0.3158,3.468,2.712,1.511,0.7041,-0.5535,2.797,5.66,7.587,3.027,-3.69,1.962,5.05,5.07,6.107,-1.768,-3.184,0.5476,6.364,8.416,-5.774,2.236,4.533,3.644,4.08,-9.342,-4.639,-7.377,2.611
1021,1.01,0.7951,-7.445,5.707,2.644,-2.646,1.13,1.15,7.766,-0.5465,-3.201,-5.914,-16.84,1.906,6.978,6.713,1.277,-6.648,-5.356,-4.047,0.7514,2.924,2.125,16.71,2.398,0.3632,-4.557,-3.428,0.6715,-2.919,3.247,5.461,0.7636,2.451,-0.3251,-0.8113,6.08,5.955,2.93,1.552,2.238,5.05,5.07,7.412,-1.877,-5.465,2.625,4.537,10.16,-1.024,3.56,2.423,3.838,3.077,-9.192,-3.71,-4.698,4.237
1022,1.01,3.298,-0.25,6.741,1.722,1.133,1.13,1.15,4.369,-0.7732,-3.073,-3.456,-14.8,0.3073,8.953,7.079,1.589,-3.741,-5.656,-5.105,2.26,3.334,0.4456,15.63,5.408,2.746,-0.5336,-0.5106,3.319,1.941,-1.697,3.353,1.366,0.0127,-0.7105,-1.386,8.42,5.4,1.642,-0.4025,4.566,5.05,5.07,7.337,-0.5289,-5.352,2.432,6.159,6.487,-1.064,-0.0705,3.802,5.624,3.358,-8.298,-2.5,-2.917,3.682
1023,1.01,1.909,-2.725,5.628,1.399,-1.375,1.13,1.15,3.475,1.632,-4.938,-3.396,-17.99,3.072,7.553,4.849,2.798,-6.984,-3.469,-4.915,0.5449,2.202,0.4157,16.92,3.567,1.99,-2.468,-0.7916,2.735,-1.381,0.9711,2.425,-3.219,2.101,-4.716,-1.073,7.637,3.715,3.815,-2.62,5.715,5.05,5.07,6.874,-1.189,-4.734,1.855,4.648,5.182,-2.443,-3.58,1.777,6.439,2.572,-10.39,-4.263,-7.262,3.446
1024,1.01,1.993,1.442,6.934,1.408,-1.042,1.13,1.15,6.223,1.607,-4.059,-5.741,-19.31,1.867,7.046,8.555,1.12,-4.697,-3.582,-3.847,-0.1539,1.268,0.9491,16.11,3.28,-2.107,-2.356,-0.5672,0.4382,1.68,1.779,3.51,2.057,2.305,-0.8347,0.3976,5.326,4.838,3.928,-0.7517,1.785,5.05,5.07,6.028,-3.26,-3.714,0.3441,6.278,9.349,-1.966,-2.064,1.258,2.596,3.464,-11.28,-1.043,-1.177,2.257
1025,1.01,2.535,-1.651,5.299,1.04,-1.908,1.13,1.15,2.432,1.404,-2.796,-5.835,-16.96,5.606,6.657,7.091,2.084,-6.31,-1.023,-5.656,-0.8993,4.181,-0.0994,15.23,3.145,1.394,-1.486,-1.571,0.8162,-1.323,-1.04,1.327,-0.4766,-1.043,-1.684,-1.312,5.464,5.517,4.525,0.5218,3.773,5.05,5.07,3.314,-5.93,-2.737,-0.7477,6.812,5.093,-2.319,-0.0111,1.719,4.151,4.7,-8.444,-4.597,-7.307,1.836
1026,1.01,1.981,2.447,6.949,2.13,1.255,1.13,1.15,5.05,1.641,-4.155,-4.843,-17.39,0.7255,5.195,6.169,-0.6792,-5.459,-5.323,-3.672,3.83,2.221,0.0327,16.63,3.431,-0.4791,-2.163,-5.653,0.9146,0.7719,3.208,3.273,1.682,0.5091,-2.28,0.031,8.186,4.279,2.576,-0.1801,5.942,5.05,5.07,6.123,-0.0758,-4.782,2.165,5.155,8.172,-2.878,-1.829,3.126,4.01,2.959,-9.572,-4.263,-3.923,2.552
1027,1.01,5.101,-0.448,4.478,1.555,1.254,1.13,1.15,4.818,-3.339,-3.776,-6.239,-19.36,0.9934,7.815,8.024,3.05,-7.972,-4.121,-1.694,1.454,2.632,-0.0952,12.92,4.95,-0.288,-4.291,-2.161,1.539,0.6752,-0.5984,1.306,1.073,2.646,-1.498,-1.663,6.534,5.71,4.294,-2.27,2.239,5.05,5.07,6.4,-3.47,-2.67,1.488,5.101,8.718,-1.463,-2.167,1.798,4.358,2.788,-9.886,-5.812,-4.849,1.822
1028,1.01,1.519,1.292,4.629,2.053,-2.013,1.13,1.15,3.078,-0.1192,0.2084,-4.924,-16.3,1.64,5.327,7.833,2.832,-8.747,-2.783,-4.369,0.2376,3.272,1.132,15.09,3.175,2.435,-1.133,-0.5152,2.939,1.371,2.795,-0.5683,-0.3197,1.302,-2.226,-0.3213,7.288,5.761,2.746,1.984,3.638,5.05,5.07,6.526,0.2145,-1.966,0.6606,2.733,7.341,-2.394,-4.535,1.749,5.86,1.062,-9.219,-1.695,-7.814,2.403
1029,1.01,2.621,-1.041,6.429,3.1,0.6031,1.13,1.15,2.845,0.8569,-5.104,-4.745,-17.08,2.045,6.449,6.991,-2.111,-7.241,-6.794,-2.059,0.9547,3.166,-3.0,15.98,4.463,2.981,-0.2149,-1.76,3.731,1.029,4.775,0.3,-0.62,-0.0633,-2.247,-2.095,7.875,6.513,2.427,-0.9327,4.151,5.05,5.07,6.551,-5.439,-4.461,-1.839,7.063,10.23,-1.2,-3.183,3.733,5.37,5.251,-11.55,-4.459,-6.81,3.41
1030,1.01,3.477,2.335,4.239,1.013,0.8229,1.13,1.15,3.831,0.489,-4.725,-4.502,-16.83,4.887,9.214,7.729,0.9738,-9.019,-3.26,-4.925,1.216,3.187,1.451,14.43,3.531,0.3247,-4.404,-1.553,4.936,-0.0371,1.298,-0.5597,-1.575,-0.147,-1.477,-1.088,4.207,3.47,3.063,-2.197,4.796,5.05,5.07,6.055,-4.429,-5.446,0.9802,6.112,5.221,-3.408,1.62,3.474,4.845,2.447,-8.878,-2.857,-6.561,3.724
1031,1.01,2.368,0.0792,5.562,4.435,2.426,1.13,1.15,6.242,1.096,-5.488,-5.355,-15.48,3.263,5.546,6.79,2.531,-8.134,-4.156,-4.304,1.772,4.312,-0.2723,13.73,3.993,0.8286,-2.39,1.505,0.3224,-3.397,0.9739,1.008,1.654,2.997,-1.525,1.274,6.264,6.1,2.91,-0.8692,3.619,5.05,5.07,4.544,-4.544,-4.212,-0.4001,5.088,9.535,-2.975,-0.3074,2.384,4.713,2.37,-11.18,-2.18,-2.882,4.899
1032,1.01,2.217,0.0961,6.386,3.667,-1.369,1.13,1.15,2.8,-0.3563,-5.579,-4.783,-16.83,4.051,7.638,7.696,0.6025,-4.926,-4.903,-5.139,0.7278,-0.0821,2.007,13.29,3.917,1.716,-0.0152,-1.924,2.465,-1.928,-1.668,0.3536,-1.28,0.2071,-4.58,-0.7607,7.575,4.137,2.35,-0.2484,3.279,5.05,5.07,5.977,1.049,-7.724,0.8957,4.393,9.408,-5.493,-4.214,2.658,6.472,4.295,-9.774,-3.047,-4.06,3.298
1033,1.01,2.914,0.325,5.872,2.02,-0.9188,1.13,1.15,3.553,2.543,-1.831,-4.192,-16.4,-0.0171,7.052,8.582,1.987,-2.034,-3.398,-4.543,2.071,2.155,1.413,16.73,3.315,2.116,-3.105,-2.652,0.4887,0.8874,2.966,3.217,0.9868,-1.867,-0.5029,-1.718,4.587,5.522,4.128,-2.808,1.09,5.05,5.07,6.415,-5.122,-3.614,-1.191,7.142,10.65,-2.313,1.238,1.345,2.316,0.7317,-9.385,-3.159,-5.948,4.387
1034,1.01,2.409,0.2785,5.005,1.603,3.341,1.13,1.15,4.917,2.484,-3.235,-3.803,-17.65,3.567,7.917,5.645,1.937,-5.721,-3.08,-2.673,1.671,2.412,1.171,14.6,3.177,-0.5224,-1.78,0.6237,2.597,3.45,-1.881,2.143,-1.247,-0.4181,-0.5228,-1.558,5.572,6.77,3.314,-1.268,5.368,5.05,5.07,4.437,-3.295,-4.676,0.7098,3.996,7.824,-4.162,-1.52,3.287,2.001,1.358,-9.776,-5.919,-4.702,2.892
1035,1.01,2.436,2.077,5.039,-0.2193,-2.486,1.13,1.15,2.714,0.214,-4.001,-1.616,-15.3,1.464,6.887,7.762,-1.181,-3.431,-5.351,-4.763,1.851,4.42,0.0434,16.65,1.283,0.0979,-1.282,-0.8694,1.614,0.3597,0.2735,1.834,1.813,0.6728,-2.053,-2.184,6.601,3.9,2.681,-2.532,0.831,5.05,5.07,4.593,-1.826,-3.268,0.0195,6.282,12.58,-3.615,0.1837,2.393,6.979,1.94,-10.29,-6.336,-6.161,3.302
1036,1.01,3.231,0.4985,5.947,2.568,0.6901,1.13,1.15,5.552,-0.0376,-4.436,-5.105,-16.51,3.139,6.511,6.558,0.5752,-5.437,-2.423,-3.047,2.7,0.5993,-0.405,16.19,4.782,1.007,-1.434,-2.054,0.6979,0.8606,-0.4738,1.946,-4.072,1.38,-3.237,-2.108,6.519,6.06,3.822,-1.067,4.881,5.05,5.07,4.428,-1.618,-5.151,1.573,4.615,9.578,-1.947,0.2556,1.246,5.605,3.877,-9.046,-3.097,-7.022,2.146
1037,1.01,2.731,-3.215,5.695,2.326,2.116,1.13,1.15,-1.717,0.4112,-2.188,-4.985,-18.4,0.3179,5.72,6.51,0.8886,-6.839,-3.22,-1.459,2.723,4.49,-1.88,13.42,3.962,1.133,-2.716,-1.247,1.979,-3.371,3.2,1.56,-0.7301,1.342,-3.287,-0.2586,6.061,3.813,2.295,0.3145,3.79,5.05,5.07,6.51,-4.187,-7.524,-2.42,3.884,8.389,-2.827,-1.968,1.571,1.497,1.141,-10.18,-5.908,-5.171,3.326
1038,1.01,3.98,-0.1303,6.148,0.8904,-0.3577,1.13,1.15,2.789,1.275,-2.96,-5.539,-16.13,4.424,4.98,8.643,0.6445,-7.693,-4.735,-1.922,-2.445,2.959,-0.5346,15.91,2.013,0.8038,-2.923,-1.589,0.7126,-1.099,1.91,-0.1535,-3.118,0.0802,-2.321,-3.136,6.909,6.582,3.361,-3.246,2.9,5.05,5.07,5.81,-2.306,-6.042,-1.775,3.811,5.58,-1.727,-1.898,2.805,3.523,5.851,-11.55,-2.911,-2.253,2.775
1039,1.01,4.379,-2.099,5.818,0.7236,1.066,1.13,1.15,3.169,1.186,-3.389,-2.712,-19.32,1.618,7.323,7.201,3.43,-5.796,-3.474,-1.899,2.315,0.5351,2.028,15.67,6.347,-0.4442,-3.389,-3.639,2.766,0.2052,1.004,1.486,1.027,0.6528,-1.76,-2.028,5.74,4.383,1.864,-1.647,3.753,5.05,5.07,4.736,-1.531,-3.023,0.9569,4.616,9.661,-2.368,-0.7587,0.9522,5.039,3.285,-8.94,-4.354,-3.721,2.79
1040,1.01,3.013,2.585,3.653,0.7849,-0.4057,1.13,1.15,3.54,0.6605,-4.495,-3.283,-17.57,2.849,9.021,4.883,3.76,-6.903,-4.25,-5.011,1.16,1.221,2.461,12.91,2.949,2.514,-6.568,-1.58,2.405,-1.954,0.4869,1.688,2.815,-1.573,-3.555,-0.9139,4.1,5.316,2.776,1.191,4.63,5.05,5.07,7.891,1.108,-4.874,-1.091,5.149,8.445,-4.908,-2.95,2.708,3.956,2.277,-12.05,-3.433,-4.123,2.049
1041,1.01,3.442,-2.05,2.635,2.303,-0.8847,1.13,1.15,3.51,0.603,-5.387,-6.36,-17.56,3.31,8.566,8.695,-0.4968,-6.806,-3.862,-5.293,-3.097,1.851,0.4719,15.35,6.677,0.1309,-3.578,-3.163,1.329,-1.944,0.5267,3.254,1.508,0.8344,-1.982,-1.21,6.931,5.863,4.402,-0.4919,0.5749,5.05,5.07,5.464,-2.794,-7.455,2.091,4.559,7.876,-2.406,-1.59,3.713,4.558,4.23,-8.801,-2.783,-7.278,4.153
1042,1.01,2.506,2.986,1.066,2.845,-0.2766,1.13,1.15,4.334,-0.3388,-2.391,-4.646,-17.62,1.26,6.179,5.279,0.8825,-3.974,-3.395,-1.301,0.7557,4.616,1.429,14.94,7.19,1.681,-0.9733,-2.535,2.203,0.2866,-0.9013,3.494,-0.9284,2.984,0.446,0.2075,7.786,4.634,1.434,-1.762,1.848,5.05,5.07,4.54,2.836,-5.313,0.759,6.851,6.048,-3.986,-4.637,1.384,2.533,0.3637,-9.257,-4.176,-7.033,2.128
1043,1.01,0.4134,0.5135,7.553,-0.7093,-0.0384,1.13,1.15,1.607,0.8109,-2.317,-3.747,-16.49,2.711,4.21,3.889,1.819,-7.697,-0.5844,-5.923,0.0594,0.8153,1.694,15.36,5.019,1.054,-2.43,0.8024,2.558,-1.011,0.0232,1.68,-3.493,1.989,-2.239,0.025,4.707,5.97,3.293,-2.482,3.85,5.05,5.07,4.846,-3.286,-3.656,0.2192,5.184,10.54,-3.47,-1.145,2.671,-0.7536,0.7387,-10.8,-6.648,-5.331,3.364
1044,1.01,4.434,-4.026,2.567,-0.3432,1.961,1.13,1.15,4.815,1.508,-2.257,-8.147,-18.63,2.244,5.425,7.482,2.454,-7.625,-6.764,-1.82,2.891,3.404,0.9943,14.94,6.988,0.0965,-3.433,-2.631,2.47,-0.273,1.742,4.429,1.295,-0.3864,-3.923,-3.054,6.273,4.413,-0.7934,-0.2027,3.772,5.05,5.07,6.167,-3.844,-6.366,2.53,4.448,11.23,-3.145,-0.3755,1.131,2.166,2.0,-9.24,-3.922,-5.395,0.7567
1045,1.01,1.827,-0.1632,4.023,2.088,0.2099,1.13,1.15,3.446,-1.036,-3.049,-3.953,-16.28,0.6783,5.595,6.266,1.837,-6.063,-4.141,-5.074,0.3514,2.177,0.8862,13.81,0.4628,2.671,-4.556,-3.845,0.9522,-1.382,2.428,1.538,-0.09,1.718,-2.419,-0.602,5.194,4.451,2.401,-0.407,1.903,5.05,5.07,4.54,-5.248,-5.602,1.267,5.021,10.28,-3.279,-1.179,1.843,3.896,1.773,-9.53,-3.585,-4.278,2.527
1046,1.01,2.17,-0.655,3.884,0.1411,-1.753,1.13,1.15,5.681,0.2444,-4.063,-5.965,-13.8,2.816,9.115,8.431,0.3871,-6.113,-2.808,-3.374,1.859,3.79,1.323,14.35,0.9599,1.713,-3.155,-3.224,-0.4948,-3.536,-0.4607,2.471,0.2794,2.538,-2.271,-1.039,7.493,7.038,3.325,-1.474,5.41,5.05,5.07,6.189,-2.428,-3.919,0.3247,6.519,6.79,-2.003,2.643,3.074,5.055,1.563,-10.24,-3.329,-2.436,3.137
1047,1.01,1.815,-6.022,6.11,2.815,0.774,1.13,1.15,2.899,2.516,-1.584,-4.601,-15.76,2.172,5.56,4.454,1.433,-7.081,-4.927,-4.389,1.563,1.248,1.467,14.84,3.244,-1.407,-3.577,-0.3686,1.76,-0.9515,-0.2064,-0.8262,-0.6225,1.559,-4.338,-1.838,6.741,6.942,3.376,-0.5177,2.455,5.05,5.07,5.717,-1.086,-5.291,-0.497,5.894,7.629,0.7495,0.1402,2.67,5.205,1.294,-8.246,-5.547,-4.838,3.616
1048,1.01,3.186,-1.251,2.912,3.246,-2.119,1.13,1.15,4.029,-2.045,-3.177,-7.251,-16.17,1.198,6.14,5.763,3.279,-6.595,-4.179,-2.606,3.022,3.139,2.296,13.68,3.354,1.9,-0.5854,-1.208,3.297,-1.959,-0.0197,0.6881,-1.097,2.448,-3.534,-0.8306,4.839,6.192,1.282,-0.8722,5.487,5.05,5.07,6.429,0.1316,-4.039,-0.5449,5.696,12.74,-1.289,-3.211,1.483,5.793,2.28,-10.67,-4.014,-4.162,1.223
1049,1.01,3.327,7.83,4.727,2.385,0.7322,1.13,1.15,3.331,3.531,-1.24,-5.276,-13.9,5.271,5.427,5.219,1.11,-3.245,-4.382,-2.428,-0.1248,2.373,0.6434,14.49,4.218,0.2104,-1.944,-1.845,1.192,0.4058,1.045,-0.0188,0.1283,0.8935,-1.401,-1.054,7.732,4.437,-0.4846,-0.6176,1.512,5.05,5.07,5.519,-4.646,-4.825,-0.5227,6.21,8.474,-4.055,-0.4425,2.138,3.552,3.197,-10.43,-4.831,-3.923,3.029
1050,1.01,1.068,2.594,2.692,-0.6615,-0.9118,1.13,1.15,5.66,-2.066,-2.072,-3.301,-16.52,4.334,7.1,8.502,3.449,-5.972,-5.567,-2.208,-1.354,1.49,0.1988,14.57,3.292,-0.5463,-3.187,-1.235,1.242,-0.7715,1.563,2.067,0.7109,0.5076,-3.456,-3.009,5.69,6.15,4.632,-1.75,3.388,5.05,5.07,2.802,2.937,-5.789,-0.688,6.574,9.452,-1.541,-3.197,4.269,5.137,3.064,-10.06,-5.286,-3.644,1.238
1051,1.01,0.8376,3.215,4.677,2.615,-1.205,1.13,1.15,4.671,2.143,-2.89,-3.449,-14.81,2.461,6.05,8.803,0.7385,-5.751,-4.967,-3.075,0.5515,4.04,1.031,14.43,3.322,-0.7431,-1.64,1.841,1.308,-2.351,0.4196,0.2912,-1.13,1.071,-2.41,-0.2237,6.217,4.827,1.764,-0.1028,3.898,5.05,5.07,7.398,0.3716,-4.575,1.539,5.448,10.32,-0.8825,-3.107,0.5174,2.661,2.467,-9.862,-0.3915,-6.706,3.668
1052,1.01,2.606,-3.243,3.391,1.498,-1.612,1.13,1.15,4.688,-1.865,-1.5,-2.782,-16.64,0.7963,5.736,4.647,2.986,-5.228,-5.388,-2.792,-1.309,1.958,1.307,15.5,2.23,1.196,-3.492,0.567,1.879,-2.515,-3.486,-0.4086,-0.063,-0.2205,-2.291,-0.9839,7.909,4.99,2.245,-3.734,3.318,5.05,5.07,5.04,-2.781,-5.614,0.1622,3.286,9.798,-1.173,-5.522,2.056,5.721,4.501,-10.84,-3.095,-4.783,3.513
1053,1.01,2.501,2.03,5.698,0.8639,-0.0345,1.13,1.15,2.716,0.3788,-3.962,-4.505,-15.06,2.072,6.841,5.565,-2.353,-10.72,-4.621,-3.569,0.2197,2.826,1.3,13.38,4.302,1.939,-2.952,-2.015,2.97,-4.72,0.926,2.087,1.099,-0.0006,-3.916,-3.849,5.61,4.334,1.567,-1.775,5.6,5.05,5.07,3.959,-1.821,-4.209,1.45,3.452,6.725,-3.242,-0.0786,1.793,3.536,1.947,-11.18,-3.971,-5.493,3.168
1054,1.01,1.561,-3.557,2.322,0.9345,0.5743,1.13,1.15,3.659,1.69,-1.584,-4.941,-14.09,2.234,6.096,4.992,2.77,-6.128,-5.616,-4.832,1.117,2.611,-1.371,12.6,1.851,2.167,0.3312,-3.056,0.2006,0.1177,-0.1737,1.388,-0.5485,0.6626,-2.992,-0.2979,6.72,7.132,4.811,0.3101,1.422,5.05,5.07,3.944,1.627,-3.358,-3.086,5.328,12.3,-2.077,-1.534,0.7888,2.87,0.8911,-11.22,-0.5007,-4.75,1.001
1055,1.01,0.3668,2.73,3.876,4.605,-0.2585,1.13,1.15,2.44,2.063,-4.799,-6.115,-16.87,3.674,6.347,6.369,1.196,-5.458,-2.549,-2.043,2.87,4.333,1.213,10.74,2.305,3.591,-2.68,-2.302,0.5614,-1.603,0.6101,0.6356,-1.79,-1.344,-3.244,-1.9,8.016,6.285,3.449,-1.604,4.092,5.05,5.07,4.148,-5.827,-2.54,1.521,6.842,7.706,-4.082,-0.6298,1.488,1.264,2.8,-11.08,-3.845,-6.602,3.152
1056,1.01,3.852,0.7007,3.142,-0.2275,0.1303,1.13,1.15,5.031,-2.166,-4.011,-3.164,-17.13,3.123,8.015,5.507,1.101,-6.55,-5.838,-2.165,0.8442,-0.042,-0.5434,14.72,1.48,0.5876,-3.608,-2.633,1.469,-2.158,4.49,-0.6622,1.629,0.4792,0.332,-1.693,7.481,5.271,1.335,-1.464,3.811,5.05,5.07,2.975,-4.508,-5.504,-0.3044,4.309,4.499,-3.541,0.0166,3.046,2.503,1.919,-8.991,-4.187,-9.938,2.826
1057,1.01,2.215,0.2789,1.018,-0.6081,0.7192,1.13,1.15,4.972,-0.8569,-4.014,-3.117,-16.33,3.373,6.398,8.191,-0.7603,-4.929,-3.169,-2.527,-2.187,2.614,-0.1568,13.08,4.897,0.4604,-1.578,0.2045,1.872,-0.98,0.0686,1.102,0.5411,0.1812,0.4938,-0.1313,6.543,4.915,5.153,-1.667,4.653,5.05,5.07,4.365,-1.636,-5.738,0.0234,2.319,5.791,-2.946,1.488,0.6286,4.806,1.796,-9.357,-5.079,-9.363,4.879
1058,1.01,0.3881,-0.7522,6.032,0.8911,0.9446,1.13,1.15,1.823,0.009,-3.516,-4.517,-17.08,4.468,6.377,6.791,1.47,-5.647,-3.272,-3.539,1.329,-0.1741,1.003,12.2,3.701,3.954,-1.614,-1.06,0.7624,-1.621,2.054,0.7497,-0.0186,0.2939,-1.16,-1.207,5.054,4.417,3.739,0.213,0.3955,5.05,5.07,2.924,0.4727,-3.143,0.3121,3.417,10.61,-4.806,-2.192,-0.1428,4.459,2.202,-11.11,-6.288,-10.54,5.359
1059,1.01,1.445,-1.536,5.876,-0.7071,2.644,1.13,1.15,3.265,-0.0081,-3.114,-5.048,-17.58,2.628,6.732,5.559,0.3148,-7.659,-7.615,-3.491,0.7362,0.1503,0.6089,12.16,3.812,-0.8258,-0.8453,-2.157,0.0703,-3.077,1.07,1.029,0.5885,-0.0666,-0.4035,-0.34,6.217,5.862,1.47,-4.578,3.123,5.05,5.07,4.731,-2.782,-6.92,0.3889,3.674,5.785,-2.269,-0.1912,0.2152,5.332,2.681,-8.257,-6.619,-6.326,3.8
1060,1.01,4.424,-2.114,3.717,-0.0429,0.634,1.13,1.15,2.546,-0.7315,-6.536,-2.214,-16.0,1.064,7.55,6.048,0.8579,-2.349,-5.643,-2.884,3.361,0.1119,0.529,14.15,2.017,3.646,-7.144,-3.454,0.8877,-1.253,-1.448,-0.4674,-1.378,1.451,-0.7395,0.7275,5.706,7.102,2.831,-0.8235,2.642,5.05,5.07,2.797,-1.944,-3.481,1.774,4.653,9.044,-1.97,-0.0904,2.599,4.473,0.763,-10.71,-4.499,-3.166,2.696
1061,1.01,4.063,-1.723,6.007,2.918,-1.287,1.13,1.15,3.108,2.244,-1.727,-3.942,-18.65,1.915,6.514,6.936,0.3861,-8.414,-4.39,-4.904,2.123,0.3392,-1.398,12.78,2.793,0.6557,-2.401,-2.248,1.933,0.7452,-1.158,0.3076,-0.8032,-0.0542,-1.146,-0.7704,7.237,3.826,3.242,-3.471,4.988,5.05,5.07,4.821,-4.297,-5.342,-3.175,4.384,8.908,-0.3288,-2.503,3.433,4.742,2.039,-10.43,-6.667,-7.4,2.232
1062,1.01,1.733,2.141,3.975,0.3104,-2.207,1.13,1.15,4.721,3.545,-4.747,-4.261,-17.37,2.45,7.848,9.021,-1.037,-6.57,-3.545,-2.306,-0.2622,1.405,0.5368,14.13,1.04,-0.4525,-0.7475,-3.383,2.439,-1.263,0.1554,2.667,-1.122,0.8269,0.4814,-0.2456,5.244,5.3,2.409,-3.006,4.692,5.05,5.07,4.588,-0.2314,-6.71,0.7428,0.8265,5.037,-1.121,1.214,0.377,4.173,1.599,-8.96,-5.893,-5.003,3.1
1063,1.01,2.212,0.1011,0.8806,-0.1676,-0.4428,1.13,1.15,1.283,2.186,-3.415,-4.624,-14.7,1.77,7.306,6.047,1.65,-4.956,-3.269,-4.185,-0.134,1.345,0.8979,14.01,4.258,-0.2038,-1.34,-1.395,2.444,-3.019,2.024,1.488,0.0982,1.187,-4.144,1.06,4.648,4.57,4.351,-0.9191,4.796,5.05,5.07,3.2,-5.128,-6.467,0.2201,5.318,12.36,-3.727,-0.66,1.663,3.22,1.181,-9.261,-2.553,-6.433,2.125
1064,1.01,3.904,-0.2951,5.599,2.911,-0.2327,1.13,1.15,5.216,2.211,-0.6618,-2.429,-16.47,3.737,4.947,4.311,0.2918,-5.677,-4.035,-3.632,0.5336,3.915,-0.7368,10.66,4.803,0.4671,-0.4454,-1.316,3.456,-0.491,1.703,1.315,-1.386,-2.249,-2.934,-0.1577,4.965,3.056,1.13,-3.204,5.602,5.05,5.07,4.787,-3.576,-4.057,-0.6834,4.13,10.2,-5.42,-2.197,1.923,4.829,1.611,-10.27,-3.755,-2.858,3.534
1065,1.01,1.752,2.731,4.433,0.8358,-2.102,1.13,1.15,1.278,0.1996,-3.685,-3.799,-16.85,2.413,4.895,5.241,2.666,-5.754,-5.076,-2.155,2.66,2.335,1.712,14.32,3.74,1.605,-5.28,-5.118,1.642,-0.946,-0.2239,0.0672,-2.218,0.8804,-3.484,-0.7584,6.216,2.401,3.074,-3.039,2.848,5.05,5.07,3.092,-2.489,-4.274,-1.482,3.729,9.697,-2.46,-5.129,1.842,3.532,2.482,-8.585,-4.164,-7.665,2.804
1066,1.01,1.387,-2.833,2.295,0.0417,-0.4615,1.13,1.15,-0.8753,0.8524,-4.127,-4.488,-16.14,4.154,5.187,4.544,0.5031,-3.817,-2.705,-4.044,1.535,0.1009,-0.7225,16.96,5.241,2.179,0.4656,-1.509,1.278,0.1178,1.506,-0.7339,-0.5994,0.7693,-1.826,-0.3797,6.033,3.247,1.806,0.2898,4.676,5.05,5.07,3.121,-5.922,-4.393,-0.5988,5.346,6.72,-2.027,0.2864,0.7751,3.601,1.795,-9.093,-6.14,-7.982,4.843
1067,1.01,1.329,-0.9671,3.502,1.426,1.562,1.13,1.15,4.634,2.011,-1.06,-3.48,-18.23,2.621,6.466,7.747,2.078,-5.937,-3.719,-1.514,-0.0066,2.633,-3.109,15.24,2.608,0.7445,-2.989,-0.6466,1.417,-3.146,-0.8984,-0.1127,0.076,0.7834,-4.294,-1.2,5.755,4.893,5.6,-3.112,4.244,5.05,5.07,3.675,-3.182,-6.165,-0.2343,4.357,1.868,-5.265,-5.092,2.051,4.366,3.344,-9.415,-4.145,-5.551,0.9113
1068,1.01,2.772,-0.7188,4.995,3.486,0.8396,1.13,1.15,3.969,2.78,-2.236,-1.479,-15.24,0.1098,4.89,7.13,2.275,-5.049,-5.302,-4.701,-1.575,2.955,0.8557,14.97,5.687,-0.6697,-2.808,-1.634,1.749,-1.838,1.089,-0.3075,-0.9544,1.715,-0.8983,-1.388,5.883,6.429,1.606,-3.918,1.78,5.05,5.07,3.997,-6.568,-4.568,-0.8454,4.433,6.48,-2.05,-2.26,-0.3389,5.322,3.086,-9.336,-2.239,-3.954,3.541
1069,1.01,1.3,0.2377,3.74,1.132,-0.4911,1.13,1.15,4.501,3.01,-4.311,-2.4,-15.46,0.2543,5.07,6.766,-0.7733,-5.549,-1.58,-2.503,-0.5605,2.0,-0.02,16.5,5.179,-0.6807,-2.228,-0.908,4.918,-0.8987,2.739,0.7021,-0.9698,1.272,-1.107,-1.673,5.184,7.138,2.209,-2.026,2.048,5.05,5.07,5.403,-3.084,-3.532,-1.474,4.814,8.591,-4.123,-2.347,1.548,4.139,-0.1515,-7.981,-3.549,-4.476,3.899
1070,1.01,1.542,0.3624,3.85,-0.7817,0.3944,1.13,1.15,3.219,-0.4459,-4.618,-5.314,-15.19,3.801,6.899,6.671,1.863,-9.336,-4.583,-2.003,-1.123,-0.8744,0.2205,15.08,4.349,0.0816,-5.005,-2.69,4.253,-2.573,0.0068,2.619,1.768,-0.4815,-0.8922,-0.0605,6.458,8.102,4.856,-0.8938,5.032,5.05,5.07,2.278,-0.4522,-7.437,-1.725,4.413,7.023,-3.192,-3.753,1.899,2.509,1.443,-8.62,-2.969,-2.216,3.16
1071,1.01,2.037,-3.597,2.405,0.7711,-0.0867,1.13,1.15,5.921,0.2213,-1.737,-3.615,-16.55,3.512,3.551,7.164,-1.015,-7.195,-3.08,-2.32,0.2818,2.776,0.1783,15.99,2.713,1.746,-1.167,-1.321,1.679,-4.537,1.487,1.806,-1.895,1.116,1.09,-0.9844,5.198,6.948,1.425,-3.642,3.897,5.05,5.07,2.81,-1.569,-3.538,0.3524,2.359,9.86,-0.2216,-0.8244,0.8133,3.656,1.183,-10.23,-6.392,-7.3,2.551
1072,1.01,4.726,-2.081,4.347,1.18,0.4512,1.13,1.15,2.734,0.2571,-4.714,-5.034,-15.8,4.336,6.901,6.65,0.7733,-4.82,-6.55,-1.825,-1.086,5.529,-4.093,13.66,1.738,-0.6511,-0.1064,-2.449,3.257,-1.74,2.566,1.999,-0.2444,-2.897,-2.947,-0.1162,4.965,5.441,2.207,-1.944,4.962,5.05,5.07,5.449,-0.621,-3.808,0.5457,5.47,10.04,-4.94,-6.28,2.363,5.404,2.316,-10.93,-2.619,-7.706,1.497
1073,1.01,2.075,1.159,3.651,1.33,-1.276,1.13,1.15,6.46,1.966,-3.228,-3.681,-14.15,-0.5328,6.155,2.957,0.067,-5.421,-2.165,-2.887,1.429,0.5402,1.667,12.7,3.841,-0.2788,-0.8523,-5.189,-0.0106,-0.9218,1.748,3.518,0.2036,1.477,-1.643,-0.4114,5.467,7.332,2.982,-2.324,4.569,5.05,5.07,4.335,0.6319,-4.453,0.2714,2.128,7.988,-4.724,-1.596,1.063,1.455,2.117,-10.05,-5.119,-3.192,2.308
1074,1.01,1.713,-1.08,2.608,0.091,1.073,1.13,1.15,3.678,1.069,-2.785,-4.328,-16.62,1.115,2.528,5.779,3.344,-3.566,-5.054,-4.979,0.6202,3.367,-1.919,16.07,3.965,-0.4458,-3.132,-0.6604,1.277,-1.138,-0.098,-1.879,2.478,4.229,-2.653,-1.104,4.461,6.168,4.712,-1.287,3.342,5.05,5.07,4.292,-2.868,-5.088,3.746,4.841,10.9,-0.6938,-2.981,1.673,4.284,1.191,-11.45,-2.174,-3.038,2.883
1075,1.01,1.436,-1.424,6.087,2.627,2.381,1.13,1.15,4.538,-0.755,-3.334,-3.607,-17.11,2.267,4.715,4.556,1.091,-5.838,-5.516,-2.093,3.714,2.187,-0.3158,12.48,4.038,-0.1464,-2.231,-1.534,2.637,-0.9418,1.873,0.7105,-1.215,-3.02,-1.775,-2.65,6.782,5.68,3.575,-2.253,1.779,5.05,5.07,3.552,-2.202,-3.015,1.406,2.197,8.141,-2.125,-3.719,1.958,2.872,1.822,-9.68,-3.146,-3.552,3.845
1076,1.01,1.651,-4.237,5.913,0.3156,2.237,1.13,1.15,3.956,1.482,-0.4847,-4.837,-15.34,2.487,7.587,5.97,0.3815,-4.173,-4.828,-2.758,0.3463,4.551,0.7502,13.14,2.376,2.668,-1.771,-3.026,-0.1173,-1.858,-3.166,0.338,-0.3449,0.3201,-2.498,-3.487,5.337,5.959,2.602,0.5905,4.526,5.05,5.07,3.106,-4.316,-4.53,-1.73,6.138,8.049,-4.015,-1.615,2.579,3.248,2.515,-10.37,-3.469,-7.7,2.766
1077,1.01,1.92,-0.4873,2.344,0.3959,0.5682,1.13,1.15,3.555,0.8587,-1.479,-6.791,-15.91,2.557,4.736,7.445,0.216,-5.879,-5.559,-2.643,2.057,0.8297,-2.919,13.02,4.24,-0.0386,-0.0184,-3.238,0.3453,-1.309,0.0693,0.6512,-0.7977,0.7383,-3.86,-1.1,6.261,4.119,1.053,-2.26,2.483,5.05,5.07,3.858,-2.988,-5.214,-2.657,3.626,12.06,0.1103,-1.92,1.096,1.611,3.336,-9.92,-2.778,-4.179,3.465
1078,1.01,3.92,2.476,5.534,1.837,-1.401,1.13,1.15,3.349,1.282,-2.511,-3.734,-17.52,3.971,4.398,6.884,-0.0756,-8.699,-4.535,-4.059,1.69,1.086,2.55,14.13,3.535,0.1888,-4.345,-2.558,-0.0008,-1.7,2.524,-0.3983,-1.274,-1.588,-2.765,-1.011,7.714,1.113,2.252,-3.553,2.39,5.05,5.07,-0.147,-3.268,-4.293,-1.904,2.22,2.946,0.0129,-4.204,1.094,4.626,0.0947,-12.22,-6.081,-7.014,4.234
1079,1.01,2.827,0.5317,3.887,0.3201,-0.6282,1.13,1.15,3.406,1.384,-4.335,-5.064,-16.01,3.819,5.453,6.031,1.876,-6.87,-4.557,-0.5203,-0.1388,-0.868,2.662,12.14,2.88,1.509,-1.365,-2.761,-0.6665,-6.202,-1.136,1.881,-0.7295,1.477,-2.189,-0.837,6.338,4.885,0.7202,-0.847,2.511,5.05,5.07,2.218,-1.84,-5.349,-2.698,4.335,9.958,-2.037,-1.474,1.564,2.01,1.671,-9.993,-4.687,-7.051,3.554
1080,1.01,1.316,3.786,3.407,-0.5572,2.06,1.13,1.15,3.517,-1.509,-1.253,-2.365,-15.33,3.067,6.083,5.328,1.429,-5.907,-5.452,-0.3866,1.089,0.7164,-0.8211,11.77,3.64,0.093,-1.826,-0.7854,3.899,-1.398,-0.0777,1.114,3.107,1.497,-1.397,-1.956,4.638,5.55,1.255,-0.538,2.836,5.05,5.07,4.346,-0.2542,-3.439,-2.632,3.572,5.354,-3.243,-2.492,-0.0192,1.927,0.7461,-10.37,-3.229,-4.656,2.959
1081,1.01,1.114,1.17,6.066,3.787,3.005,1.13,1.15,2.983,1.112,-5.21,-3.831,-15.39,1.737,5.272,6.473,0.8102,-4.749,-2.127,-4.245,0.0644,2.809,2.754,13.31,5.042,1.085,-2.898,-0.3172,1.044,-0.997,-0.74,0.8407,0.9918,-0.9731,-1.278,-0.0682,7.73,6.518,2.425,-2.453,3.76,5.05,5.07,5.036,-1.739,-1.71,-0.3299,3.626,11.06,0.0129,-2.292,2.62,1.935,1.303,-11.23,-3.286,-7.283,3.715
1082,1.01,2.937,1.972,2.574,-0.2527,1.658,1.13,1.15,1.815,0.2025,-2.941,-4.836,-15.6,-0.1181,5.207,7.233,-1.617,-5.506,-4.969,-2.559,1.598,0.1866,-1.274,12.8,2.772,1.321,-0.9682,-4.024,0.7015,-2.087,0.4978,0.0638,2.182,0.3124,-4.641,-1.23,5.19,6.487,3.024,-3.111,0.4758,5.05,5.07,4.263,-1.409,-3.333,0.8596,5.277,7.736,-4.579,-4.798,1.188,6.305,3.107,-10.15,-2.37,-6.565,4.49
1083,1.01,0.982,-2.846,5.014,-0.5321,0.1614,1.13,1.15,4.035,2.892,-3.015,-3.895,-16.93,0.8052,6.821,4.988,0.4081,-5.29,-3.285,-3.91,1.928,0.1053,0.49,13.0,4.654,1.124,-1.267,0.0691,3.644,-2.054,1.835,0.2897,-0.4288,0.2139,-0.539,-2.076,7.193,3.76,3.186,-3.637,4.609,5.05,5.07,2.065,-2.574,-6.637,1.39,6.388,6.682,-2.249,-0.0561,0.4923,5.879,0.8583,-11.36,-4.075,-2.588,0.7704
1084,1.01,1.552,-1.046,3.271,3.569,-2.426,1.13,1.15,4.549,1.549,-4.754,-3.484,-14.92,4.541,7.651,5.164,0.1184,-3.281,-3.224,-3.922,-1.286,2.38,0.9694,9.732,2.554,1.191,-3.282,-2.528,0.9299,-1.493,-3.328,0.2226,-1.205,0.6083,-2.885,-1.332,6.085,5.844,2.309,-2.106,3.128,5.05,5.07,6.625,-1.865,-6.729,0.2573,5.81,3.682,-2.827,-3.697,0.9335,2.125,0.9788,-10.37,-3.495,-3.165,2.905
1085,1.01,1.568,3.573,0.6727,0.0824,2.334,1.13,1.15,1.296,-1.933,-1.495,-3.804,-17.85,0.6545,6.494,4.567,2.021,-5.738,-4.129,-2.218,-0.4329,1.438,-0.8937,13.66,4.861,-0.9935,-2.966,-2.403,1.744,-0.2434,-2.254,1.102,1.5,2.59,-0.3529,-1.623,6.709,6.5,1.94,-2.456,3.506,5.05,5.07,5.339,-0.6945,-5.056,-1.06,3.515,7.036,-2.385,-2.15,-0.2121,2.358,1.533,-9.595,-3.517,-3.934,2.878
1086,1.01,2.486,1.602,4.107,2.609,-1.367,1.13,1.15,3.324,3.454,-4.259,-2.958,-15.03,3.117,7.159,5.613,0.6316,-4.814,-1.109,-2.459,1.01,2.516,-2.201,13.71,3.931,-0.657,-2.213,-2.041,1.044,-0.2453,0.8975,1.528,-1.487,0.4826,0.3854,1.477,5.432,5.021,1.659,-4.451,3.701,5.05,5.07,3.867,-4.313,-4.602,0.671,4.295,10.12,-4.133,-1.555,0.2565,3.557,2.884,-9.055,-7.774,-3.893,2.904
1087,1.01,0.4529,4.218,4.252,2.033,0.4836,1.13,1.15,6.488,2.413,-4.354,-3.236,-13.89,1.111,4.801,7.155,0.508,-5.387,-4.958,-1.956,-2.38,3.835,-2.21,14.17,2.39,1.018,-3.153,-0.0685,2.727,-2.097,0.5617,1.142,1.906,-0.4175,-1.883,-1.103,7.821,2.936,2.111,-5.411,2.086,5.05,5.07,4.215,0.5325,-4.125,-1.74,6.061,9.499,-4.032,-4.683,0.7906,3.164,0.6743,-11.07,-4.208,-3.534,1.376
1088,1.01,1.648,-3.924,2.418,4.028,-2.311,1.13,1.15,4.927,1.008,-4.566,-3.483,-17.39,3.042,4.486,4.547,3.801,-7.291,-4.76,-4.693,2.15,3.215,-1.024,13.83,1.915,-1.52,-1.257,-3.505,1.833,-3.534,0.0427,0.2066,0.112,-1.513,-2.312,-1.79,4.51,4.859,1.341,-3.206,0.1496,5.05,5.07,2.026,-1.309,-4.462,0.1407,4.276,8.667,-2.822,-4.043,-0.4819,3.547,0.3688,-10.53,-6.158,-5.653,2.937
1089,1.01,5.489,-4.384,4.934,-1.494,-1.356,1.13,1.15,5.474,0.1947,0.4567,-1.312,-15.0,2.418,7.223,7.086,-0.0576,-5.471,-2.923,-3.645,1.269,1.975,-1.32,12.88,2.756,-2.386,0.3235,0.5647,3.7,-0.2609,2.347,-0.822,1.279,3.383,-4.843,-0.6512,4.867,5.39,4.367,0.4663,1.684,5.05,5.07,4.465,-1.918,-7.377,1.84,4.234,9.571,-2.308,-0.1628,1.436,5.337,0.1451,-11.33,-2.33,-5.874,2.635
1090,1.01,-0.0227,0.0174,5.78,5.468,-0.3894,1.13,1.15,2.967,-1.554,-2.656,-2.521,-14.66,3.128,6.404,4.449,1.463,-5.794,-4.447,-1.683,1.057,4.606,0.8903,12.05,3.035,1.773,-3.553,-0.8998,0.4909,0.1509,-1.447,-1.56,1.195,-0.8142,-2.53,-1.716,5.718,4.287,1.489,-4.029,2.217,5.05,5.07,6.04,0.9668,-4.851,0.5336,3.807,5.078,-2.837,1.031,0.5434,2.839,1.67,-11.05,-5.124,-4.783,1.195
1091,1.01,2.908,2.009,4.907,2.1,2.848,1.13,1.15,3.808,2.368,-1.785,-5.405,-15.6,2.943,5.61,4.511,1.0,-7.11,-4.481,-1.601,2.837,3.019,-0.5541,12.82,4.308,-1.223,-2.656,-1.576,2.099,-1.713,-1.266,1.575,2.425,2.521,-3.632,-2.141,3.955,6.862,4.224,-5.026,2.766,5.05,5.07,4.722,-2.136,-4.98,-1.16,5.397,11.15,-3.251,1.202,1.349,2.461,2.965,-8.72,-6.797,-6.195,2.273
1092,1.01,0.5687,-3.408,4.424,1.619,-0.5931,1.13,1.15,5.093,2.357,-2.794,-2.37,-14.35,4.039,4.559,5.638,0.8333,-5.305,-4.885,-3.267,-1.13,1.676,-2.594,13.87,4.212,-2.004,-3.14,-2.458,0.7912,-2.518,-3.344,2.407,0.1401,1.224,-2.473,-1.935,6.183,6.145,1.832,-0.6677,1.053,5.05,5.07,3.052,-1.909,-4.526,-1.141,2.456,6.301,-1.345,-0.828,1.04,3.446,1.815,-10.65,-3.528,-3.89,1.472
1093,1.01,3.547,-0.7782,2.689,0.6707,1.125,1.13,1.15,4.394,3.579,-2.011,-4.966,-14.78,3.416,5.971,6.583,0.6421,-5.362,-3.619,-3.093,1.764,1.181,0.576,14.59,4.168,-1.715,1.095,-2.329,1.521,-2.291,2.747,0.4458,2.15,0.3588,-1.046,-0.6011,6.179,5.651,4.271,-4.271,4.133,5.05,5.07,4.647,-3.976,-4.775,-0.5801,5.158,6.303,-2.029,-1.282,0.4744,6.591,2.568,-10.97,-4.752,-5.239,3.005
1094,1.01,2.443,6.31,7.434,-1.572,0.3831,1.13,1.15,4.834,-0.2752,-4.346,-4.578,-16.88,3.801,8.234,6.24,0.6197,-6.749,-5.45,-2.495,1.505,-0.2158,2.872,11.51,2.428,0.3231,-1.71,-2.135,0.6591,-1.917,0.8286,2.509,-1.405,1.956,-1.974,-1.377,4.836,5.356,2.577,-2.505,3.355,5.05,5.07,3.092,-3.426,-3.894,-0.2216,5.596,8.556,-2.929,-3.734,0.0547,2.691,1.674,-8.988,-5.632,-4.969,3.5
1095,1.01,2.086,-0.6917,3.614,2.222,-2.86,1.13,1.15,4.072,1.037,-3.869,-1.421,-16.69,3.628,3.965,5.008,0.3931,-8.108,-1.361,-1.71,2.922,0.5752,1.659,12.86,1.842,0.639,-4.088,-2.92,1.014,-0.7534,-0.5614,0.5222,0.9096,0.4199,-0.4925,-0.9409,7.407,5.594,1.773,-3.146,4.976,5.05,5.07,5.191,-3.463,-4.135,1.686,2.906,10.3,-2.215,-3.029,0.916,4.217,0.5091,-10.34,-5.494,-8.251,1.89
1096,1.01,0.5835,-4.198,3.275,0.7172,-1.236,1.13,1.15,4.86,1.734,-1.878,-5.501,-14.77,1.123,6.499,6.617,1.471,-5.187,-3.64,-4.373,0.3923,-0.4636,-1.292,11.6,3.462,1.407,-2.017,-0.3608,0.7972,-3.766,-1.022,-0.1351,-0.1289,0.179,-4.597,-1.69,6.324,2.928,2.267,-4.203,0.3512,5.05,5.07,2.974,-2.015,-5.919,0.3779,6.749,6.178,-3.582,-1.566,0.4722,3.648,1.669,-11.15,-3.315,-7.246,2.478
1097,1.01,1.932,-2.041,4.224,-0.3097,2.571,1.13,1.15,2.858,1.061,-3.448,-4.023,-13.51,1.689,5.994,5.245,2.271,-6.665,-5.727,-4.092,3.05,-0.4866,-1.829,13.76,6.077,-1.912,-1.752,-0.513,2.186,-2.145,-1.182,0.4226,0.207,2.175,-2.994,-1.206,4.673,5.172,2.47,-4.465,2.653,5.05,5.07,3.79,-0.422,-4.237,-0.9955,5.9,4.308,-1.555,-2.452,0.6324,4.777,3.755,-8.153,-3.234,-4.41,4.524
1098,1.01,3.509,2.227,5.625,2.955,2.571,1.13,1.15,1.98,1.073,-5.356,-3.089,-15.44,2.743,5.214,4.059,1.721,-6.552,-4.799,-3.204,1.468,3.339,-2.57,12.0,4.543,-0.1241,-2.319,-3.099,1.991,-1.743,-2.51,-0.6723,-0.8828,-1.347,-2.777,-2.724,5.945,8.211,1.118,-2.27,2.161,5.05,5.07,5.011,-7.703,-6.089,1.71,6.149,8.536,-2.926,-7.787,0.6571,3.433,1.77,-10.0,-4.392,-6.432,3.038
1099,1.01,1.805,3.41,2.756,2.377,-0.752,1.13,1.15,3.21,-1.119,-2.278,-4.273,-14.99,1.86,6.556,6.781,3.072,-5.52,-3.692,-2.679,2.338,3.476,-0.662,13.17,4.997,0.6003,-2.767,-1.301,-0.3194,-1.734,-0.5064,-1.373,-0.4559,-2.619,-1.694,-1.594,6.768,5.414,1.924,-4.447,1.055,5.05,5.07,4.488,-1.27,-5.329,0.3059,5.849,7.687,-3.534,-4.578,0.6266,4.078,1.919,-11.62,-6.119,-4.427,2.847
1100,1.01,2.6,-5.487,2.778,0.5143,1.239,1.13,1.15,2.53,-0.8488,-4.519,-3.057,-16.89,1.044,5.959,6.541,3.742,-6.143,-4.675,-1.93,0.5958,2.02,-1.607,13.48,1.249,2.812,-1.751,-1.644,1.892,-2.886,1.443,2.039,-2.049,-0.0578,-4.257,-1.75,4.056,8.85,4.104,-1.928,1.988,5.05,5.07,7.113,-4.093,-6.025,-0.1719,3.892,10.93,-2.935,1.324,-0.9938,2.233,3.189,-10.67,-5.927,-7.406,3.394
1101,1.01,2.047,0.2013,4.616,1.955,-4.457,1.13,1.15,3.785,1.902,-2.868,-3.759,-14.82,3.275,4.851,5.083,-1.241,-6.408,-4.386,-6.098,-1.314,-0.0976,-1.957,13.77,3.542,0.8579,-0.879,0.1169,0.3919,-2.229,-0.513,0.5193,-0.7847,2.146,-2.54,-0.3861,4.345,7.476,-2.681,-1.527,0.3663,5.05,5.07,4.113,-1.816,-7.483,-1.054,5.951,10.9,-2.547,-3.433,0.2317,-0.2456,-0.1928,-11.56,-4.961,-4.587,4.749
1102,1.01,0.8669,2.601,3.512,1.793,-2.358,1.13,1.15,3.263,4.358,-3.214,-3.275,-14.57,1.089,3.974,7.241,-0.3026,-5.116,-3.195,-1.537,-2.125,1.324,-2.758,13.53,4.311,0.3798,-6.586,-4.532,-1.795,-1.659,1.35,0.1981,-1.431,0.1682,-4.239,0.5992,5.402,5.429,1.203,-4.357,1.95,5.05,5.07,5.097,-2.781,-3.761,-1.544,5.558,6.68,-3.238,-4.949,0.5228,2.76,2.27,-9.022,-4.375,-7.238,2.328
1103,1.01,2.772,0.2479,3.094,0.6716,-1.375,1.13,1.15,-1.818,1.878,-1.452,-3.163,-16.06,2.49,6.047,6.508,0.8427,-8.774,-4.225,-3.535,-1.528,0.336,1.628,11.82,4.253,-0.0555,0.6817,-2.984,1.692,-3.466,2.743,-0.0131,-0.753,1.495,-2.639,-0.1731,6.657,3.014,4.109,-4.359,5.022,5.05,5.07,4.647,-4.643,-4.258,0.7046,3.52,8.47,-0.1188,-4.845,0.2867,3.478,0.5317,-9.959,-3.249,-7.481,1.983
1104,1.01,3.756,6.141,3.115,1.451,0.5047,1.13,1.15,3.538,1.514,-3.549,-3.468,-15.87,4.634,5.637,6.984,0.5624,-6.772,-4.83,-3.379,0.6844,-2.889,-0.0644,13.37,5.884,2.169,-2.372,-0.844,-0.3027,-2.791,2.655,0.0273,0.0245,-0.8102,-1.384,-0.4595,6.42,5.29,2.684,-3.903,3.472,5.05,5.07,6.196,-2.701,-3.252,-1.64,2.357,8.895,-0.0969,-2.759,0.1528,4.443,1.517,-10.42,-3.956,-1.431,3.978
1105,1.01,1.253,-0.8797,4.368,0.379,0.1103,1.13,1.15,4.598,1.129,-1.884,-5.069,-15.03,1.302,5.116,6.012,2.387,-6.029,-2.561,-2.795,-1.338,2.07,0.8714,14.55,3.443,1.247,-3.623,0.8243,2.04,-0.5007,-0.8752,1.229,1.799,0.4328,-2.923,-2.769,7.261,4.163,3.724,-3.822,2.4,5.05,5.07,6.701,-4.411,-5.473,-0.1274,3.764,6.126,-2.138,-1.693,0.5698,2.039,3.845,-8.91,-3.458,-4.745,2.806
1106,1.01,1.05,-0.2646,2.741,1.324,1.747,1.13,1.15,2.215,0.7704,-2.623,-3.696,-16.2,-0.2904,5.53,5.746,0.3436,-5.046,-3.385,-4.378,1.048,2.529,-1.745,10.13,4.097,0.5455,-5.29,-1.919,1.559,-2.965,2.64,-0.9021,-0.4057,-1.346,-0.5028,-2.307,5.732,4.92,2.539,-2.155,1.42,5.05,5.07,2.427,-5.388,-3.545,0.3857,4.492,4.688,-2.073,-4.3,0.1756,2.629,1.233,-9.415,-2.867,-5.966,3.647
1107,1.01,2.357,-0.7104,1.986,1.005,-2.4,1.13,1.15,6.091,2.339,-4.084,-3.217,-15.26,3.861,4.831,6.863,0.4257,-5.883,-4.575,-3.565,1.806,1.546,0.3173,14.3,2.78,1.275,-1.437,-0.8985,1.723,-3.714,4.777,-1.031,0.8277,0.7586,-2.553,-0.1757,6.044,5.764,2.191,-1.882,3.103,5.05,5.07,4.003,-2.09,-7.276,0.3935,4.363,9.734,-4.468,-3.375,1.191,4.69,0.1904,-9.481,-5.021,-4.123,0.4228
1108,1.01,0.2902,1.163,3.454,0.8249,-0.5749,1.13,1.15,3.877,1.605,-3.456,-2.624,-15.98,3.9,4.404,4.069,2.239,-7.531,-5.915,-3.26,-0.3449,1.887,-2.356,12.32,2.72,0.6915,-3.542,-1.214,3.196,-2.516,2.497,-1.134,-0.5793,2.339,-0.4583,-2.492,5.042,4.875,1.095,-1.191,0.6024,5.05,5.07,2.456,0.131,-5.571,0.8584,7.431,6.442,-2.557,0.3927,1.804,2.215,1.332,-10.18,-4.221,-1.106,3.651
1109,1.01,1.949,2.355,3.667,-0.7228,-2.595,1.13,1.15,3.272,1.365,-2.922,-2.775,-14.92,2.042,3.598,3.175,1.574,-5.658,-4.732,-3.053,1.707,3.929,0.6069,12.39,4.392,-0.0396,-2.179,-1.747,0.8632,-1.937,-5.225,1.921,0.5079,1.255,-2.74,-1.964,6.386,4.875,4.931,-3.109,4.123,5.05,5.07,4.001,-0.4817,-6.661,-1.715,5.054,9.086,-1.642,-6.059,0.5222,3.078,-0.189,-10.46,-3.737,-4.459,1.708
1110,1.01,0.6508,-2.087,2.76,1.315,0.36,1.13,1.15,5.905,0.6477,-4.844,-4.373,-15.65,3.55,4.738,5.63,-0.9939,-6.102,-3.538,-3.97,1.814,2.122,1.323,11.67,2.026,1.581,-2.187,-3.381,1.839,-1.418,-4.503,-0.7406,-2.116,2.211,-2.268,-0.7323,5.708,6.051,2.741,-5.268,4.253,5.05,5.07,4.491,-1.051,-6.395,-1.31,1.562,6.535,-2.774,-3.486,-0.0517,1.777,0.3679,-11.98,-4.062,-4.785,0.3838
1111,1.01,1.391,-3.086,3.972,-0.095,-1.292,1.13,1.15,5.295,1.807,-0.3186,-6.108,-15.58,3.535,4.726,7.889,0.4425,-7.146,-5.389,-2.691,4.819,2.794,1.666,13.51,2.52,0.5519,-3.062,-2.389,-0.7563,-0.0588,2.002,1.757,-2.269,-1.052,-3.108,-1.551,5.106,8.291,3.242,-1.742,1.943,5.05,5.07,-0.1303,-0.2289,-6.349,-0.7655,4.623,11.18,-5.265,-6.225,-0.7655,4.43,1.714,-9.535,-3.615,-3.765,0.5902
1112,1.01,3.596,-2.433,0.8284,0.7909,-0.1586,1.13,1.15,3.091,1.38,-3.358,-4.087,-15.56,3.503,3.461,5.33,-0.3551,-5.108,-4.275,-4.985,-0.3198,1.233,-0.5994,12.16,1.292,1.036,-0.4425,0.154,2.506,-0.054,4.689,1.706,0.6131,-3.055,-1.412,-1.195,5.701,7.004,2.235,-1.993,3.507,5.05,5.07,4.718,1.248,-1.981,-1.035,6.533,8.375,-1.063,-3.688,0.5811,2.961,1.119,-10.26,-3.359,-6.658,1.512
1113,1.01,2.248,0.8068,4.23,2.703,-3.149,1.13,1.15,1.836,1.079,-3.418,-0.9638,-16.04,-0.413,6.328,6.104,1.344,-3.637,-5.267,-3.688,0.6843,0.0644,-0.5781,8.917,2.951,1.744,-3.902,-1.977,2.304,-3.917,0.9323,-2.464,1.143,0.8195,-5.771,-0.0027,3.908,4.54,2.03,-4.042,3.136,5.05,5.07,2.82,-4.358,-7.498,-0.6729,5.015,9.977,-2.69,-3.504,0.5666,5.022,2.314,-11.98,-4.734,-2.848,-0.057
1114,1.01,2.48,-3.931,1.968,0.3651,-0.696,1.13,1.15,6.102,1.338,-1.984,-4.111,-15.61,0.3083,5.208,7.018,4.321,-7.417,-4.259,-2.985,0.541,-1.063,-0.3833,16.25,4.127,0.4058,-1.933,-3.972,1.734,-3.867,-1.246,-0.3257,0.0766,-0.9035,-1.765,-0.888,5.054,4.688,2.749,-3.424,3.266,5.05,5.07,4.349,-2.265,-6.923,1.831,3.011,6.569,-1.825,-4.913,0.1167,1.919,0.8784,-11.44,-4.302,-5.865,4.43
1115,1.01,2.299,-1.112,5.276,2.017,1.435,1.13,1.15,2.619,-0.0359,-3.335,-3.882,-15.86,2.51,6.107,4.921,1.233,-2.228,-1.6,-1.057,-1.48,1.157,-2.383,10.32,2.77,0.5096,-1.443,-2.929,2.247,-1.954,0.1597,-0.8028,1.519,-1.747,-0.771,-1.637,5.622,5.319,-0.8041,-4.784,3.368,5.05,5.07,1.972,-3.412,-1.274,0.391,3.312,8.462,-5.759,-2.103,1.204,1.375,1.895,-10.75,-2.733,-5.526,3.19
1116,1.01,4.726,-1.891,4.712,-1.171,1.92,1.13,1.15,2.199,0.6958,-0.8787,-2.83,-15.08,1.692,3.372,6.681,-0.7283,-7.227,-4.415,-2.357,1.999,-2.341,-0.0428,11.04,4.961,0.8391,1.606,-2.315,1.49,-2.151,-1.794,3.463,0.6332,-0.9055,-3.708,-2.352,6.758,6.333,2.676,-4.147,3.474,5.05,5.07,2.838,0.4503,-4.859,-0.259,2.993,8.126,-4.756,-7.907,1.327,1.061,2.816,-10.38,-3.469,-6.902,2.351
1117,1.01,2.521,2.366,4.145,-2.21,-2.653,1.13,1.15,4.999,3.293,-3.534,-3.254,-15.79,3.137,8.212,4.435,-0.6934,-4.776,-5.402,-4.568,2.175,0.808,-2.279,11.99,2.14,-0.4352,-2.988,0.679,-0.0056,-0.522,0.975,0.6649,-0.7286,0.289,-2.638,-1.107,6.805,4.623,3.857,-2.127,0.2399,5.05,5.07,5.444,-3.552,-5.93,-0.7463,3.56,9.22,-2.811,-2.797,0.0978,2.327,3.317,-8.88,-5.278,-5.432,3.333
1118,1.01,2.414,-0.1282,0.7426,0.4347,2.683,1.13,1.15,4.132,1.548,-2.941,-2.907,-15.21,4.179,4.538,4.255,1.997,-5.528,-1.89,-2.674,1.512,0.0378,-0.4745,14.28,5.709,-0.0063,-0.6359,-1.84,1.154,-0.6261,-1.197,1.295,0.975,-1.812,-1.364,1.005,4.312,3.026,2.668,-1.127,5.32,5.05,5.07,2.674,0.5389,-5.859,0.916,6.686,7.27,-5.808,-2.951,2.159,2.08,2.691,-10.68,-4.989,-1.65,3.111
1119,1.01,1.131,-0.3572,2.853,-0.2053,-1.265,1.13,1.15,3.845,1.101,-3.608,-3.119,-16.96,1.182,4.778,4.739,0.0669,-3.378,-4.35,-0.1153,0.4399,0.3165,-0.8459,13.04,3.656,0.9198,-2.165,-0.6077,-0.0478,-3.007,-1.916,0.1156,-1.27,0.5702,-1.619,-2.513,5.606,5.964,5.242,-1.591,4.475,5.05,5.07,3.96,1.879,-7.805,-1.328,3.56,7.516,-4.643,-2.581,1.713,5.518,2.397,-9.415,-3.423,-6.092,1.264
1120,1.01,0.6918,3.365,3.188,0.3738,1.685,1.13,1.15,5.239,0.981,-2.115,-2.605,-16.63,1.767,5.157,5.399,1.809,-6.199,-5.743,-2.774,0.6739,-0.7141,-2.422,12.21,2.914,-1.323,-1.901,-1.377,2.261,-2.591,1.794,1.546,-2.134,-1.108,-2.651,-0.6574,3.79,5.464,1.691,-2.545,2.916,5.05,5.07,3.458,-6.148,-4.579,1.511,2.709,9.327,-4.011,3.066,1.256,2.042,0.898,-10.19,-4.321,-2.367,2.763
1121,1.01,1.147,0.9992,2.749,3.691,-0.3205,1.13,1.15,2.244,1.31,-2.72,-2.294,-15.52,4.124,5.81,5.891,0.7624,-6.473,-4.864,-3.592,3.137,0.5373,-1.743,13.76,3.195,0.0512,-1.197,-0.984,2.02,-1.375,-2.6,-0.3392,-0.1651,-1.451,-1.791,0.606,4.481,3.828,1.979,-1.662,5.798,5.05,5.07,3.731,-3.317,-3.082,-0.4404,3.346,7.556,0.243,-5.513,0.9052,1.954,2.083,-11.21,-4.585,-5.27,3.315
1122,1.01,2.299,2.433,6.695,2.07,-2.455,1.13,1.15,2.293,0.159,-3.171,-1.086,-16.52,3.061,7.783,6.406,-0.411,-8.172,-2.962,-2.877,0.0465,0.2852,-3.367,14.1,2.412,3.249,-0.6301,-5.336,2.244,-0.0704,-1.137,2.032,-0.68,0.7195,-3.662,-1.112,5.642,5.351,2.32,-1.215,1.639,5.05,5.07,6.848,-5.316,-4.708,0.3125,3.422,8.786,0.7909,0.0036,0.1081,0.9122,2.755,-9.957,-4.401,-4.979,4.157
1123,1.01,2.703,0.7217,1.759,1.056,0.5417,1.13,1.15,5.036,0.1776,-2.325,-1.438,-17.65,1.776,6.156,7.042,-0.0004,-6.415,-4.804,-3.619,-2.012,1.61,-0.6061,13.25,5.289,1.44,-1.462,-0.39,2.546,-1.763,-0.1869,-0.4412,1.198,2.338,-3.09,-0.2929,6.569,5.236,3.191,-5.05,2.906,5.05,5.07,5.666,-1.084,-5.537,-0.1012,4.692,10.23,1.716,-2.208,1.374,2.977,1.75,-10.78,-6.158,-5.455,5.1
1124,1.01,2.541,-4.022,2.529,0.581,0.1487,1.13,1.15,4.667,-0.1686,-3.392,-1.965,-16.07,1.055,3.276,4.325,1.295,-5.958,-4.247,-5.269,0.0584,-0.6304,-0.1478,10.65,4.267,-1.592,-0.9185,-3.218,0.2394,-2.136,-0.8481,-0.1547,1.981,3.092,-5.649,-1.982,4.797,4.976,0.7577,-3.538,3.711,5.05,5.07,3.034,0.0638,-6.186,-1.015,1.971,7.366,-1.527,-2.936,0.451,1.881,0.881,-11.4,-3.808,-1.415,1.954
1125,1.01,2.024,-2.298,5.087,-0.2597,-1.663,1.13,1.15,0.6578,0.2629,-2.249,-5.044,-15.72,1.852,4.564,8.201,0.8601,-6.249,-3.893,-2.475,-0.3992,2.064,-4.111,12.74,2.761,2.914,-4.931,-1.957,2.316,-1.535,2.707,-0.327,0.1278,2.322,-3.775,-1.41,5.841,4.508,1.982,-3.578,4.759,5.05,5.07,4.069,-1.172,-6.213,0.708,3.988,8.277,-2.897,-0.1448,1.076,4.238,2.187,-10.28,-4.049,-2.187,2.144
1126,1.01,1.63,-0.8477,4.068,2.922,0.864,1.13,1.15,4.6,1.596,-2.519,-4.528,-15.49,1.171,1.457,4.45,0.0503,-4.992,-4.464,-2.636,-1.629,3.566,-0.3077,12.47,2.156,1.331,-0.7357,-0.6978,1.335,-2.785,2.646,0.6094,-0.9888,0.027,-4.921,-0.1004,4.554,4.63,2.69,-3.413,4.448,5.05,5.07,3.972,-0.7018,-6.603,-0.1358,5.138,9.671,-0.768,-1.695,1.335,3.068,2.942,-10.91,-3.66,-4.792,2.803
1127,1.01,2.023,-3.426,2.415,0.054,2.253,1.13,1.15,3.165,2.968,-2.956,-1.243,-14.28,1.612,3.832,4.256,1.939,-6.424,-5.799,-4.05,3.214,1.896,0.0395,13.1,3.492,-0.0246,-3.327,-1.389,1.687,-0.6487,1.347,0.577,2.367,2.273,-3.464,-0.1403,4.322,5.547,1.915,-4.073,1.235,5.05,5.07,4.089,-2.524,-4.95,0.2015,3.043,5.788,-3.876,0.152,1.801,3.994,-0.281,-11.44,-4.004,-4.78,3.277
1128,1.01,4.295,4.533,3.338,-0.3803,-3.642,1.13,1.15,6.604,-0.6589,-0.7988,-3.139,-17.56,1.945,7.235,4.415,3.283,-6.508,-4.995,-2.056,-0.3082,-1.369,-0.9771,10.89,3.123,0.166,-2.123,-0.6267,2.308,-2.89,3.087,0.3595,-0.9612,-0.3371,-2.077,-0.0541,8.388,5.895,5.335,-5.501,3.176,5.05,5.07,3.612,-0.2344,-6.103,-0.021,2.118,5.974,-6.568,-4.728,2.922,3.882,1.596,-9.233,-4.657,-6.709,3.613
1129,1.01,2.464,-3.194,5.02,0.1677,-3.717,1.13,1.15,3.988,1.142,-2.741,-3.094,-16.37,2.956,7.068,5.807,1.943,-7.433,-2.113,-4.248,1.024,0.0836,-0.0278,12.71,1.161,-1.267,-1.614,-2.096,0.2593,-1.216,-1.581,-1.753,-0.7697,-0.4991,-2.464,-2.121,6.532,3.907,2.101,1.277,2.987,5.05,5.07,5.2,-2.667,-5.853,2.167,3.749,6.365,-4.752,-0.2311,-0.0943,2.618,1.392,-10.08,-4.372,-2.823,4.348
1130,1.01,0.5529,-0.0656,3.44,-1.254,2.532,1.13,1.15,1.793,-0.0651,-1.398,-4.79,-16.37,2.656,2.999,4.305,2.479,-8.091,-6.203,-5.696,2.384,-1.531,-0.9194,11.08,3.799,0.878,-1.794,-2.014,2.132,-2.052,-0.7095,-1.015,-0.5055,-4.858,-3.722,-0.882,6.06,5.955,3.352,-4.015,3.299,5.05,5.07,3.574,1.493,-5.98,-1.094,2.789,11.25,-0.8336,-2.052,2.725,0.8948,0.7349,-9.029,-4.303,-1.127,3.443
1131,1.01,3.825,-4.074,4.174,-0.3299,0.12,1.13,1.15,4.582,1.622,-0.0577,-2.186,-14.62,-0.0128,5.782,5.549,0.171,-5.557,-2.06,-2.921,1.044,1.58,0.6143,10.68,3.04,1.676,-1.745,-2.243,0.5918,-3.866,-0.0255,1.369,-0.1301,-1.391,0.401,-0.5775,5.01,6.42,2.513,-1.256,1.844,5.05,5.07,4.442,0.17,-5.456,-1.579,3.517,8.489,-5.429,-4.747,0.8918,3.468,1.909,-10.31,-3.992,-4.504,3.084
1132,1.01,1.372,-0.3177,2.652,1.763,-0.4172,1.13,1.15,4.478,-0.3152,-3.531,-4.297,-16.98,1.881,5.906,5.055,2.027,-6.667,-3.658,-2.586,-0.3889,0.1941,1.168,12.21,1.519,1.359,-2.583,-3.1,1.54,-3.006,2.611,1.175,-1.684,-0.2263,-3.157,-1.917,5.048,5.174,4.57,-5.409,1.274,5.05,5.07,3.835,-4.44,-7.243,-1.167,5.041,9.553,-1.478,0.9049,0.7386,2.137,1.512,-9.857,-6.7,-2.297,4.119
1133,1.01,0.1222,-1.829,4.224,2.373,0.1154,1.13,1.15,4.304,-1.659,-2.409,-2.365,-17.88,0.8987,3.359,7.079,0.4446,-5.774,-0.8329,-2.422,0.0937,4.591,-1.201,13.95,0.9933,2.758,0.4559,-2.19,-0.2272,-0.9348,-0.7568,1.28,3.784,0.2955,-2.603,-0.7243,6.334,4.758,2.216,-2.846,4.024,5.05,5.07,3.444,-4.273,-2.83,-1.113,5.755,7.155,-3.331,-3.006,2.769,2.381,1.464,-11.06,-5.549,-1.849,2.941
1134,1.01,3.802,3.392,4.137,2.15,-1.805,1.13,1.15,5.148,-2.66,-1.113,-4.691,-14.0,2.687,4.622,8.235,0.9665,-7.79,-3.478,-2.526,3.325,-0.2733,-0.0032,14.63,3.282,-0.1087,-1.288,-1.104,3.044,-1.876,2.896,-1.272,-0.0096,-0.9695,-3.341,-1.542,5.999,7.001,3.223,-2.27,2.004,5.05,5.07,3.175,-1.249,-4.841,2.341,2.499,8.093,-1.981,1.038,1.074,5.764,3.991,-8.774,-4.442,-2.221,3.98
1135,1.01,4.092,-3.96,7.755,0.8819,-0.5565,1.13,1.15,3.846,1.936,-2.006,-3.924,-16.77,4.875,8.809,5.944,0.5427,-6.395,-4.48,-2.451,3.959,1.338,-0.2378,13.63,2.743,-1.253,-2.088,-1.609,2.738,-5.188,2.21,1.293,1.137,1.056,-1.009,-1.296,4.894,6.218,1.511,-1.215,2.555,5.05,5.07,4.027,-3.67,-2.081,2.624,3.994,5.863,-1.972,-2.932,2.661,4.704,3.005,-10.69,-6.193,-3.921,4.197
1136,1.01,1.606,-2.977,0.5433,0.7582,1.565,1.13,1.15,5.148,0.7853,-1.745,-3.779,-14.64,4.054,5.564,7.204,-1.014,-9.543,-3.38,-3.789,0.9859,1.988,-0.6622,15.18,3.113,0.5443,-0.677,0.1566,0.7001,-2.637,-3.354,0.3982,-1.23,0.2844,-2.64,-1.426,6.736,3.838,4.044,-0.4909,3.532,5.05,5.07,5.481,-4.72,-7.312,0.495,3.14,6.302,-2.719,-4.136,2.307,3.991,1.804,-10.1,-2.505,-3.945,2.435
1137,1.01,0.7811,-5.937,4.433,1.188,-2.338,1.13,1.15,0.5162,1.973,-3.206,-4.911,-13.98,2.195,3.118,7.823,1.675,-5.029,-5.71,-3.428,2.209,-0.3239,-0.9706,11.27,4.577,1.559,-1.505,-1.824,2.727,-2.746,3.872,0.3803,-0.4524,1.382,0.4319,-1.034,6.157,7.773,1.611,0.0056,5.188,5.05,5.07,3.869,-3.057,-5.002,0.4273,2.546,10.51,-0.8359,-4.726,1.6,4.628,2.637,-9.194,-3.684,-6.437,1.112
1138,1.01,1.665,-6.351,4.28,1.199,-1.761,1.13,1.15,1.619,1.177,-2.805,-6.058,-15.22,0.7583,6.437,6.601,2.123,-9.713,-2.065,-6.371,1.202,1.021,1.223,15.92,2.657,0.0466,-2.086,-3.587,3.343,-3.38,-1.582,2.598,-0.1635,2.168,-1.251,0.7976,4.903,5.508,2.476,-0.6343,4.273,5.05,5.07,3.177,-6.596,-5.087,-0.8932,4.588,9.133,-0.6494,-3.342,-0.6284,1.099,1.446,-9.602,-3.267,-1.181,3.889
1139,1.01,1.817,-0.821,3.983,1.381,-1.844,1.13,1.15,1.022,0.7013,-3.378,-4.531,-16.38,1.997,5.281,3.957,-0.1972,-3.628,-4.868,-4.108,3.73,1.98,-1.074,12.63,3.301,0.758,-2.202,0.3168,0.6094,-1.16,3.136,1.451,-2.006,-1.386,-2.978,0.4876,7.223,5.638,2.144,-2.754,2.435,5.05,5.07,4.715,-0.6918,-6.114,-0.0967,6.864,8.861,-1.445,-6.222,2.912,3.149,-0.0086,-11.1,-3.758,-2.656,2.573
1140,1.01,2.283,-0.9572,3.154,0.376,-2.576,1.13,1.15,1.536,0.9423,-3.026,-4.029,-17.94,3.928,4.205,7.616,0.3833,-9.15,-4.023,-3.688,0.4442,2.249,-1.927,15.48,4.776,1.362,-0.6884,-0.4343,1.443,1.186,0.7833,0.0341,0.4841,-1.324,0.2791,1.038,7.337,6.275,1.826,-3.282,3.35,5.05,5.07,6.032,-5.284,-3.377,-2.153,5.314,6.14,-1.124,0.8949,0.65,0.7512,1.703,-8.719,-4.766,-4.598,1.207
1141,1.01,2.917,-0.1421,2.952,0.274,-1.896,1.13,1.15,3.424,-0.2352,-0.2116,-3.4,-16.34,3.227,3.96,7.564,0.8641,-4.706,-4.62,-5.557,0.619,-0.33,0.2501,12.72,5.119,-0.5798,-2.14,-1.949,1.308,-2.072,-1.071,0.9658,0.4826,-0.4324,-4.577,-1.602,5.168,4.636,3.732,-3.034,2.796,5.05,5.07,2.881,1.116,-6.513,-1.606,4.478,8.006,-1.162,-0.5864,2.178,4.547,2.47,-9.835,-4.011,-5.894,3.477
1142,1.01,2.559,1.009,3.759,-0.7932,-0.5873,1.13,1.15,3.934,1.794,-4.533,-3.544,-16.99,3.27,7.056,7.558,1.289,-5.854,-2.051,-3.497,2.948,-1.214,0.6957,12.16,4.542,-2.604,-2.988,-2.538,2.622,-1.29,-2.642,-0.9332,1.051,-0.0768,-3.591,-1.801,6.186,4.952,5.027,-0.7036,2.845,5.05,5.07,3.716,-4.541,-2.991,-0.2006,3.361,9.012,-5.683,-3.929,2.289,3.584,0.0173,-9.871,-3.095,-4.423,3.29
1143,1.01,3.419,0.0422,1.139,2.082,-2.748,1.13,1.15,2.906,1.315,-1.323,-3.44,-13.02,1.762,4.86,7.679,1.67,-8.345,-3.266,-1.767,1.389,1.469,0.2967,11.95,5.325,1.003,-4.297,-3.661,1.581,-2.581,1.795,-1.257,-1.276,-0.5749,-3.309,-0.165,7.01,4.316,0.8954,-2.046,3.742,5.05,5.07,3.632,2.221,-2.836,0.2436,4.782,9.973,-1.522,-2.219,1.993,2.892,2.968,-9.044,-4.756,-6.433,1.282
1144,1.01,0.8665,-3.808,4.438,0.3182,1.302,1.13,1.15,3.031,0.524,-0.4534,-5.072,-15.31,3.239,6.519,4.377,-0.065,-3.863,-3.884,-2.712,0.3808,3.029,-0.2666,11.92,4.362,-0.1735,0.1103,1.663,0.4688,-2.669,1.827,-0.2117,0.9863,-1.807,-3.486,0.786,8.07,3.107,1.402,-2.331,2.833,5.05,5.07,3.875,-2.981,-1.933,-1.102,3.164,8.543,-3.161,-3.2,1.195,5.947,1.982,-9.317,-2.794,-2.792,4.155
1145,1.01,1.066,-2.573,2.999,-0.923,-1.547,1.13,1.15,1.928,1.95,-3.125,-0.8376,-17.69,1.492,4.451,7.509,0.2488,-5.703,-4.978,-4.859,-0.0924,1.275,-4.585,13.29,3.133,0.6775,-2.135,-0.7108,1.803,0.4309,-1.349,1.878,0.3982,-0.3096,-2.998,0.6834,7.099,4.838,2.541,-1.633,5.3,5.05,5.07,4.538,-5.111,-4.559,-1.691,3.241,10.58,-3.611,-4.163,2.831,2.932,1.383,-8.594,-6.518,-6.538,4.883
1146,1.01,2.547,-0.6812,3.705,0.3764,0.912,1.13,1.15,3.728,0.3819,-3.544,-4.091,-17.0,0.994,7.314,3.868,-0.0028,-5.855,-3.922,-2.624,0.4586,3.705,-1.431,15.46,4.41,-0.7401,-2.544,-1.16,3.434,-3.677,1.904,0.5793,0.3665,-1.091,-3.234,-0.9885,5.728,5.227,2.705,-0.8581,3.493,5.05,5.07,6.673,-0.1231,-4.089,-2.454,3.754,5.489,-1.775,-3.403,4.278,4.5,2.162,-10.06,-3.284,-5.398,1.864
1147,1.01,2.699,3.776,1.779,1.353,-0.9476,1.13,1.15,0.6247,1.454,-3.536,-5.019,-15.26,3.209,5.926,6.641,3.145,-4.604,-6.644,-4.088,1.516,2.139,-1.529,10.44,2.891,3.234,-1.233,-2.16,0.4329,-2.896,0.1556,1.994,-0.5755,0.6943,0.7208,0.1067,7.624,5.238,2.683,-0.5299,1.59,5.05,5.07,3.077,-0.0321,-5.842,-1.089,6.06,11.98,-1.975,0.8324,0.7917,3.719,2.663,-9.442,-4.389,-6.598,1.975
1148,1.01,0.1931,-0.2817,4.948,-0.2185,-0.0839,1.13,1.15,2.737,-0.2289,-3.38,-5.723,-14.83,-0.2069,5.04,5.694,-0.5424,-6.441,-5.21,-1.608,3.44,0.1275,0.023,13.14,3.824,-0.4403,-2.378,0.4789,-0.3963,-2.999,2.753,-0.6828,0.8347,3.235,-2.252,0.7187,5.37,4.772,2.448,-1.459,3.197,5.05,5.07,3.758,-2.834,-5.882,-0.6545,5.211,7.65,-2.906,-0.0592,3.476,3.632,2.453,-9.059,-3.304,-5.484,4.209
1149,1.01,1.947,-5.973,4.613,2.445,0.3598,1.13,1.15,4.011,-1.87,-3.787,-4.802,-13.83,3.77,7.642,6.051,1.775,-6.336,-3.362,-2.502,1.241,2.56,2.693,9.27,3.189,-0.9917,-1.718,-0.1021,3.321,-4.224,-0.2014,-0.8516,-1.326,0.0306,-0.553,-2.223,7.003,4.133,1.927,-0.76,4.045,5.05,5.07,3.299,-3.948,-6.173,0.3387,4.273,6.872,1.082,-3.13,3.693,3.967,1.895,-9.048,-1.925,-6.794,2.488
1150,1.01,1.999,-3.657,5.674,2.052,-2.226,1.13,1.15,4.57,2.61,-2.683,-4.771,-15.86,1.433,4.494,6.777,1.651,-4.643,-2.567,-3.664,-0.7532,2.013,0.674,13.72,1.044,3.355,-4.752,1.419,2.581,0.2291,-2.787,-1.738,0.4627,0.0357,0.1472,-1.587,7.308,5.973,1.439,-2.314,3.215,5.05,5.07,-0.0773,-1.784,-4.527,-2.548,2.739,6.54,-0.7333,-6.748,2.983,2.631,2.84,-10.69,-1.032,-4.229,2.956
1151,1.01,0.9899,1.837,5.456,2.596,1.252,1.13,1.15,5.022,2.518,-2.167,-2.989,-16.09,3.068,5.918,2.88,1.811,-7.131,-3.419,-3.474,1.416,-0.9058,0.7608,15.36,2.802,2.169,-1.906,-1.105,1.348,-2.62,-0.5816,0.324,1.026,2.051,-1.791,-1.31,5.699,7.056,2.939,0.6413,3.6,5.05,5.07,5.88,-1.357,-4.524,-1.289,3.708,4.953,-2.996,2.141,2.793,4.062,3.096,-9.275,-2.778,-4.647,2.962
1152,1.01,3.2,-5.858,2.398,2.968,-1.99,1.13,1.15,3.713,0.9145,-5.084,-2.422,-17.11,4.103,4.711,8.219,2.124,-7.921,-5.41,-2.104,-0.5611,1.995,-3.157,10.9,3.103,1.388,-3.111,-0.8041,2.376,-2.734,2.488,1.429,3.066,-0.4794,-1.819,0.4195,5.154,5.67,2.12,-1.974,3.458,5.05,5.07,3.673,-2.955,-3.052,-1.326,2.337,10.16,-2.2,-1.003,1.865,3.654,2.737,-11.79,-4.521,-5.162,2.09
1153,1.01,0.3372,0.0998,5.358,-1.598,2.364,1.13,1.15,2.923,1.277,-2.123,-2.409,-13.48,1.078,5.177,7.94,1.625,-6.843,-5.707,-0.2733,-0.2165,2.322,-0.4187,14.73,3.378,0.2197,-2.545,-2.106,0.9508,-2.287,0.1474,-1.935,1.051,0.3318,-0.55,-1.097,5.476,7.297,4.926,-1.289,3.951,5.05,5.07,3.856,-2.728,-6.698,-0.1319,2.998,8.375,-3.76,-1.261,-1.165,4.053,1.558,-9.029,-6.218,-5.499,1.332
1154,1.01,2.886,-2.186,1.258,1.639,-0.9749,1.13,1.15,2.707,1.374,-0.8545,-3.618,-16.37,3.741,6.037,3.933,0.8737,-6.084,-3.775,-2.414,2.34,1.795,-0.4687,11.7,1.337,0.7257,-3.252,-3.023,2.065,-0.589,-0.0161,-0.9123,0.735,-0.4941,-3.336,-1.593,6.351,3.036,3.712,-0.4812,4.607,5.05,5.07,4.457,0.1718,-3.925,0.048,6.321,8.3,-3.726,-5.935,4.326,3.981,2.257,-12.19,-4.736,-4.883,3.917
1155,1.01,2.17,-0.7149,0.3107,-1.049,0.4417,1.13,1.15,6.008,0.1839,-1.317,-3.841,-16.3,2.322,6.172,6.014,1.614,-6.481,-3.192,-3.156,3.106,0.8281,-2.167,13.72,3.804,-0.0581,-0.9792,-3.612,-0.1472,-2.14,0.657,0.8133,0.6539,0.4697,-0.4622,0.0546,7.061,8.076,3.4,-1.955,2.883,5.05,5.07,5.965,-1.914,-3.421,-0.465,3.838,-0.4866,-1.746,-6.445,1.342,4.276,1.322,-9.558,-3.406,-4.585,2.649
1156,1.01,3.035,-1.977,4.567,-0.2221,-1.06,1.13,1.15,3.366,0.1777,-0.5429,-2.306,-14.88,3.171,7.078,4.49,0.974,-3.251,-3.616,-2.467,-0.9892,1.054,0.1247,12.0,4.105,1.673,-1.673,-0.819,0.8406,0.7786,1.137,0.2731,2.867,-0.1756,-2.107,-3.082,4.532,6.58,4.465,-1.928,2.453,5.05,5.07,4.443,-1.415,-2.389,-2.791,6.023,5.897,-2.496,-6.088,0.4834,1.005,1.933,-10.42,-2.175,-7.094,3.081
1157,1.01,2.242,0.4275,6.089,2.197,0.754,1.13,1.15,1.314,1.618,-4.849,-5.985,-18.25,1.663,7.127,5.313,1.113,-5.07,-5.365,-2.228,-0.3818,0.5942,0.9808,12.58,5.906,1.67,-2.843,-3.445,2.237,-4.809,-0.8167,-0.465,-1.018,1.423,-2.051,-0.2174,7.079,6.165,2.234,-1.431,5.043,5.05,5.07,4.04,-4.216,-5.763,0.4199,4.134,5.291,-4.726,0.7123,1.324,4.051,3.586,-9.976,-4.499,-5.974,2.503
1158,1.01,3.74,-3.625,4.534,3.735,1.493,1.13,1.15,3.084,0.699,-3.687,-4.689,-14.96,3.114,5.193,6.68,0.9948,-5.123,-4.127,-6.23,-0.4654,-0.6797,0.6993,12.93,4.257,1.425,-2.566,1.648,1.13,-3.337,-1.128,0.0826,-0.3612,0.0494,-2.23,-0.8114,6.949,4.819,-0.6938,-1.393,0.3814,5.05,5.07,5.208,-5.915,-5.933,0.8648,6.356,6.621,-3.174,-3.803,1.584,3.398,2.331,-11.05,-3.126,-4.448,1.825
1159,1.01,3.842,-1.556,4.908,3.005,-2.495,1.13,1.15,1.265,-1.491,-4.58,-2.688,-15.42,1.43,6.676,4.884,-0.4366,-6.863,-5.213,-3.038,-0.1745,-1.996,-1.291,14.92,5.024,0.908,-0.6462,1.21,3.233,-3.088,3.134,0.716,0.7075,0.079,-2.104,-1.53,6.784,6.736,4.093,0.2473,-0.5988,5.05,5.07,4.195,-4.74,-4.577,0.0762,3.65,8.339,-2.138,-1.224,0.6251,4.761,3.108,-9.002,-5.294,-6.691,2.936
1160,1.01,4.38,-3.651,5.884,1.058,-1.79,1.13,1.15,4.003,3.093,-2.098,-3.413,-15.46,2.042,3.968,4.56,1.561,-6.261,-3.027,-4.874,2.97,-1.581,-2.29,14.08,2.647,0.5376,-3.107,-1.859,1.812,-3.345,2.702,1.39,-0.5812,1.536,-4.214,-0.5024,8.561,7.145,1.218,-2.64,5.372,5.05,5.07,4.564,-1.982,-4.483,-2.649,4.433,6.591,-3.533,-0.803,0.9575,3.444,1.845,-9.546,-3.491,-6.566,5.149
1161,1.01,2.036,0.417,1.952,0.1582,-1.034,1.13,1.15,2.482,0.932,-0.1675,-4.05,-16.07,2.463,5.631,5.354,-0.1325,-7.719,-2.121,-3.031,-0.7232,-1.34,-0.4345,13.72,7.186,-0.1452,-2.711,0.6103,1.874,-1.027,-0.5899,1.298,0.3026,-0.4515,-2.836,-0.1756,5.301,6.083,3.953,-1.619,2.846,5.05,5.07,2.339,-1.725,-3.199,-0.084,3.782,9.677,-1.417,-3.625,-0.35,1.413,3.085,-8.557,-2.885,-3.953,3.216
1162,1.01,0.8037,-5.666,1.591,-2.312,-0.3045,1.13,1.15,5.021,0.4339,-2.699,-3.188,-15.01,1.179,6.903,5.09,3.298,-5.272,-4.412,-2.642,0.7658,3.007,-0.6003,12.53,3.906,0.2577,-2.976,-2.352,3.928,-1.723,1.534,-0.7026,1.948,-1.153,-2.3,-1.593,5.267,4.77,4.243,-2.576,3.32,5.05,5.07,3.39,-0.8898,-4.037,0.1793,4.496,9.916,-2.06,-3.607,2.393,4.096,1.973,-9.253,-2.615,-2.733,3.864
1163,1.01,1.503,1.127,0.9418,0.4547,-3.583,1.13,1.15,1.434,1.203,-6.581,-4.493,-16.54,2.56,6.764,6.518,3.159,-4.056,-2.531,-2.418,-0.2828,-1.916,0.8795,14.86,4.079,-0.2045,-4.109,-0.8413,-0.411,-2.287,4.54,-0.4019,-1.809,-0.6932,-1.392,-0.4187,6.202,6.422,2.108,-4.246,2.568,5.05,5.07,5.114,-2.358,-5.276,1.818,2.95,10.46,-5.67,-0.3305,1.173,2.783,1.944,-10.45,-4.286,-5.554,2.075
1164,1.01,4.371,-0.3069,4.3,0.9199,-2.146,1.13,1.15,1.459,2.183,-3.311,-2.508,-15.63,3.611,6.489,5.902,2.647,-4.451,-4.228,-3.112,0.7537,0.87,-1.169,13.23,1.93,0.7546,-0.4922,-2.891,0.3425,-2.99,1.045,0.8497,0.8136,1.357,-3.846,-0.4733,6.344,2.925,1.788,-3.443,5.219,5.05,5.07,4.756,-2.127,-5.526,-0.4681,3.601,8.314,-7.901,-3.927,2.04,2.052,3.066,-11.75,-3.851,-7.472,2.734
1165,1.01,1.801,0.2599,3.579,0.6209,-3.783,1.13,1.15,1.416,1.379,-3.831,-5.183,-17.5,4.219,7.328,6.833,3.027,-5.659,-3.388,-2.331,3.404,2.738,-3.496,14.88,5.064,2.043,-0.1005,-0.1164,1.418,1.174,5.534,-0.2854,2.213,0.1385,-2.739,-1.107,5.372,5.39,0.1992,-2.492,1.305,5.05,5.07,4.593,-1.94,-2.741,-1.592,5.33,8.578,-3.803,-2.036,1.564,4.048,1.268,-10.75,-6.443,-4.442,3.976
1166,1.01,3.732,-2.904,5.989,1.078,-0.4333,1.13,1.15,2.592,-2.531,-2.619,-3.948,-14.65,3.747,5.859,4.811,1.976,-7.252,-6.445,-1.927,0.3276,4.899,-3.035,12.16,4.831,1.923,-1.739,-2.942,0.8795,-2.612,3.887,0.8738,0.1211,0.8435,-0.0818,-0.3667,6.65,6.703,1.427,-3.398,3.679,5.05,5.07,6.226,2.404,-7.273,-0.1867,5.061,10.5,-4.717,-3.577,2.331,3.47,2.893,-9.638,-4.745,-3.863,1.67
1167,1.01,0.2702,-1.785,3.541,0.7953,-3.346,1.13,1.15,7.203,2.412,-3.724,-3.796,-14.73,3.055,5.865,4.8,3.071,-8.596,-3.958,-4.745,1.459,3.24,-1.069,10.99,4.206,2.337,-1.734,-1.463,1.704,-3.474,0.8328,1.309,0.9066,0.9686,-3.31,-2.329,8.514,3.312,2.537,-6.014,4.509,5.05,5.07,5.537,-4.155,-5.882,0.9662,4.55,6.126,-1.422,-2.468,1.624,3.012,2.163,-8.455,-5.671,-5.52,2.584
1168,1.01,3.518,0.4867,4.877,1.018,-2.815,1.13,1.15,4.525,0.3573,-2.947,-3.753,-17.11,3.126,4.43,5.761,-0.9239,-6.512,-4.453,-3.468,-0.3995,2.466,-0.5615,11.4,4.21,1.305,-2.857,-1.354,2.92,-0.4159,-2.827,2.021,1.32,3.063,-0.0359,-0.8624,6.086,4.586,2.607,-3.846,2.987,5.05,5.07,1.857,-1.835,-5.105,-0.73,1.977,6.526,-0.2916,-1.005,0.1851,4.504,2.906,-10.01,-4.596,-3.659,1.895
1169,1.01,4.057,2.661,1.045,0.1974,-1.254,1.13,1.15,4.753,0.5434,-0.8023,-5.275,-17.41,4.864,5.982,5.993,-0.5978,-6.724,-1.972,-3.247,0.4247,0.2859,1.394,14.92,4.769,-1.703,0.0924,-1.894,1.125,-2.217,1.661,-2.228,2.566,1.779,-2.777,0.2759,5.454,5.088,2.511,-2.022,3.894,5.05,5.07,4.895,-5.815,-2.896,-0.1435,4.412,9.304,-0.9587,-7.145,0.2994,2.441,3.166,-9.633,-4.676,-4.573,0.3939
1170,1.01,2.258,0.8443,6.942,0.3882,1.874,1.13,1.15,4.303,0.0682,-0.6647,-3.326,-15.59,4.145,7.584,7.178,1.526,-7.144,-1.489,-3.968,1.617,3.574,-0.1011,14.38,6.121,1.347,-3.116,0.2848,3.368,0.1431,0.2744,0.2315,-0.0754,0.8166,-4.083,-1.706,6.702,4.354,1.866,-1.162,2.752,5.05,5.07,4.988,-3.212,-5.373,0.2031,3.961,9.179,-3.054,-0.0661,-0.6152,3.944,1.797,-10.77,-3.899,-4.006,3.477
1171,1.01,1.65,7.404,4.597,2.292,2.639,1.13,1.15,3.298,-0.8306,-4.318,-2.534,-16.64,3.011,6.574,4.681,1.123,-8.541,-5.819,-1.776,3.41,-0.2672,0.3802,12.54,4.493,0.2693,-3.639,-2.123,0.0949,-0.1723,2.212,-1.957,0.4342,-0.3526,-2.199,0.4422,5.99,5.048,3.371,-3.616,5.833,5.05,5.07,4.654,0.3127,-6.27,1.672,4.471,11.47,-3.23,-2.696,1.13,4.977,2.311,-11.0,-4.624,-5.225,2.635
1172,1.01,2.926,4.343,4.089,0.5229,0.7673,1.13,1.15,1.977,1.977,-3.06,-5.45,-15.93,0.9163,7.733,4.29,1.954,-7.157,-2.286,-3.426,0.0639,0.1138,-3.498,13.21,3.891,0.1153,-2.182,-2.064,0.6354,-1.198,0.6963,-0.1602,1.99,1.972,-4.404,-1.592,7.19,7.439,2.178,-2.589,3.413,5.05,5.07,1.964,-2.826,-7.189,-0.6805,3.829,6.382,-2.266,1.045,3.102,5.543,2.274,-10.24,-4.519,-6.51,3.821
1173,1.01,1.509,0.5522,5.461,0.8194,0.4256,1.13,1.15,1.886,-0.2243,-2.9,-4.413,-15.54,3.773,2.497,7.19,2.347,-4.601,-3.727,-6.536,0.7724,-0.1318,-0.2001,13.95,4.425,0.3092,-0.1215,-1.054,4.341,-0.2281,-0.969,-1.173,-0.3638,0.2877,-1.995,-0.5898,6.987,4.786,1.094,-6.311,2.518,5.05,5.07,3.442,-4.955,-2.895,0.4418,4.994,9.128,-2.948,-0.8928,0.0938,0.8379,3.892,-8.788,-2.588,-4.552,4.38
1174,1.01,1.584,-1.643,7.585,0.3838,0.2908,1.13,1.15,2.767,2.918,-0.9461,-4.583,-15.08,1.997,7.35,3.115,1.512,-6.333,-2.455,-3.188,-0.1578,2.136,-0.0521,16.72,3.454,0.3485,-1.031,-0.861,1.846,-0.9793,-3.174,-0.4312,0.7967,-0.169,-1.782,0.0338,5.862,5.589,2.188,-1.471,2.55,5.05,5.07,4.091,-3.015,-2.709,-0.1204,7.465,7.373,-3.663,-2.507,2.317,5.756,2.63,-11.01,-4.787,-4.483,3.167
1175,1.01,2.009,2.446,2.324,-0.6137,-0.4841,1.13,1.15,4.164,-1.325,-2.794,-5.185,-15.34,3.95,3.194,7.277,1.57,-5.673,-3.403,-1.314,-1.294,2.476,-3.302,10.88,6.79,1.254,-2.897,-1.842,-1.395,-2.101,2.443,-0.7059,0.2141,1.918,-1.564,-0.4181,5.38,3.576,3.53,-0.291,1.435,5.05,5.07,4.285,-3.341,-3.168,0.6938,3.997,5.291,-2.699,-4.873,3.276,4.674,3.752,-10.31,-4.79,-2.846,2.672
1176,1.01,1.333,-4.253,4.656,-0.4572,1.256,1.13,1.15,6.297,1.331,-1.955,-4.316,-16.22,2.524,6.066,8.138,3.09,-6.245,-3.762,-4.49,1.338,0.9359,0.9469,12.41,1.723,-0.3876,-1.069,-0.9587,-0.0169,-3.188,0.3829,1.319,-1.978,1.135,-1.207,-0.9675,6.392,7.62,2.536,-3.284,3.459,5.05,5.07,3.762,0.9017,-3.991,-0.7207,5.392,8.173,-1.766,1.754,2.555,5.425,2.473,-8.717,-1.59,-4.917,3.102
1177,1.01,2.469,-2.601,6.758,0.7196,0.6343,1.13,1.15,6.256,0.5674,-5.586,-2.225,-15.21,3.056,5.502,5.099,-0.7858,-3.883,-1.767,-3.081,1.81,0.3453,-3.229,11.4,5.778,3.298,1.045,-2.399,2.748,-1.464,-1.881,0.8883,-1.18,-0.7306,-2.655,0.1158,5.34,4.717,3.287,-0.6979,3.876,5.05,5.07,1.789,1.136,-5.493,-0.8415,2.854,10.37,-4.686,-2.249,1.886,4.027,2.173,-10.09,-4.89,-1.979,2.671
1178,1.01,2.714,3.227,6.749,2.387,2.179,1.13,1.15,2.608,0.5766,-4.816,-4.427,-17.31,2.761,4.714,7.911,2.59,-5.956,-3.539,-3.945,1.549,1.978,1.287,11.98,0.8355,1.348,-2.504,-2.615,3.707,1.077,-2.324,-0.8249,2.042,-0.1702,-0.3681,-0.1683,5.988,4.257,2.713,-4.038,4.112,5.05,5.07,4.658,-1.335,-4.904,0.412,6.368,9.136,-3.144,-2.749,-0.1033,1.461,2.039,-9.62,-4.37,-7.066,4.792
1179,1.01,1.334,-1.223,3.446,3.698,0.9296,1.13,1.15,2.072,-0.019,-4.358,-3.898,-14.06,3.249,6.159,7.095,1.915,-5.092,-1.785,-1.986,1.514,0.8734,-3.368,15.54,5.187,0.013,-1.737,0.4097,2.369,0.0578,-0.7842,-1.247,-2.899,0.4546,-2.026,0.8379,6.119,5.279,4.623,-2.169,1.013,5.05,5.07,3.64,-4.586,-4.16,-0.0245,6.526,6.722,-5.538,-0.4886,2.248,4.629,2.184,-9.389,-4.838,-5.82,1.251
1180,1.01,3.518,1.079,4.281,6.129,-2.112,1.13,1.15,2.393,1.854,-3.762,-1.693,-16.64,2.999,6.575,8.096,0.566,-6.684,-4.739,-2.649,0.5479,2.53,0.1904,13.57,5.67,-0.8259,-1.768,-0.6415,-0.7793,-3.159,1.616,1.064,-1.052,0.5383,-1.24,-1.097,7.595,7.233,2.269,-2.9,3.535,5.05,5.07,3.414,-3.609,-3.202,-3.682,5.884,6.805,-3.856,-1.548,3.93,4.176,1.983,-9.816,-3.609,-4.267,4.683
1181,1.01,6.712,-1.915,2.129,2.988,2.37,1.13,1.15,2.582,-3.075,-3.588,-4.706,-16.12,-0.0489,5.331,6.797,3.587,-5.972,-4.181,-1.705,0.5992,2.629,0.5797,14.23,2.197,2.404,-1.42,-2.781,2.416,-3.266,-0.9896,1.383,-1.769,0.6083,-0.4833,-1.978,4.975,5.348,3.324,-3.068,3.503,5.05,5.07,2.968,-1.21,-5.243,-1.123,3.881,9.071,-2.683,-1.803,0.4407,4.397,3.425,-11.7,-3.265,-5.671,2.779
1182,1.01,0.6746,3.704,4.275,3.646,0.5387,1.13,1.15,5.817,1.27,-3.646,-3.26,-18.2,4.276,2.7,5.402,-0.3123,-6.88,-2.926,-2.195,0.4339,3.015,-2.977,14.65,1.68,2.35,-3.023,0.0088,4.729,-1.141,-1.051,-1.374,-1.83,0.1251,-3.111,0.395,6.756,4.893,1.227,-2.805,3.694,5.05,5.07,6.066,-1.595,-4.4,2.179,3.659,5.131,-2.706,-4.935,0.744,1.091,2.648,-9.021,-2.829,-6.204,1.267
1183,1.01,-0.2322,-0.0191,6.272,0.2625,1.565,1.13,1.15,4.7,-0.2675,-3.583,-4.703,-17.8,1.598,7.495,6.715,2.275,-7.057,-4.17,-3.208,-0.9239,0.5245,-0.1794,15.43,3.987,2.818,-0.8149,-1.227,0.638,-4.195,-3.727,1.043,2.057,-0.7519,-2.808,-0.9578,5.646,4.449,2.918,-3.128,6.043,5.05,5.07,3.402,-1.659,-5.613,-0.2906,3.713,7.815,-1.095,-2.286,3.171,4.439,3.688,-10.64,-5.297,-3.681,1.601
1184,1.01,2.894,1.646,3.29,2.454,0.9921,1.13,1.15,4.044,-1.214,-4.497,-6.953,-16.13,2.478,7.188,6.304,3.078,-5.489,-3.597,-3.136,-0.6717,1.973,-0.058,14.41,3.749,0.4372,-1.321,-3.256,0.3765,-1.992,-0.4719,1.117,-1.004,0.6424,-2.989,-1.071,8.399,5.144,1.042,-4.809,1.383,5.05,5.07,3.663,-2.505,-3.778,1.445,3.424,11.65,-4.411,-3.635,-0.0149,4.583,2.493,-10.59,-4.447,-4.099,0.8012
1185,1.01,1.865,-0.4734,-0.1531,-0.7935,-3.326,1.13,1.15,2.666,-0.8155,-1.713,-3.601,-16.72,1.26,7.875,7.835,-2.537,-5.706,-4.692,-5.935,2.468,0.1181,-1.933,13.16,2.785,-1.212,-1.378,0.0264,2.307,0.7801,-0.7418,1.747,-0.4295,2.307,-0.4707,1.048,5.496,8.832,2.84,-0.4182,4.804,5.05,5.07,5.441,0.2351,-5.743,-1.412,3.734,9.644,-2.797,-1.325,2.255,3.445,2.792,-10.15,-5.238,-4.859,2.031
1186,1.01,3.594,2.662,5.1,1.767,-0.2146,1.13,1.15,3.176,0.3977,-3.512,-2.713,-15.6,2.582,5.845,5.83,2.173,-7.467,-4.462,-0.3061,0.8784,3.101,0.6069,13.0,2.426,0.9405,-1.4,1.374,2.597,0.5491,1.043,-0.3449,2.553,2.055,0.7374,-1.073,5.953,4.366,2.648,-0.1847,5.767,5.05,5.07,4.097,-3.69,-5.85,3.476,4.326,11.23,-4.309,-3.48,2.591,1.706,4.717,-9.593,-6.464,-2.466,0.6451
1187,1.01,3.272,0.4824,4.888,0.8022,-3.772,1.13,1.15,1.743,-1.421,-0.4819,-0.2428,-16.12,0.1525,6.9,5.695,2.889,-5.318,-5.532,-3.486,0.8498,0.0812,0.6722,13.91,3.062,-0.7692,-0.4382,-2.317,2.328,0.5135,1.806,1.077,1.502,0.8716,-0.6266,1.074,5.348,3.734,5.22,-3.101,5.612,5.05,5.07,5.168,-1.996,-4.085,2.523,4.078,11.97,-2.381,-4.701,3.044,2.101,3.073,-10.71,-3.249,-1.37,3.204
1188,1.01,2.746,-4.638,2.754,1.955,-1.54,1.13,1.15,-0.514,0.8785,-3.449,-3.769,-15.69,4.684,4.953,7.948,1.63,-7.948,-2.905,0.4378,-1.074,3.14,-1.52,14.26,3.358,1.012,0.0777,-1.889,1.294,0.169,0.1081,-0.1441,-1.257,-0.7797,-2.067,0.0363,6.875,6.204,2.416,-0.6841,3.212,5.05,5.07,5.564,-0.5335,-2.116,-2.017,3.898,5.978,-4.859,-3.945,2.507,2.411,2.412,-9.958,-3.945,-4.124,1.943
1189,1.01,2.724,-2.734,4.751,1.861,-0.2932,1.13,1.15,3.076,2.179,-3.564,-4.81,-15.26,1.533,5.306,6.98,2.968,-4.723,-3.913,-2.713,-0.0363,4.08,-0.8073,10.74,3.458,0.5407,-1.269,-3.337,2.255,-1.162,-0.4606,-0.8396,-0.868,-0.7564,-2.205,-0.0104,6.344,5.469,2.108,-2.199,2.186,5.05,5.07,6.54,0.7064,-5.516,-0.2017,2.344,5.642,-1.48,-2.572,3.234,3.575,1.173,-9.696,-2.511,-2.826,1.592
1190,1.01,4.738,-2.287,4.368,0.9297,-1.839,1.13,1.15,2.352,1.917,-0.7519,-4.072,-14.33,2.515,9.178,5.903,2.825,-8.296,-3.967,-4.129,0.6389,0.8642,0.4605,12.51,3.187,1.657,-2.157,-1.374,2.719,-3.431,-0.4346,-0.5194,-0.4705,3.081,-0.926,-1.191,6.909,7.488,6.519,-1.015,3.737,5.05,5.07,3.379,-2.062,-5.571,-0.1268,5.608,8.138,-2.154,-6.073,1.298,3.407,4.32,-10.95,-5.888,-3.71,3.535
1191,1.01,-1.533,2.11,5.849,2.88,-3.027,1.13,1.15,2.766,-0.966,-3.64,-3.672,-14.08,1.98,3.53,7.605,0.9829,-7.067,-4.945,-4.576,0.454,1.75,0.441,11.55,4.156,2.218,-1.267,-0.7306,1.914,-0.1113,0.0204,-0.1168,-0.0841,-0.1034,-3.228,-1.587,6.53,6.118,2.404,-2.191,3.24,5.05,5.07,6.017,-5.053,-4.528,1.015,4.604,9.175,-1.409,-2.214,2.052,6.297,3.736,-9.164,-4.319,-8.321,2.131
1192,1.01,4.508,0.4456,4.889,2.279,-3.614,1.13,1.15,1.971,-1.639,-4.742,-4.614,-17.82,5.033,6.202,8.067,3.905,-4.836,-6.582,-2.997,0.8673,0.4251,2.336,11.62,5.718,1.771,-1.36,-2.062,0.549,-4.117,-0.3426,-0.551,1.76,1.198,0.0956,-1.508,4.057,6.897,3.404,-2.926,4.733,5.05,5.07,4.081,-2.504,-5.793,0.4736,3.759,5.225,-3.501,-0.8115,1.261,3.125,3.503,-10.81,-5.56,-2.827,2.779
1193,1.01,3.583,-3.696,4.531,-0.5555,0.0946,1.13,1.15,1.807,-2.024,-2.322,-3.732,-17.97,3.147,6.838,5.308,-0.358,-5.793,-2.332,-3.097,-0.2672,4.134,-1.778,13.08,3.94,-1.583,-1.848,-2.843,1.772,1.496,0.3747,0.0473,1.814,-1.697,-3.475,-0.2247,6.801,5.407,3.005,-3.596,2.861,5.05,5.07,4.452,-0.9957,-2.753,0.4465,3.465,9.807,-1.987,-2.109,2.037,2.416,3.693,-11.21,-4.349,-5.257,2.842
1194,1.01,3.619,6.824,5.309,0.2753,0.6341,1.13,1.15,2.914,2.174,-1.764,-4.112,-15.58,1.998,4.589,5.749,-0.5179,-6.056,-2.88,-4.28,-0.0139,0.2718,-2.408,15.08,5.664,-0.3389,-1.182,-1.266,1.031,-0.8323,-1.055,-2.653,2.693,1.66,-0.7754,-1.376,8.191,7.914,3.393,-0.6288,6.857,5.05,5.07,4.693,-0.8189,-6.356,-0.329,4.856,7.399,-1.65,-0.3712,1.633,3.904,3.843,-9.396,-6.212,-6.142,2.146
1195,1.01,0.6544,-1.603,3.665,1.894,-2.552,1.13,1.15,7.118,1.218,-1.198,-4.068,-16.09,1.735,5.947,5.024,-0.5333,-4.236,-4.734,-6.668,0.9055,2.046,3.225,14.62,1.806,-0.4804,-0.4238,-2.79,-1.441,-0.4622,2.224,1.218,-0.4694,1.885,-0.2718,0.0606,7.605,5.392,5.264,-3.844,0.9925,5.05,5.07,3.992,-1.484,-7.773,0.416,4.754,8.219,-3.197,-3.143,2.338,6.211,3.38,-9.129,-4.14,-1.737,3.827
1196,1.01,1.229,-0.3561,4.835,3.258,-2.632,1.13,1.15,3.695,-1.082,-4.18,-5.861,-16.7,3.538,6.492,5.835,1.186,-5.221,-2.978,-4.879,1.809,0.8993,-0.6191,14.45,1.752,2.539,-0.6224,-2.418,3.862,0.8776,-0.8702,1.693,-0.3772,1.955,0.0198,-1.463,5.321,5.257,2.428,-1.436,3.545,5.05,5.07,3.721,-0.4053,-4.818,-1.96,7.105,4.624,1.021,-2.203,0.6723,4.103,1.636,-10.27,-2.645,-3.106,5.572
1197,1.01,1.107,3.127,3.085,-1.196,0.921,1.13,1.15,1.919,1.219,-2.022,-2.933,-18.53,3.455,7.598,4.633,0.5763,-4.984,-3.89,-2.424,-0.5143,2.128,0.1242,14.76,5.156,0.0757,-1.176,-0.5485,1.809,-0.5866,2.542,-0.2575,-1.126,-0.4967,-2.465,-0.6452,6.909,6.027,2.823,-0.9626,4.253,5.05,5.07,3.573,1.745,-6.306,1.238,4.081,9.936,-2.795,-2.575,1.907,6.057,2.412,-10.54,-4.067,-6.167,1.531
1198,1.01,1.532,-1.064,2.107,0.784,-1.911,1.13,1.15,4.452,0.7287,-3.722,-2.031,-16.5,1.429,5.226,7.052,3.391,-6.54,-4.62,-3.219,1.157,-0.0915,-2.961,12.22,5.447,3.029,-4.574,-2.15,1.618,0.4509,-2.172,2.519,-0.271,-2.166,-1.983,-1.138,6.318,5.377,2.678,-4.336,4.103,5.05,5.07,4.998,-1.232,-5.371,-0.846,5.093,10.91,-3.782,-4.535,0.9832,4.301,3.151,-9.61,-4.167,-4.571,4.111
1199,1.01,2.501,0.6183,6.75,3.335,-0.1974,1.13,1.15,4.7,1.088,-6.621,-3.131,-16.7,-0.565,7.488,4.728,2.67,-7.009,-0.7367,-3.682,1.135,0.9558,-0.7601,12.41,4.865,3.293,-2.317,-1.999,4.499,0.7501,1.271,-0.4361,0.4255,1.359,-1.896,-0.8247,5.952,6.274,1.926,-0.3437,3.94,5.05,5.07,4.759,-4.193,-2.959,-1.727,5.081,5.654,-1.79,-1.499,3.114,2.173,3.475,-9.759,-4.24,-5.06,2.36
1200,1.01,1.717,1.671,4.217,2.674,1.078,1.13,1.15,3.691,2.636,-4.063,-4.705,-17.65,3.105,10.65,7.485,1.138,-7.937,-3.058,-3.407,0.7518,3.306,-1.546,13.33,5.489,-1.66,-1.752,-3.681,0.8902,0.2814,1.545,1.75,1.305,-0.1429,-2.728,1.384,5.501,6.325,4.454,-3.315,1.786,5.05,5.07,4.776,-7.435,-3.09,-0.6708,3.314,7.687,-3.482,-3.637,1.616,4.651,1.949,-10.73,-4.97,-8.963,0.6986
1201,1.01,4.46,-1.466,3.014,1.983,-1.87,1.13,1.15,4.958,2.599,-4.149,-4.47,-13.63,3.972,7.372,4.523,2.953,-7.253,-3.495,-0.9809,3.124,0.6652,-0.4469,15.13,3.668,1.063,-1.333,-2.36,0.8493,-2.145,2.298,3.507,0.1744,1.295,-0.1658,0.4744,7.566,3.669,0.6629,-2.007,2.803,5.05,5.07,4.449,0.2613,-3.966,-0.3528,6.762,10.09,-2.794,-3.455,2.217,3.349,0.9921,-8.939,-4.98,-4.131,1.527
1202,1.01,3.542,-0.6567,2.563,1.939,-1.01,1.13,1.15,1.818,1.213,-5.087,-6.107,-16.23,1.346,6.788,6.898,0.6197,-6.15,-7.634,-3.456,1.881,3.654,-0.6321,13.81,4.407,0.9388,-2.763,-1.204,2.123,-3.117,-2.18,1.326,0.8158,3.626,-3.673,0.1077,5.251,4.805,0.9039,-1.335,2.601,5.05,5.07,4.218,-1.945,-3.993,-0.6634,1.166,7.684,-1.26,-3.084,0.07,4.365,0.5435,-11.25,-4.758,-7.076,3.191
1203,1.01,1.053,-1.51,3.886,-0.0962,0.1142,1.13,1.15,3.67,0.276,-4.258,-3.979,-16.52,1.793,4.168,7.761,1.812,-5.513,-4.401,-3.965,0.0558,1.574,0.4317,11.83,4.753,0.3058,-3.07,-2.14,-0.6927,-0.1943,0.6917,0.2119,-0.4676,-2.945,-2.141,-2.659,6.593,5.07,1.553,-2.366,7.066,5.05,5.07,4.341,-1.59,-5.971,0.7896,3.578,9.805,-1.654,-2.838,2.161,4.944,3.057,-7.998,-4.531,-5.413,1.486
1204,1.01,1.648,2.799,2.197,2.513,-2.423,1.13,1.15,1.761,0.8434,-3.308,-4.896,-17.21,2.879,8.097,5.938,2.262,-8.658,-3.716,-0.6179,1.564,1.773,-1.193,13.65,3.897,0.5008,-2.114,-2.139,3.778,-1.981,0.856,4.056,0.4052,-0.8919,-2.764,-1.032,6.229,5.226,4.076,-2.396,3.588,5.05,5.07,3.365,-4.607,-3.697,-1.998,5.915,10.17,-0.2082,-2.167,0.2002,1.262,3.985,-9.538,-5.139,-6.313,3.576
1205,1.01,2.451,3.303,6.032,2.266,0.6728,1.13,1.15,5.136,4.232,-0.5068,-3.603,-14.04,3.944,4.765,4.864,2.622,-6.958,-3.421,-4.07,3.177,2.655,0.4452,13.2,3.613,1.487,-1.404,-0.5068,-0.8486,-3.139,-0.5928,2.929,0.4201,-0.7301,-0.2056,-2.242,5.742,4.68,1.642,-1.524,2.882,5.05,5.07,3.652,-2.219,-4.74,-2.268,3.88,8.467,-4.831,-3.08,2.615,2.539,3.391,-9.561,-2.875,-4.248,2.953
1206,1.01,1.884,-0.7547,6.367,-0.2049,2.228,1.13,1.15,4.3,-1.383,-2.09,-4.612,-14.59,4.327,6.254,7.335,1.533,-4.644,-3.316,-3.53,-0.063,2.255,2.896,12.73,5.295,2.451,-1.291,-4.168,1.187,-1.97,1.48,-0.9195,0.5028,1.998,-4.479,-0.1851,5.0,4.63,4.202,1.539,1.703,5.05,5.07,6.003,-2.6,-3.904,0.8036,1.758,9.784,-2.538,-0.6153,0.2579,2.645,1.892,-9.755,-3.039,-5.764,3.447
1207,1.01,0.1058,0.9765,6.137,0.0142,1.777,1.13,1.15,5.176,1.569,-1.752,-3.847,-15.59,1.873,9.886,6.304,1.426,-7.955,-4.551,-2.813,-0.9521,1.13,-1.061,11.05,1.629,0.69,-0.0979,-3.462,1.848,-0.8401,-1.119,-0.684,0.1166,-0.1925,-3.533,-0.5493,5.976,6.253,2.54,-1.755,3.578,5.05,5.07,6.663,-0.9503,-3.103,1.423,6.841,9.311,-0.6152,-4.749,1.231,1.32,3.183,-7.882,-4.311,-8.209,5.182
1208,1.01,4.847,-1.536,3.251,1.399,-0.4898,1.13,1.15,4.306,1.672,-0.83,-4.664,-15.38,3.919,4.902,6.649,0.199,-7.031,-4.092,-3.604,-0.079,1.935,-1.186,12.4,4.799,0.8615,-0.4574,-0.2257,2.99,-1.123,0.3855,-1.232,0.5022,-1.295,-3.001,0.0053,6.797,6.504,3.109,-0.035,3.265,5.05,5.07,4.564,-3.354,-5.761,0.5487,3.857,9.9,-0.7393,0.5016,0.0318,3.938,3.016,-9.554,-3.97,-6.134,3.378
1209,1.01,3.783,-5.075,3.933,0.0628,1.133,1.13,1.15,4.203,0.9982,-5.065,-4.079,-16.19,3.627,5.411,5.687,2.279,-7.848,-5.749,-2.875,-2.425,3.636,-3.566,12.94,3.327,1.73,-2.878,-2.365,0.6233,-1.337,0.4374,-0.5476,-0.3716,0.1953,-3.11,-0.646,6.942,5.845,4.445,-5.854,1.506,5.05,5.07,5.53,-4.922,-5.491,0.0713,3.866,6.484,-4.418,-5.096,-0.6604,3.527,2.227,-8.653,-2.033,-9.421,3.69
1210,1.01,0.8437,-2.272,4.512,1.731,-0.149,1.13,1.15,3.635,0.4043,-2.409,-4.35,-15.06,2.662,5.255,8.164,0.2178,-6.488,-3.114,-1.997,2.258,3.055,-0.222,12.91,3.775,-0.667,-0.7783,-1.974,3.612,0.0537,-1.428,0.5231,2.713,1.03,-1.916,-2.182,6.14,5.478,1.648,-2.72,4.415,5.05,5.07,6.35,-0.6939,-5.475,-0.9166,6.381,9.257,-1.011,0.1052,1.751,1.32,3.677,-7.936,-3.016,-3.788,3.369
1211,1.01,3.097,-3.128,1.266,0.8794,0.9398,1.13,1.15,2.182,1.272,-3.254,-5.033,-16.08,0.4471,9.044,6.869,4.19,-4.642,-5.259,-2.007,-1.742,2.833,-2.553,11.95,2.689,0.7284,-1.669,-0.3611,2.963,-0.0984,2.852,0.4065,2.674,-0.5843,-0.6683,-1.296,7.558,6.208,1.069,-1.95,1.217,5.05,5.07,2.911,-2.448,-3.979,-0.9139,4.94,11.41,-3.046,-4.665,2.344,4.562,3.541,-10.08,-5.552,-6.872,4.432
1212,1.01,1.756,4.128,2.424,1.177,0.0022,1.13,1.15,3.694,1.761,-2.312,-6.718,-16.72,4.459,5.696,5.876,3.105,-5.967,-4.45,-3.252,1.232,2.575,-0.6195,10.99,3.11,1.095,-2.711,-0.0841,0.9679,-2.819,1.555,1.188,0.1384,0.4263,-3.794,-0.9303,5.999,4.483,2.1,-0.6252,1.798,5.05,5.07,5.276,-2.682,-4.74,0.4669,4.09,9.132,-4.863,-4.286,1.426,2.645,1.289,-10.57,-3.318,-4.159,0.8413
1213,1.01,0.4392,1.571,5.594,0.5395,1.39,1.13,1.15,1.882,1.339,-4.255,-4.14,-15.79,4.758,5.607,5.72,2.934,-5.683,-4.931,-2.701,0.4397,1.308,-0.2179,11.8,3.832,-0.6042,-1.059,-2.887,1.326,-0.5585,-2.446,0.5711,-0.8243,0.5395,-0.6776,-1.112,6.528,8.694,2.091,-3.286,5.53,5.05,5.07,6.943,-2.402,-3.915,-0.3798,8.31,10.93,-2.458,-3.012,2.515,1.041,2.783,-8.748,-6.806,-6.808,4.898
1214,1.01,3.522,0.3131,3.838,1.513,1.068,1.13,1.15,4.394,1.382,-1.841,-3.47,-12.54,3.093,5.456,7.916,1.808,-6.025,-3.872,-3.009,2.589,-0.1578,0.8557,15.04,3.741,2.156,0.1896,-2.109,1.772,-2.141,3.794,-0.0143,1.082,0.6181,-4.634,-1.084,5.402,5.604,0.7232,-3.079,3.748,5.05,5.07,3.5,-1.772,-5.261,0.4229,4.565,9.021,-2.205,0.8554,3.251,2.713,2.91,-10.3,-5.268,-7.367,4.386
1215,1.01,-0.5342,0.6346,2.241,2.86,-0.7116,1.13,1.15,7.707,3.077,-2.31,-5.889,-16.12,5.265,3.501,5.3,-0.4885,-5.255,-2.352,-6.123,1.977,2.106,-1.388,15.07,2.146,3.061,-4.394,-1.958,1.807,-1.499,-2.437,-0.8464,0.4476,-0.3387,-2.417,0.2857,6.955,4.711,1.53,-3.263,4.504,5.05,5.07,1.503,-3.747,-4.172,-2.981,4.798,11.0,-4.049,-5.324,3.221,2.132,2.161,-9.588,-6.024,-4.419,2.74
1216,1.01,1.862,0.0243,5.113,2.413,-3.544,1.13,1.15,5.722,0.6048,-2.674,-3.033,-15.44,1.418,4.091,5.593,3.104,-3.632,-6.488,-2.953,0.2044,0.5376,1.498,13.85,5.273,1.572,-4.886,-0.9466,2.759,-1.279,0.0524,0.1937,-0.1754,0.2107,-2.953,-1.185,6.957,5.547,2.063,0.3275,0.5087,5.05,5.07,5.403,-0.3658,-5.904,-0.0652,6.066,11.09,-3.534,-1.127,0.6868,4.741,3.64,-10.33,-2.948,-6.001,3.869
1217,1.01,1.575,-7.158,4.001,0.0821,3.549,1.13,1.15,4.51,1.349,-2.187,-2.722,-15.14,5.127,6.597,7.009,1.324,-6.05,-3.657,-0.5513,0.4665,4.446,-0.1394,14.45,6.041,0.8378,-0.6369,-2.484,3.09,-1.447,-2.595,0.9872,-0.8081,-0.2838,-2.587,-1.732,6.049,5.34,3.58,-1.27,6.753,5.05,5.07,6.083,-4.708,-6.73,-0.7777,7.391,8.722,-3.231,-1.653,1.571,3.004,2.118,-10.67,-2.485,-4.275,2.391
1218,1.01,1.251,-0.4864,2.544,1.328,-2.309,1.13,1.15,4.449,0.6061,-2.605,-3.421,-14.52,2.802,4.506,6.12,-0.1081,-4.847,-3.918,-4.328,2.192,0.4043,-0.6769,12.43,4.759,1.874,-4.738,-3.556,2.914,-2.901,1.727,-0.1517,-1.134,-0.5391,-4.159,-1.325,7.145,4.304,3.193,-4.644,1.849,5.05,5.07,3.946,-0.5744,-6.779,-0.4153,5.287,10.59,-3.781,-3.196,2.206,4.893,1.198,-10.22,-3.774,-2.384,2.938
1219,1.01,3.324,-1.194,6.191,-0.9491,0.626,1.13,1.15,4.192,1.099,-2.44,-3.088,-17.01,5.554,7.219,7.603,3.48,-6.029,-3.215,-2.16,-0.1247,3.166,-0.3785,16.44,4.757,4.032,-1.056,-2.034,1.607,2.018,3.613,-0.3686,0.018,-0.1941,-1.68,-1.559,6.597,4.876,3.703,-0.7688,1.316,5.05,5.07,4.611,-0.8212,-6.831,0.1525,5.182,9.933,-3.237,0.1867,3.674,4.979,3.664,-8.474,-5.657,-6.181,2.451
1220,1.01,-0.4028,1.093,3.858,0.8122,-1.183,1.13,1.15,1.85,0.1221,-5.27,-2.221,-17.5,3.885,4.209,5.501,2.434,-7.45,-2.664,-2.497,2.331,2.93,0.8133,12.29,2.145,-0.3172,-3.967,-1.602,0.3942,-1.251,-0.8064,-0.4236,0.8335,-0.073,-2.832,-1.674,6.28,2.28,4.331,-2.864,4.259,5.05,5.07,2.545,-1.915,-3.325,2.167,7.254,8.347,-0.7678,-1.848,2.401,3.872,3.051,-11.0,-3.08,-4.361,4.568
1221,1.01,3.456,-0.6576,4.531,1.007,-0.1546,1.13,1.15,4.397,0.8895,-2.069,-2.904,-12.65,2.186,4.687,4.474,0.3831,-5.409,-3.811,-2.61,0.7193,3.409,-1.419,15.49,2.619,2.734,-1.427,-3.126,2.087,-0.4926,-0.2698,2.019,-0.1048,-0.1518,-0.3234,-0.5378,4.591,8.282,1.726,-3.854,1.959,5.05,5.07,3.417,-0.0786,-5.935,-2.427,5.027,11.31,-2.548,-3.438,2.374,4.105,2.686,-11.2,-6.423,-3.212,1.344
1222,1.01,0.5153,5.7,2.146,0.4924,1.919,1.13,1.15,0.6414,1.739,-2.661,-6.608,-17.98,2.94,5.354,6.472,2.421,-6.271,-7.172,-3.02,0.3907,2.835,-1.614,13.41,4.849,0.5166,-1.309,-2.328,1.916,-1.23,0.9409,1.773,2.241,1.831,-1.908,-1.399,7.188,5.523,5.44,-3.373,2.472,5.05,5.07,3.329,0.6538,-2.544,0.2991,4.141,5.421,-2.564,-2.267,3.359,3.623,2.697,-8.701,-3.543,-3.554,3.753
1223,1.01,0.9167,0.1294,5.121,0.3096,-0.3312,1.13,1.15,5.6,-0.1818,-4.641,-3.007,-16.03,6.681,8.072,6.512,2.962,-3.93,-3.641,-4.388,1.536,0.1392,-0.5248,14.32,2.37,1.239,-2.324,-0.3499,1.212,-0.6914,-0.535,3.628,0.6562,1.349,-3.664,-0.6533,7.053,4.762,2.39,-0.7433,2.778,5.05,5.07,3.425,-3.214,-3.984,1.137,1.328,10.28,-2.04,0.0327,3.196,4.164,1.496,-9.576,-6.245,-11.15,4.224
1224,1.01,0.5323,-0.4282,6.085,-1.611,-1.029,1.13,1.15,5.462,0.2234,-3.177,-5.55,-17.26,2.784,7.037,5.627,1.767,-5.695,-2.705,-4.22,2.33,-1.182,0.2526,13.8,3.338,1.687,-1.655,-1.155,2.43,0.3133,0.127,-2.0,-0.3849,-1.202,-1.669,-0.797,7.87,4.899,2.774,0.0821,1.736,5.05,5.07,5.491,-4.111,-4.53,1.941,6.096,4.305,-2.188,-1.527,0.3786,4.251,4.191,-10.5,-5.23,-5.493,4.064
1225,1.01,0.3905,0.7535,5.356,1.414,1.273,1.13,1.15,2.779,-0.6654,-3.597,-5.217,-17.45,1.835,7.858,4.641,2.373,-7.187,-3.73,-3.364,1.876,1.026,0.6438,14.58,0.9557,0.2288,-2.801,-0.7347,2.647,-2.378,-0.9046,3.84,0.2344,0.6016,-1.831,0.9932,7.002,3.389,2.644,-0.0746,2.973,5.05,5.07,5.423,-3.101,-2.4,3.143,2.917,9.993,-1.512,-2.853,0.3359,1.471,2.604,-10.98,-1.593,-3.747,3.957
1226,1.01,2.98,4.834,4.903,-1.354,2.508,1.13,1.15,3.742,3.356,-3.128,-3.959,-18.64,4.478,6.01,8.306,1.284,-4.253,-4.632,-3.007,2.763,1.787,-1.285,13.06,6.582,2.761,-0.5447,-1.121,0.9293,-2.856,0.382,0.0034,-0.1133,1.091,-2.229,-0.3264,6.44,1.854,2.616,-1.128,0.3334,5.05,5.07,3.057,-0.3256,-3.778,-0.8903,6.077,8.185,-2.369,-3.505,0.5148,3.609,1.787,-11.07,-4.897,-4.964,4.02
1227,1.01,1.675,-1.539,3.924,-1.939,-0.148,1.13,1.15,5.407,1.321,-4.679,-4.09,-17.29,2.095,7.371,7.278,1.034,-4.504,-4.686,-4.039,0.5475,2.534,-0.4682,11.37,4.403,1.164,-3.239,-0.9883,2.974,-1.704,2.214,0.1793,1.253,-0.1865,-0.8613,-0.1914,6.343,6.506,3.523,-2.354,5.283,5.05,5.07,3.459,-1.64,-5.966,1.669,4.752,7.149,-4.798,-1.87,3.994,3.132,2.021,-9.71,-5.096,-2.462,3.133
1228,1.01,3.869,-1.085,3.894,0.9441,0.1337,1.13,1.15,4.098,0.4288,-3.256,-6.92,-17.68,2.805,6.005,3.956,2.544,-6.406,-4.644,-5.857,1.468,3.649,0.3104,13.05,2.395,1.838,-2.207,-0.242,-0.1329,-0.0842,-1.581,-0.1703,1.179,1.302,-2.347,-0.989,8.277,5.933,-0.0615,0.9358,2.491,5.05,5.07,2.774,-2.922,-4.333,0.9533,5.594,7.96,-1.852,-4.453,1.407,0.4995,1.445,-10.17,-3.934,-6.771,1.675
1229,1.01,2.743,7.161,5.376,0.7717,2.425,1.13,1.15,4.424,-0.944,-2.874,-4.956,-17.35,1.546,6.31,5.401,1.264,-7.216,-4.459,-3.851,0.3793,-0.6163,-0.9875,15.16,3.002,-0.094,-2.407,-2.946,0.6376,-1.2,0.3465,1.919,0.2308,2.082,-1.008,-1.103,7.565,5.503,3.497,-0.7489,1.468,5.05,5.07,4.788,-1.542,-2.518,-0.069,5.557,4.509,-6.151,-4.708,1.619,5.772,3.592,-9.069,-5.21,-4.302,3.157
1230,1.01,2.257,2.108,2.289,2.598,-1.519,1.13,1.15,6.074,0.3544,-4.101,-4.295,-14.07,2.298,6.762,4.047,5.4,-7.685,-4.334,-4.132,-0.1041,3.021,-4.033,13.22,4.647,-0.007,-2.056,-0.9736,1.09,-1.286,3.198,0.9877,-1.695,0.3437,-1.088,0.0005,8.103,3.574,-0.031,-2.309,2.874,5.05,5.07,6.577,-4.301,-3.514,0.4001,4.35,3.909,-0.6025,-3.454,1.57,5.348,3.278,-9.369,-4.719,-8.326,4.604
1231,1.01,0.0111,2.714,3.056,0.1664,0.4822,1.13,1.15,3.009,0.9702,-1.694,-4.079,-14.67,2.99,7.062,6.978,1.674,-5.428,-4.325,-3.213,3.293,-1.302,0.433,13.62,1.713,1.736,-2.053,-2.324,3.927,-2.82,-2.862,-0.8059,-1.094,0.3893,-1.339,-1.633,6.211,6.648,2.161,0.2803,4.231,5.05,5.07,5.762,-3.787,-3.783,-1.498,4.047,9.821,-1.981,0.4473,0.2104,4.665,4.629,-9.191,-3.567,-4.17,3.139
1232,1.01,2.123,-2.126,1.992,4.038,-0.2435,1.13,1.15,1.596,-0.7147,-3.405,-3.964,-15.63,1.833,6.505,5.412,2.769,-7.647,-2.052,-2.798,0.6649,2.6,1.148,14.32,5.093,-0.7879,0.1131,0.7232,-0.3635,-1.058,1.315,0.203,-3.702,2.467,-0.4366,-1.208,5.123,4.207,3.115,-0.8949,5.089,5.05,5.07,3.884,-3.577,-4.86,1.048,3.577,7.438,-1.994,-1.207,3.055,4.661,2.735,-9.331,-3.923,-6.769,3.084
1233,1.01,2.886,-3.06,6.351,2.492,-1.778,1.13,1.15,3.419,-1.352,-1.077,-4.793,-17.78,1.501,5.777,4.249,0.7852,-7.979,-3.918,-0.9234,-2.256,-2.081,0.0657,12.92,4.518,-0.6978,-0.9932,0.4298,1.15,-1.122,-0.0963,0.9928,-0.1852,2.146,-0.5713,-3.982,5.921,5.918,4.242,-5.011,2.287,5.05,5.07,6.88,-2.114,-3.023,2.693,5.153,4.522,-1.576,-0.5812,2.313,3.786,2.405,-8.713,-5.05,-6.109,3.847
1234,1.01,0.5933,2.666,6.816,1.348,-0.4092,1.13,1.15,2.444,1.252,-2.499,-6.593,-16.7,3.57,5.758,5.742,1.718,-5.771,-3.376,-2.753,0.4239,2.659,2.027,14.64,6.97,-0.7401,-1.222,-1.01,-0.3529,-2.149,3.218,-0.3301,2.105,0.7654,-1.349,-0.2771,7.73,6.673,2.707,-1.293,3.999,5.05,5.07,5.926,-2.6,-4.976,-0.3253,4.295,8.197,-3.462,-4.042,1.888,2.88,1.548,-8.801,-3.177,-3.151,2.34
1235,1.01,1.192,-1.773,6.433,-1.678,1.025,1.13,1.15,3.426,1.466,-3.278,-4.738,-15.16,1.107,5.933,6.866,-0.5129,-3.778,-4.19,-2.951,3.933,-1.483,-1.012,16.97,4.141,1.984,-4.964,1.091,3.683,-2.528,3.444,1.614,0.6936,0.4983,-2.039,-0.1552,8.073,7.536,2.29,-1.952,1.39,5.05,5.07,5.688,-8.88,-4.279,-1.859,6.412,9.464,-3.231,-0.8294,1.919,3.844,4.081,-9.86,-6.105,-3.678,2.463
1236,1.01,0.5522,-3.375,4.74,3.799,0.096,1.13,1.15,4.231,0.9889,-3.489,-7.18,-16.54,3.07,6.157,5.813,2.546,-5.952,-4.582,-3.394,0.3633,-0.9802,1.424,12.02,4.3,1.97,-2.821,-2.028,1.634,-0.4071,-0.0008,0.6683,-0.5578,0.4644,-0.4552,-1.446,5.143,5.264,5.419,-1.98,1.693,5.05,5.07,4.227,-0.6767,-2.64,-0.0588,5.579,9.434,-3.316,-1.603,2.691,0.5955,2.93,-9.515,-5.62,-5.29,1.38
1237,1.01,1.274,0.3481,5.429,2.237,1.23,1.13,1.15,2.07,-0.9697,-3.224,-3.865,-14.94,-1.227,6.155,4.488,1.306,-6.168,-4.164,-4.121,2.178,0.5531,-2.624,12.38,4.072,2.987,-3.384,-2.437,-0.2643,-2.446,0.6012,0.8098,-1.483,0.308,-1.592,-1.437,5.601,4.599,5.149,-2.542,3.675,5.05,5.07,5.118,-1.073,-3.926,0.2388,5.074,9.257,-3.958,-0.9761,3.493,3.634,3.925,-8.353,-3.565,-2.687,4.082
1238,1.01,1.128,0.1192,4.122,1.363,0.3105,1.13,1.15,4.022,0.3428,-3.965,-5.836,-15.13,2.155,6.638,7.34,2.376,-6.669,-5.441,-4.263,0.3934,-0.1043,0.9486,15.24,2.812,0.2554,-1.277,-1.729,0.5285,-0.6343,-2.28,0.4233,-1.576,-1.447,-3.604,-1.32,5.015,6.577,1.419,-0.3977,4.923,5.05,5.07,2.807,-2.27,-2.38,0.5971,3.568,4.154,-1.439,-4.357,1.732,3.601,3.323,-9.832,-3.894,-8.636,3.238
1239,1.01,2.274,-0.1078,5.237,0.2034,-0.4144,1.13,1.15,4.844,0.1728,-3.656,-5.722,-15.26,3.933,7.702,6.85,0.279,-4.531,-3.41,-4.051,-1.081,1.815,-0.5691,15.02,3.827,1.549,-1.847,-2.012,0.1911,-4.361,0.7363,1.104,0.3506,1.434,-4.77,-0.7183,6.742,4.503,5.812,-1.306,5.83,5.05,5.07,6.179,-7.737,-3.679,0.8438,5.374,5.459,-2.668,-0.2656,2.083,3.956,3.547,-9.44,-3.507,-7.248,4.407
1240,1.01,3.626,-0.7352,2.676,-0.1278,1.368,1.13,1.15,3.315,0.0638,-4.894,-3.81,-17.38,1.413,6.736,7.035,0.8308,-5.718,-4.138,-5.617,0.3604,0.4317,0.5031,12.73,1.735,-1.113,-2.869,-1.682,1.024,-1.103,1.539,0.6164,-1.243,2.71,-3.569,0.2819,6.99,4.387,3.319,-2.55,4.675,5.05,5.07,4.027,-1.482,-5.44,0.4759,3.59,7.766,-1.949,1.515,2.545,2.805,3.196,-8.511,-2.08,-4.798,2.878
1241,1.01,2.008,-1.062,1.032,0.792,-2.715,1.13,1.15,4.564,2.378,-4.232,-3.616,-15.38,2.215,4.688,3.914,0.43,-7.24,-4.741,-2.516,-0.9247,1.809,0.2003,15.7,4.139,-0.1598,-0.7235,-2.768,1.638,-1.513,1.479,0.445,0.1912,2.625,-2.461,0.5395,7.047,6.724,2.153,-2.84,1.673,5.05,5.07,4.192,-0.486,-4.624,0.7644,4.512,12.72,-2.901,-0.9028,2.559,2.501,3.416,-11.19,-2.968,-6.074,3.833
1242,1.01,1.403,3.664,4.154,3.523,-2.183,1.13,1.15,4.252,2.472,-4.724,-3.175,-18.14,0.1312,4.803,8.845,1.587,-6.018,-3.502,-4.255,1.459,1.742,0.9856,14.39,5.095,3.51,-1.717,-4.632,0.9277,-3.119,-3.404,1.168,-1.263,-1.527,-1.409,-1.664,6.702,4.263,1.404,-2.078,1.914,5.05,5.07,3.877,-3.341,-6.237,-2.179,5.442,5.728,-2.237,-3.781,2.345,4.608,1.88,-11.32,-5.532,-2.751,1.923
1243,1.01,0.663,1.847,5.109,1.213,-0.3071,1.13,1.15,4.995,3.675,-2.054,-4.783,-16.59,2.248,6.134,3.121,1.855,-6.078,-6.234,-5.487,0.7582,0.3709,-1.189,14.54,2.901,1.168,-0.274,-0.4605,1.513,-1.527,3.13,-0.064,-0.7943,1.7,-1.351,-0.8454,7.062,8.79,3.925,0.4493,2.629,5.05,5.07,5.803,-3.119,-2.57,0.2506,3.367,9.66,-2.038,-3.205,3.884,3.067,3.067,-9.426,-5.257,-5.378,5.133
1244,1.01,2.218,-1.911,2.087,4.116,-1.58,1.13,1.15,3.285,3.222,-5.633,-2.606,-19.7,2.042,5.598,8.901,1.703,-4.997,-3.71,-3.734,-0.6364,3.471,1.774,15.46,4.091,0.2947,-2.043,-0.6156,1.191,-0.7774,1.344,1.837,0.8191,-1.325,-1.14,-0.5227,8.39,6.09,2.017,-1.462,5.052,5.05,5.07,5.636,-2.342,-5.099,0.3416,2.834,9.214,-0.9364,-2.331,2.155,4.204,1.612,-9.056,-4.71,-1.105,3.647
1245,1.01,3.06,1.136,4.876,0.0232,1.596,1.13,1.15,4.378,-1.233,-2.619,-6.678,-14.09,1.911,5.239,8.904,0.6958,-2.705,-6.029,-3.642,-0.9723,1.384,-2.644,14.63,2.005,-0.0285,-0.417,-0.8113,0.5846,-1.948,-0.1103,0.161,0.6389,-1.072,-5.372,-1.951,7.032,7.589,2.644,-1.293,2.389,5.05,5.07,5.4,-0.5888,-6.232,-0.0033,4.433,4.807,1.012,-5.006,0.9194,3.919,3.879,-8.738,-4.313,-0.5942,2.392
1246,1.01,2.802,-2.566,2.167,2.123,2.059,1.13,1.15,5.189,0.7442,-0.9889,-3.253,-19.22,4.433,9.058,6.186,2.691,-5.636,-4.532,-5.396,0.3099,-0.1349,1.1,17.77,3.611,1.649,-1.35,-4.668,2.03,-1.014,-1.846,0.7471,0.4149,-0.5702,-2.892,-0.6686,6.807,4.672,3.77,-1.847,5.053,5.05,5.07,3.297,1.65,-3.616,-2.936,3.436,6.332,-1.042,-4.415,2.656,2.769,3.2,-9.63,-3.07,-9.628,3.246
1247,1.01,1.942,-0.1501,3.174,3.825,-1.168,1.13,1.15,3.242,0.5743,-0.8922,-5.605,-16.94,3.086,7.351,6.52,-0.6457,-5.585,-1.215,-4.097,1.49,1.735,1.748,15.8,4.211,1.559,-2.088,-2.64,0.2677,1.07,-2.179,1.907,2.079,0.0799,-0.5306,0.5472,7.747,6.164,2.87,0.0686,2.827,5.05,5.07,2.193,-4.581,-4.758,-0.3455,5.42,5.261,-2.756,-2.795,2.439,3.767,4.026,-9.339,-3.992,-5.8,1.532
1248,1.01,3.593,3.419,7.586,4.075,-4.022,1.13,1.15,1.712,1.131,-0.6236,-6.428,-17.6,3.549,6.873,6.772,2.64,-4.529,-2.332,-3.938,0.0198,3.729,0.5316,15.71,4.257,1.391,-2.052,-1.42,3.412,-2.353,-0.7472,1.063,-0.344,0.2249,-0.4036,-1.13,6.571,2.72,3.098,-3.439,4.583,5.05,5.07,4.565,-2.631,-3.57,3.426,7.004,8.244,0.0576,-1.322,5.386,4.276,4.103,-7.664,-2.641,-7.112,3.922
1249,1.01,0.8541,-1.001,6.565,1.658,-0.4313,1.13,1.15,4.272,2.464,-3.081,-6.682,-15.47,4.3,5.799,7.491,3.207,-5.109,-0.778,-1.816,1.564,-0.2089,-3.022,13.27,4.506,1.524,-4.107,1.747,-1.133,0.3377,2.484,-1.338,0.4169,0.1986,-0.1932,-0.7719,6.194,4.325,2.868,-3.668,3.886,5.05,5.07,4.839,-4.472,-2.463,1.338,6.256,5.875,-2.18,-7.048,2.98,1.799,2.217,-9.136,-3.306,-6.341,3.426
1250,1.01,0.8175,-1.625,5.951,-0.549,-1.024,1.13,1.15,3.582,2.074,-3.249,-6.518,-17.85,4.079,4.317,5.907,1.586,-6.682,-2.235,-3.541,2.65,0.6918,0.0912,15.59,3.661,0.6162,-2.89,-2.567,0.8047,-2.456,-0.1411,2.622,-0.7202,3.25,-1.201,-1.815,6.936,6.737,5.966,-3.578,3.222,5.05,5.07,4.419,-0.3833,-3.277,1.109,5.557,8.645,-0.2556,-3.337,1.945,4.754,2.632,-9.274,-2.875,-6.829,3.317
1251,1.01,0.3844,-1.192,3.734,-1.087,-2.083,1.13,1.15,3.095,-0.441,-3.833,-1.93,-18.04,2.197,8.406,7.906,1.79,-7.809,-5.446,-4.907,1.071,0.1976,3.864,13.23,1.153,1.197,-1.257,-0.8681,0.0201,0.5412,-0.601,2.05,-0.9214,0.0038,-2.228,-0.2262,5.007,6.622,3.532,-1.563,3.561,5.05,5.07,6.086,-2.025,-3.53,-0.5946,1.768,8.152,-0.4587,0.8934,4.128,2.159,2.724,-11.09,-2.143,-6.328,4.433
1252,1.01,1.213,1.076,6.802,1.375,-0.548,1.13,1.15,5.055,0.4938,-2.118,-3.158,-14.89,2.195,6.686,6.602,1.533,-5.65,-4.089,-4.162,2.785,2.659,-1.897,15.01,4.917,2.199,0.1762,-4.903,1.849,-1.971,1.614,3.063,0.594,0.9042,-1.19,0.1633,6.001,4.716,1.814,-1.058,1.308,5.05,5.07,2.623,-1.306,-2.396,2.047,5.142,8.829,-2.853,-2.459,3.144,4.966,3.927,-8.099,-5.017,-5.048,2.533
1253,1.01,2.249,2.285,3.486,-0.1935,-1.484,1.13,1.15,3.754,1.664,-2.987,-4.386,-16.62,2.338,8.415,5.738,0.259,-5.854,-1.835,-5.294,0.1968,0.5528,0.6586,14.26,5.523,-0.2036,-1.109,-1.725,1.39,-2.346,-2.068,3.295,-1.557,-1.963,-3.537,-0.4952,6.095,5.775,2.098,-1.781,2.821,5.05,5.07,6.33,-1.751,-3.74,1.085,5.142,9.093,-1.269,-0.6742,2.467,4.936,1.795,-9.173,-3.842,-4.774,3.555
1254,1.01,3.033,-1.264,4.191,0.5087,0.228,1.13,1.15,3.592,2.329,-2.949,-4.944,-16.75,4.169,4.841,4.402,1.026,-6.576,-3.166,-1.58,2.1,0.7058,-2.145,16.0,2.693,4.353,-0.3728,0.3194,1.763,-2.889,0.1193,0.8861,-1.933,1.163,-0.3462,-0.403,5.374,4.084,3.526,0.0403,1.519,5.05,5.07,4.033,1.713,-4.351,-1.658,3.926,12.17,-1.213,0.3135,3.168,5.732,4.629,-11.48,-3.04,-1.839,0.8727
1255,1.01,-0.1787,-3.437,3.323,2.204,1.149,1.13,1.15,5.935,3.533,-3.069,-2.677,-17.52,2.153,7.436,8.891,2.389,-6.798,-1.445,-2.976,1.316,3.108,1.236,13.2,3.896,-1.034,-1.046,-0.3641,-1.196,-0.9574,-2.532,0.0785,-1.569,0.6706,-2.427,-0.8626,6.866,4.139,3.619,-1.024,6.889,5.05,5.07,5.259,-2.953,-4.699,-0.6615,3.832,5.411,-2.723,-1.609,2.868,2.249,3.162,-10.38,-3.495,-7.222,2.742
1256,1.01,2.54,-2.851,4.439,4.671,-1.066,1.13,1.15,2.746,2.744,-4.089,-3.921,-17.28,2.98,4.575,4.012,2.086,-4.411,-2.923,-2.331,1.616,0.6305,0.4185,14.66,2.472,2.129,-2.099,-2.18,3.769,-0.3377,3.291,0.5832,-1.056,2.613,-2.796,-2.617,6.633,5.188,1.602,-1.89,5.245,5.05,5.07,3.812,-6.01,-2.528,0.3943,6.437,10.75,-1.802,-1.646,1.37,4.515,2.634,-8.385,-3.683,-5.463,4.313
1257,1.01,1.755,-1.602,8.157,3.446,-0.1862,1.13,1.15,5.424,1.124,-2.756,-3.252,-18.51,1.797,3.941,7.207,1.926,-4.569,-3.762,-4.456,0.403,2.868,-2.677,15.16,4.307,4.15,-0.9845,-0.895,0.5509,-1.851,-0.9465,-1.371,1.138,-0.3334,-3.324,-0.4641,7.504,3.863,2.919,-0.8528,0.2123,5.05,5.07,0.8191,-6.179,-1.804,0.4819,6.127,10.7,-3.176,0.2631,2.214,5.05,3.288,-8.991,-5.664,-5.777,0.8457
1258,1.01,1.158,-0.8071,3.371,-1.445,-0.5585,1.13,1.15,4.876,0.1795,-3.643,-4.862,-15.87,3.204,4.268,5.533,0.8306,-7.429,-5.918,-5.289,1.09,2.816,0.8387,12.77,0.5436,3.826,-1.778,-1.09,2.065,-2.404,0.3763,-1.013,-2.546,-1.22,-2.893,-0.2663,5.907,5.037,0.7841,-2.336,3.278,5.05,5.07,3.625,1.026,-5.919,-1.588,4.375,9.378,-1.924,-0.6661,2.805,1.722,1.869,-10.59,-5.817,-3.079,3.496
1259,1.01,3.857,-1.52,6.188,1.26,-3.289,1.13,1.15,3.313,0.1297,-4.195,-4.474,-17.97,-0.2917,7.263,5.58,2.334,-5.39,-5.452,-4.303,-0.0962,1.607,0.1025,13.16,5.152,0.9301,-3.153,-3.388,0.9339,-2.689,-1.404,2.546,4.132,1.007,-1.141,-1.106,7.832,4.628,3.612,-0.9756,8.286,5.05,5.07,3.194,-3.083,-5.062,-1.243,5.311,10.85,-4.527,-3.51,0.2623,4.631,2.794,-10.23,-1.731,-6.192,2.298
1260,1.01,2.048,-0.4509,2.213,1.321,-2.235,1.13,1.15,5.358,1.181,-1.673,-3.386,-17.52,2.655,6.116,4.454,2.139,-7.345,-4.516,-5.248,1.386,2.92,0.0214,13.01,5.15,2.629,-1.008,-3.143,1.439,-1.944,1.844,-0.5631,1.671,2.369,-2.699,-0.7133,5.92,4.869,1.798,-1.478,1.981,5.05,5.07,5.876,-3.619,-6.245,-0.1293,3.241,5.704,-1.744,-5.325,1.356,3.222,3.445,-9.662,-2.718,-4.625,4.166
1261,1.01,2.013,-1.542,3.585,-2.133,1.152,1.13,1.15,5.223,0.998,-3.012,-2.265,-15.42,2.776,4.934,6.666,2.614,-4.155,-2.431,-2.657,1.339,1.233,-0.9457,11.47,5.034,4.819,-1.939,-1.321,1.056,-0.2864,3.503,1.084,1.571,3.367,-2.258,0.2914,6.72,5.495,3.041,-2.97,4.804,5.05,5.07,6.176,-2.856,-6.491,0.1496,5.222,8.101,-5.898,-5.369,2.168,1.928,3.236,-8.311,-4.173,-6.648,3.873
1262,1.01,2.313,0.7157,2.819,0.5183,-0.6282,1.13,1.15,5.133,0.3211,-4.307,-4.137,-18.02,2.77,5.113,8.608,1.408,-7.639,-5.128,-4.049,2.764,2.075,-1.028,12.72,4.573,-0.2139,-0.8163,-3.088,0.4915,-2.438,0.1561,0.4689,-2.628,2.611,-3.18,0.8421,6.285,4.432,3.287,-0.3268,0.8455,5.05,5.07,4.873,1.416,-4.031,-2.53,2.98,4.263,-1.633,-0.7927,1.072,3.608,3.9,-9.398,-5.505,-5.111,4.031
1263,1.01,1.944,-0.5725,0.1462,1.93,-0.9447,1.13,1.15,5.041,1.303,-3.517,-4.258,-16.81,1.876,4.333,5.163,2.633,-8.654,-3.403,-5.871,-1.039,1.888,0.8134,13.02,2.91,1.115,-2.441,-1.519,-1.213,-0.8707,-1.894,0.8905,-0.7261,-1.416,-1.931,-1.48,6.524,2.341,4.233,-0.5253,3.723,5.05,5.07,5.102,0.3625,-3.056,-0.7717,5.393,10.94,-3.165,-3.287,3.438,4.492,3.488,-9.405,-2.664,-4.032,3.723
1264,1.01,5.138,1.474,3.451,-1.621,1.2,1.13,1.15,2.488,2.388,-3.822,-5.892,-16.5,2.5,6.531,3.205,2.695,-7.194,-3.503,-2.549,1.342,1.236,0.0207,13.33,2.892,1.273,-0.1256,-0.7308,0.1247,-0.9881,-2.38,0.7625,0.2031,1.317,-1.928,-1.083,5.705,4.041,2.21,-1.974,2.841,5.05,5.07,4.586,-5.286,-3.427,-0.4134,3.101,10.5,-3.345,-1.629,3.122,5.154,1.671,-8.699,-5.577,-3.458,2.395
1265,1.01,3.283,1.918,2.414,2.166,-0.9619,1.13,1.15,5.44,1.168,-3.096,-4.347,-16.03,0.5221,7.385,6.842,0.0302,-4.853,-4.264,-4.48,1.364,3.072,0.1126,14.58,4.988,-0.8682,0.0256,-1.79,0.4684,-3.442,-0.226,-1.143,0.1308,2.446,-3.102,-0.354,6.303,5.384,4.802,-2.394,3.307,5.05,5.07,3.682,-0.8141,-3.855,-0.9025,4.685,4.054,-6.461,-5.5,1.898,4.288,2.098,-9.13,-4.168,-6.533,2.31
1266,1.01,1.717,0.7023,6.567,-0.7888,1.458,1.13,1.15,3.298,1.46,-3.353,-3.159,-15.42,2.76,6.335,3.083,2.376,-6.77,-3.586,-3.339,0.7742,1.972,-2.521,15.83,2.987,0.0732,-2.685,-2.081,1.338,-1.31,-1.056,0.6429,0.3082,0.6859,-0.8045,-2.404,6.062,5.851,4.933,-2.414,3.57,5.05,5.07,5.245,1.145,-3.105,0.4378,3.816,7.973,-3.481,-6.832,1.182,1.333,3.283,-10.54,-1.233,-4.779,3.358
1267,1.01,1.07,-5.986,3.564,0.7998,0.1544,1.13,1.15,3.799,2.427,-3.691,-4.317,-16.93,1.941,7.374,7.889,2.197,-4.987,-3.187,-3.146,1.724,1.256,0.7284,13.56,2.716,2.482,-2.079,-1.445,0.0328,0.3862,-0.7353,-1.247,0.9165,1.513,-3.757,-0.5937,6.429,7.256,2.912,-2.912,2.683,5.05,5.07,3.444,-4.534,-5.399,0.3882,4.6,7.218,-4.807,-2.922,1.692,2.92,4.293,-9.621,-4.935,-3.522,5.87
1268,1.01,2.073,-3.291,3.916,2.834,-3.47,1.13,1.15,2.009,1.189,-4.311,-3.035,-15.32,3.186,7.257,3.334,1.307,-5.04,-5.316,-4.375,1.411,0.4723,-0.7916,13.95,3.412,2.519,-1.088,-2.046,0.3514,-2.042,1.928,-0.0195,-0.7407,1.922,-2.135,-0.9926,6.175,5.719,4.529,-2.39,3.717,5.05,5.07,3.692,-2.024,-3.045,1.21,4.782,8.197,-2.856,-3.788,0.978,2.428,4.604,-9.842,-3.289,-6.117,2.104
1269,1.01,1.036,-1.271,3.558,1.726,-0.0507,1.13,1.15,6.524,1.365,-3.84,-4.973,-16.96,3.906,4.307,6.523,1.59,-3.655,-2.573,-1.28,-2.431,-0.1352,-1.284,15.1,0.4201,0.3369,-1.809,-1.025,1.325,-2.345,0.3664,-0.0933,-1.478,-2.095,-1.134,0.9191,5.277,3.805,2.08,-3.52,5.675,5.05,5.07,2.211,-3.107,-6.652,-0.633,0.9336,9.659,-3.211,-2.253,1.997,4.991,1.502,-10.43,-3.027,-6.412,1.356
1270,1.01,1.295,3.478,4.665,-0.7053,0.2655,1.13,1.15,4.51,0.0387,-2.549,-3.676,-13.84,2.697,4.446,5.846,-0.4259,-7.544,-4.357,-5.362,2.061,3.674,-0.4666,12.84,2.884,-2.338,-0.1732,-1.835,2.667,0.0885,0.3871,0.6774,0.2373,2.956,-3.423,-1.418,5.298,5.554,2.004,-3.393,5.223,5.05,5.07,3.93,-0.9795,-4.609,-0.6876,4.978,6.33,-2.738,-4.625,1.262,2.389,3.884,-9.445,-4.243,-7.672,4.228
1271,1.01,1.773,0.0252,3.903,1.256,-0.6359,1.13,1.15,2.115,3.137,-3.855,-2.313,-19.77,1.867,6.155,6.938,2.896,-7.897,-5.735,-2.587,1.594,-0.5371,-0.2217,14.53,4.122,0.2571,-3.763,-0.6458,3.734,-2.207,2.246,2.901,0.0962,-1.52,-2.184,-2.296,3.897,6.168,2.369,-1.98,4.492,5.05,5.07,4.113,-3.154,-4.461,-0.0439,4.63,10.17,-1.021,-0.6307,2.039,3.338,3.298,-10.79,-2.518,-5.451,1.969
1272,1.01,0.7346,1.699,5.351,2.837,-0.8784,1.13,1.15,4.495,-0.5588,-3.837,-2.276,-16.91,3.38,8.025,5.024,2.136,-5.958,-1.784,-3.594,0.3067,2.076,-1.405,14.93,5.75,4.341,0.3152,0.6348,1.74,-0.626,2.525,0.6556,2.012,0.9547,-2.99,-0.4539,4.436,5.014,2.096,0.6827,3.423,5.05,5.07,7.408,-3.718,-3.887,-1.164,4.572,5.349,-2.881,-2.866,2.941,2.03,3.786,-9.775,-3.604,-6.022,2.764
1273,1.01,3.546,0.5985,4.711,0.194,1.407,1.13,1.15,3.136,0.543,-2.427,-4.079,-15.95,3.597,5.149,3.611,2.356,-4.766,-1.227,-2.449,2.187,2.441,1.532,13.02,4.444,0.769,-2.681,-1.986,2.281,-0.5841,5.903,1.006,2.894,0.5871,-2.229,-0.992,6.809,5.537,1.549,-5.279,2.471,5.05,5.07,4.642,-0.5448,-5.244,0.736,5.497,4.838,-3.45,-2.466,1.013,5.338,2.663,-9.672,-5.38,-4.095,2.135
1274,1.01,2.625,-7.937,4.076,0.3033,0.9138,1.13,1.15,1.884,-1.074,-1.93,-5.033,-17.4,2.445,6.572,9.052,1.203,-6.943,-4.717,-2.482,-0.8307,2.622,0.1565,13.27,4.771,-1.202,-3.012,-0.89,0.879,0.5732,0.2054,0.0558,-0.7394,2.516,-3.613,-0.4214,6.193,5.689,0.9356,-0.1287,2.868,5.05,5.07,4.065,-3.056,-3.229,0.7306,5.642,9.52,-2.402,1.086,0.4225,4.493,3.747,-9.79,-4.303,-2.77,2.704
1275,1.01,-0.6042,-2.352,3.147,1.712,0.1775,1.13,1.15,5.416,-0.9173,-4.771,-5.425,-17.63,3.683,6.515,7.771,4.876,-6.118,-4.501,-0.8188,2.811,-0.4725,1.241,14.04,2.475,2.729,-1.404,-2.203,1.867,-2.731,1.644,2.703,1.893,2.021,-2.482,0.0969,5.808,4.455,6.003,-2.146,2.65,5.05,5.07,2.966,-4.697,-4.913,2.792,3.004,7.273,-1.314,-4.212,3.719,3.868,1.06,-8.802,-3.409,-5.97,3.516
1276,1.01,2.852,0.1393,4.403,0.0316,-1.168,1.13,1.15,4.966,1.575,-1.533,-4.958,-17.96,4.166,4.763,7.239,0.6451,-6.223,-3.982,-3.618,1.258,1.302,1.264,12.16,4.234,-0.6847,0.2729,0.6117,3.093,-4.18,-2.83,0.6785,0.24,3.488,-2.499,-1.186,6.218,6.445,4.309,-0.9697,3.409,5.05,5.07,4.203,-0.0893,-3.148,0.888,4.765,6.88,-3.601,-0.5236,4.58,2.731,2.031,-9.502,-4.589,-6.881,3.749
1277,1.01,4.257,2.558,3.923,-2.141,-0.2342,1.13,1.15,1.406,-0.0453,-3.793,-2.659,-14.7,2.662,7.803,5.98,1.458,-5.728,-1.434,-4.591,2.824,1.991,-1.778,13.97,2.864,0.3889,0.5752,-2.044,2.079,-3.819,0.9265,1.941,0.4467,1.585,-2.803,-3.028,5.946,7.894,2.817,-3.609,2.376,5.05,5.07,3.425,-3.637,-4.153,-1.08,4.262,7.948,-2.472,-2.845,1.99,5.43,3.142,-11.53,-3.824,-8.484,2.67
1278,1.01,0.0508,-7.456,3.474,2.49,0.0282,1.13,1.15,2.425,-0.0958,-1.824,-2.909,-16.29,3.323,6.339,7.096,1.159,-6.932,-2.922,-1.227,3.241,2.839,-1.033,12.76,2.555,0.3291,-0.4573,-1.808,3.588,-0.7764,-0.295,0.8441,-0.6673,1.022,0.2583,-0.6328,7.986,4.753,2.803,-1.165,1.994,5.05,5.07,2.837,-1.479,-4.709,-0.8531,7.069,5.381,-2.676,-1.89,2.772,0.5389,3.255,-10.02,-6.654,-7.408,4.789
1279,1.01,2.621,-0.2756,4.159,1.429,0.1928,1.13,1.15,4.844,-1.194,-5.298,-4.209,-16.9,0.3622,7.81,5.241,-0.1306,-6.831,-4.327,-0.374,0.7161,1.826,-2.014,15.49,3.386,2.319,-1.439,0.3855,-0.8488,0.0796,2.405,-0.0982,-1.069,-1.381,-2.334,-1.123,7.111,4.274,1.706,-0.4664,3.911,5.05,5.07,2.762,-1.637,-4.918,-0.2172,4.975,7.625,-2.487,2.533,2.143,3.55,2.49,-10.35,-5.954,-10.66,3.948
1280,1.01,3.459,8.378,0.9339,-0.9486,-2.651,1.13,1.15,5.425,0.0737,-4.871,-2.521,-13.74,2.45,6.574,4.453,3.014,-5.281,-3.696,-4.632,1.334,2.483,-1.803,12.75,5.037,1.445,-0.7867,-3.818,0.129,0.1448,3.366,-0.8214,-0.1065,-0.4561,-4.539,-0.6386,6.145,4.634,0.8378,-2.173,3.66,5.05,5.07,4.796,-2.897,-3.983,-0.4724,3.648,8.552,-1.302,-3.626,2.574,2.903,2.516,-10.89,-6.357,-5.831,2.192
1281,1.01,4.187,-3.827,4.293,2.046,0.2105,1.13,1.15,4.212,0.5366,-2.464,-3.819,-16.48,4.152,5.256,6.902,1.162,-6.355,-4.236,-3.328,2.717,2.945,-1.327,16.66,3.221,1.27,-2.794,-1.772,1.733,-3.485,-1.274,-0.1582,0.3975,2.716,-3.386,-1.153,6.349,4.166,4.154,1.227,4.965,5.05,5.07,5.585,-0.1812,-4.742,0.2142,3.828,8.532,-2.046,-3.664,0.4718,2.648,2.385,-10.5,-2.601,-5.061,1.513
1282,1.01,-1.1,1.623,5.149,-0.9099,-0.7001,1.13,1.15,5.255,-1.056,-2.639,-4.709,-15.31,0.8622,7.063,5.921,1.119,-7.524,-3.127,-1.096,1.76,2.404,-1.922,13.99,2.919,-0.3498,-1.195,-1.756,4.763,-1.287,-0.0778,-0.5492,0.2274,-1.386,-0.4779,-1.19,5.985,5.161,4.014,-0.2594,0.4024,5.05,5.07,3.409,0.2484,-4.553,-0.2317,3.646,6.645,-0.5843,-4.656,1.366,3.383,3.981,-9.177,-5.149,-4.582,3.107
1283,1.01,0.5185,-1.912,1.481,0.2594,1.625,1.13,1.15,3.747,2.021,-1.37,-8.616,-15.69,2.744,9.607,5.727,0.1455,-4.462,-4.483,-2.564,1.49,2.671,-1.273,10.51,4.439,-0.8811,-3.523,-2.936,-0.0097,-4.538,1.631,1.962,0.8592,1.63,-1.512,0.5421,5.73,4.078,5.643,-2.397,3.043,5.05,5.07,3.501,-4.915,-5.379,1.609,4.251,6.427,-3.223,-4.111,1.397,3.083,0.973,-9.036,-2.946,-3.12,3.314
1284,1.01,1.229,-4.58,2.998,0.7353,-3.571,1.13,1.15,2.554,2.589,-2.397,-4.121,-18.06,0.5783,9.023,5.055,-0.5288,-5.793,-6.044,-3.395,1.192,0.9592,-0.2087,12.18,3.494,-1.115,-1.698,-2.758,1.608,0.9667,-0.2769,-0.6823,0.0794,-0.3637,-1.899,-2.659,5.856,5.285,3.94,-1.748,3.032,5.05,5.07,4.92,-0.427,-5.18,-0.8128,8.291,2.13,-2.715,-3.886,0.4624,0.3539,2.29,-11.23,-5.113,-4.077,2.445
1285,1.01,0.8174,-2.908,5.371,0.7346,-1.809,1.13,1.15,2.861,0.8689,-1.586,-3.845,-17.37,1.73,8.045,5.261,2.744,-7.954,-5.556,-3.189,-2.228,1.483,2.507,13.67,2.406,0.0144,-1.036,-0.2763,1.84,-2.945,0.6658,0.775,-0.199,-1.38,-2.417,-0.9977,5.313,5.789,3.117,-4.792,2.613,5.05,5.07,6.433,-5.711,-2.967,0.3482,4.745,7.672,-0.2338,-3.698,0.8489,1.291,1.797,-9.586,-6.262,-8.317,1.609
1286,1.01,0.0066,-3.889,5.211,0.5816,-0.0443,1.13,1.15,1.793,-2.347,-5.383,-3.091,-14.45,4.945,4.507,6.97,3.232,-6.228,-5.687,-4.998,0.2911,0.5127,-1.736,13.64,3.871,1.769,-0.4372,-4.227,1.829,-3.509,2.311,0.5432,0.8539,1.466,-0.8288,-0.4489,6.015,7.126,2.343,-1.959,3.677,5.05,5.07,2.273,-3.816,-5.715,-0.0575,4.875,11.97,-4.801,-3.19,0.364,1.77,2.365,-11.18,-7.51,-3.229,5.959
1287,1.01,1.476,0.1189,4.532,0.7524,-1.174,1.13,1.15,3.423,0.6399,-1.52,-2.309,-16.55,1.782,6.376,5.732,2.241,-4.779,-3.407,-3.21,0.524,0.7424,0.4803,12.96,3.83,0.021,-1.336,-4.429,-1.648,-1.503,-1.463,-1.533,-0.841,-0.9029,-1.987,-0.8699,4.178,4.541,2.662,-2.106,0.6431,5.05,5.07,3.311,-3.717,-5.47,-2.448,3.98,8.05,-3.244,-4.772,2.511,3.425,2.598,-10.74,-4.101,-5.568,-0.1273
1288,1.01,0.0525,-4.188,2.607,0.2689,0.061,1.13,1.15,2.183,0.5195,-4.461,-2.432,-15.19,1.47,6.964,7.864,2.047,-3.944,-2.859,-1.099,1.543,2.282,0.1304,13.29,3.931,0.1692,-1.502,-3.933,2.64,-3.573,-1.558,0.9879,-2.059,-1.43,-4.761,0.4786,5.169,2.684,3.023,-2.196,2.407,5.05,5.07,6.257,-0.3058,-4.974,2.473,5.214,7.857,-5.024,-2.618,1.529,3.313,2.617,-10.9,-7.644,-7.502,1.843
1289,1.01,2.335,-1.075,1.777,-1.238,-1.196,1.13,1.15,1.753,2.609,-3.649,-3.544,-12.83,3.787,5.65,4.791,0.1436,-5.121,-4.391,-2.888,2.256,0.3419,-1.883,13.28,3.26,1.991,-2.038,-1.129,4.364,-1.463,-0.5969,1.537,-2.945,-0.4878,-2.983,-0.4789,5.385,5.578,1.242,-2.966,3.084,5.05,5.07,5.282,-5.605,-7.129,-0.8926,2.169,5.022,-4.261,-3.238,2.154,2.568,2.631,-9.983,-2.723,-5.123,1.672
1290,1.01,0.9356,-2.255,4.611,1.77,-1.581,1.13,1.15,2.41,0.7094,-4.248,-4.59,-17.49,1.607,5.107,5.329,1.303,-8.501,-2.154,-2.493,0.6966,1.423,-0.1404,13.66,2.487,2.39,-2.745,-1.727,-0.5687,-2.117,-0.4526,0.3859,0.284,-2.833,-2.826,-0.5143,2.577,2.499,3.127,-6.04,2.151,5.05,5.07,4.864,0.2917,-3.746,2.155,4.054,9.217,-2.513,-4.629,2.121,-0.4059,1.623,-10.83,-4.12,-7.194,3.102
1291,1.01,3.216,-0.8278,6.051,-0.7481,-3.159,1.13,1.15,3.539,-1.562,-2.148,-3.638,-16.27,2.469,6.696,7.135,3.545,-5.467,-6.719,-2.749,3.721,-1.063,-1.771,11.9,3.091,0.4925,-2.537,-2.793,0.4923,-1.648,3.253,0.0983,-1.634,-2.614,0.9527,-1.58,6.65,7.762,2.843,-2.634,1.936,5.05,5.07,2.975,-4.215,-3.753,3.716,3.161,7.11,-4.559,-0.9868,0.2848,2.613,4.346,-11.29,-5.157,-8.329,4.071
1292,1.01,0.6851,0.0655,2.263,0.2558,1.991,1.13,1.15,2.068,2.46,-5.45,-4.54,-18.08,1.025,7.559,5.196,1.86,-4.127,-6.243,-1.199,0.1599,0.009,-2.72,11.17,5.203,2.549,-3.428,-1.49,0.7802,-3.283,2.08,-3.053,-3.255,0.9511,-1.683,-1.21,5.278,5.849,3.719,-2.787,2.142,5.05,5.07,2.831,-3.468,-2.353,-0.349,3.683,8.373,-4.918,-4.44,1.62,2.768,2.738,-10.33,-4.829,-8.606,0.6947
1293,1.01,3.41,-1.081,2.365,1.032,-0.7408,1.13,1.15,2.381,0.5929,-2.25,-4.297,-16.28,3.813,6.728,5.848,-0.4823,-5.515,-4.544,-0.2193,1.965,1.549,-1.957,13.76,2.068,0.4367,-0.6313,-1.166,3.478,-4.337,-0.7809,1.786,0.16,0.3365,-0.7794,-1.532,6.47,3.931,0.6878,-1.914,2.769,5.05,5.07,2.961,-2.769,-5.695,-1.772,4.677,9.139,-3.648,0.9022,-0.0115,3.44,4.016,-9.684,-2.446,-4.015,1.855
1294,1.01,0.5611,3.324,1.263,1.728,-2.196,1.13,1.15,4.79,2.221,-3.326,-3.163,-17.31,3.365,5.12,6.442,-0.5573,-5.514,-3.886,-3.713,2.906,0.1453,0.2441,12.84,1.082,2.344,-1.317,-1.646,1.339,-2.39,1.619,-0.4367,-1.349,1.765,0.0554,-1.568,6.944,3.096,2.519,-3.905,1.699,5.05,5.07,4.71,-0.6664,-4.794,-0.5302,6.308,7.182,-3.788,-0.653,1.483,1.452,2.128,-10.19,-6.785,-5.835,2.196
1295,1.01,2.144,-2.168,4.807,2.548,-2.785,1.13,1.15,5.015,0.348,-2.26,-3.899,-15.94,4.085,5.96,5.128,0.4523,-8.815,-5.225,-2.555,0.2453,2.835,-0.3941,13.99,3.321,-0.6545,-2.005,-2.271,0.0515,-0.4341,-1.977,-1.545,1.621,0.8978,-3.599,-1.648,4.439,7.196,4.911,-4.242,1.811,5.05,5.07,3.494,-2.54,-6.343,1.686,1.811,13.16,-4.114,-0.9281,0.1481,1.491,3.763,-10.61,-4.426,-2.284,3.386
1296,1.01,3.342,-1.037,2.213,1.162,-2.395,1.13,1.15,3.241,0.9473,-2.717,-2.137,-18.31,3.003,5.761,6.638,0.5708,-1.81,-1.131,-3.687,2.523,-0.7362,-0.3178,12.21,1.023,-2.607,-0.4773,-1.435,1.451,-0.235,-1.644,-1.12,-0.0403,-1.995,-2.35,-1.309,5.476,6.919,2.569,-1.888,3.243,5.05,5.07,0.9862,-2.901,-4.753,-1.771,3.813,6.065,-5.212,-3.415,1.479,2.131,4.349,-13.08,-4.81,-6.629,1.81
1297,1.01,2.35,0.6766,2.099,-0.9951,0.765,1.13,1.15,6.491,-0.8381,-1.843,-4.829,-17.57,2.931,4.8,6.744,-0.2192,-5.676,-3.109,-4.643,-0.7877,-2.339,-0.4726,12.13,2.282,-0.111,-2.915,-0.2952,-1.943,-2.18,0.9204,-1.68,-2.028,-1.622,-0.9534,-1.009,5.713,4.432,2.712,-1.306,1.009,5.05,5.07,4.465,-4.168,-5.301,-1.849,5.843,7.29,-2.022,-0.5345,0.201,0.5498,2.431,-8.027,-4.142,-8.455,3.505
1298,1.01,0.1479,1.443,2.497,0.7729,-2.952,1.13,1.15,5.394,2.333,-2.211,-3.333,-16.04,3.406,6.689,6.026,2.201,-6.636,-4.183,-3.329,1.147,3.176,-1.204,13.99,2.842,-0.6719,-1.87,-4.128,2.379,-1.547,0.3826,-1.166,1.385,1.583,-3.064,-1.93,6.255,5.601,2.659,-2.014,1.854,5.05,5.07,3.339,-2.244,-2.87,-1.113,5.423,11.09,-2.69,-3.471,0.5052,2.81,2.071,-8.286,-4.467,-4.648,4.755
1299,1.01,1.351,2.113,-0.1193,2.615,-2.449,1.13,1.15,3.982,1.236,-4.612,-3.019,-16.38,1.516,4.858,5.567,1.89,-6.136,-6.266,-0.9592,1.666,-1.967,-1.8,12.66,3.252,1.384,-2.573,-2.221,5.117,-2.848,0.3671,1.77,-1.222,1.854,-5.087,-1.076,6.432,5.498,3.484,-5.109,2.85,5.05,5.07,1.752,-4.751,-4.449,-1.373,3.547,11.86,-1.13,-7.503,1.685,1.387,2.08,-11.92,-5.414,-4.021,1.524
1300,1.01,0.2889,0.4763,2.143,-1.463,0.375,1.13,1.15,3.569,-0.8802,-2.888,-5.021,-19.44,1.172,5.583,2.745,2.65,-5.995,-3.148,-3.133,1.545,0.4547,0.4362,10.78,0.375,-2.185,-2.637,-3.011,2.838,-0.7098,-0.4075,-1.341,-1.907,0.0014,-5.014,-1.421,4.758,5.832,3.91,-4.515,3.404,5.05,5.07,4.922,0.6865,-5.216,-1.45,5.166,8.052,-3.562,-4.884,-1.431,2.376,2.733,-11.28,-5.561,-1.351,3.109
1301,1.01,1.429,-2.238,1.439,2.481,-1.865,1.13,1.15,6.479,0.949,-2.704,-3.744,-14.27,3.681,5.012,6.425,0.6267,-3.543,-4.506,-3.196,0.8301,0.7133,-2.464,12.65,4.415,2.414,-1.792,-1.393,1.763,-2.329,-0.1062,-0.2986,-0.9679,-3.299,-2.422,-0.5625,5.553,6.211,2.323,-3.264,4.002,5.05,5.07,4.19,-1.805,-5.004,0.9527,5.177,7.438,-2.593,-1.755,1.801,1.102,1.377,-11.35,-4.584,-6.976,2.631
1302,1.01,2.533,-2.716,3.59,0.3316,-5.299,1.13,1.15,1.777,0.9563,-3.064,-4.52,-16.75,2.461,7.077,6.544,1.728,-6.825,-3.225,-4.84,5.161,1.144,-1.655,12.64,1.519,1.808,-2.935,-2.29,0.3212,0.1214,-0.4471,1.073,-1.148,-1.153,-3.202,0.9739,5.875,5.71,2.645,-0.173,2.773,5.05,5.07,2.11,-1.136,-4.457,-0.8784,5.713,10.63,-3.215,-1.584,0.8682,4.563,4.562,-11.4,-5.362,-7.534,3.886
1303,1.01,-0.6398,2.945,0.3618,0.2355,-1.348,1.13,1.15,2.648,-1.011,-2.1,-3.49,-17.69,1.749,7.689,4.834,2.581,-5.623,-3.089,-2.653,0.3741,0.3736,-3.933,12.65,3.416,0.7652,-7.702,-1.559,1.616,-3.656,-0.3087,-1.483,2.423,-0.5205,-3.809,-1.864,6.634,7.491,1.464,-4.706,2.543,5.05,5.07,3.652,-4.817,-3.867,1.706,4.75,8.013,-1.593,-4.666,-0.6516,0.0478,1.643,-11.28,-6.264,-8.172,4.479
1304,1.01,2.038,-1.033,6.014,3.554,-0.3918,1.13,1.15,3.224,1.165,-0.7299,-4.078,-16.22,2.617,5.695,8.003,1.368,-6.186,-4.892,-1.462,-0.3838,0.7867,-3.453,13.75,2.284,-1.747,-0.5478,-2.341,2.507,-3.371,-3.459,-0.4327,-0.3812,-1.482,-0.436,-0.2423,5.68,7.001,3.233,-2.807,1.307,5.05,5.07,4.338,-3.958,-3.025,-2.324,2.991,6.878,-3.865,-4.868,-0.3823,5.95,2.795,-11.39,-4.984,-7.284,2.021
1305,1.01,4.233,-2.825,2.404,0.0717,-1.463,1.13,1.15,4.022,1.348,-1.836,-3.963,-13.52,1.568,3.398,4.448,-0.0671,-8.001,-5.165,-3.486,-0.0454,-0.4491,-0.5225,14.3,3.496,1.02,-2.633,-3.936,1.28,-3.865,1.472,1.006,-0.9025,0.1542,-2.865,-0.3292,7.335,6.476,3.992,-2.977,2.685,5.05,5.07,2.576,-3.975,-6.865,-0.8676,4.999,2.87,-5.771,-7.427,2.987,2.449,1.462,-10.22,-5.741,-2.996,4.686
1306,1.01,2.793,4.784,2.645,-0.7517,-0.6683,1.13,1.15,5.76,0.2993,-5.693,-3.782,-16.78,2.59,7.372,5.424,1.177,-6.265,-4.092,-2.591,1.773,0.2357,0.0181,14.63,4.028,-0.7887,-0.9038,-1.14,2.604,-3.253,-1.719,-2.012,0.5098,-0.2634,-3.035,-0.023,4.424,5.26,4.378,-2.581,0.3597,5.05,5.07,4.307,-3.362,-5.029,0.2718,3.181,3.696,-4.155,-2.388,-0.5543,1.512,2.998,-10.33,-3.937,-4.772,2.381
1307,1.01,2.498,-1.102,1.829,0.5292,-1.07,1.13,1.15,3.573,-0.7565,-4.953,-5.275,-13.5,1.046,3.222,4.838,1.212,-7.438,-3.499,1.006,1.925,2.136,-0.0996,11.34,1.819,1.572,-2.419,-1.716,-0.3482,-0.6248,-0.8923,-1.073,-0.9851,-2.058,-2.142,-0.9435,5.465,5.522,1.721,-4.204,2.392,5.05,5.07,3.301,-3.373,-6.096,0.6211,5.043,10.02,-2.686,-4.565,1.045,3.509,2.161,-11.48,-3.596,-6.525,3.053
1308,1.01,3.588,-0.6035,3.745,1.65,-0.861,1.13,1.15,5.026,-0.194,-5.837,-5.412,-16.22,0.8812,5.773,4.335,1.612,-6.797,-2.808,-3.137,0.401,-0.272,-0.4705,14.87,4.021,-0.7012,-2.385,-3.117,1.992,-1.628,-2.272,-2.002,-1.738,-2.232,-3.794,-2.449,5.82,3.928,2.54,-3.571,4.299,5.05,5.07,2.297,0.9527,-5.144,-0.25,6.802,6.759,-3.412,-5.785,1.704,1.83,1.327,-10.23,-6.959,-5.895,2.4
1309,1.01,1.55,0.3039,4.493,-0.3288,-1.266,1.13,1.15,3.066,-0.0792,-1.58,-2.699,-17.34,2.135,5.47,4.792,1.764,-6.035,-3.488,-3.114,1.766,3.193,-1.042,13.06,3.957,-0.7231,-4.174,-2.336,-0.2253,-2.669,-0.5364,0.6379,0.504,2.821,-2.247,-0.3931,4.867,3.47,4.502,-2.124,2.032,5.05,5.07,1.818,-3.917,-5.608,-3.106,2.509,13.48,-4.607,-3.473,0.9127,0.4255,2.328,-9.606,-3.531,-10.31,3.915
1310,1.01,3.14,-2.866,4.74,0.0574,1.773,1.13,1.15,1.691,-0.6251,-3.654,-2.835,-15.99,2.378,4.198,6.008,-0.6144,-6.596,-4.579,-1.172,-0.2093,1.935,-0.5186,13.04,4.635,0.9227,-1.845,-3.401,3.415,-4.637,3.171,-0.8854,0.0619,-0.5406,-0.6022,-0.7714,5.249,5.433,1.123,-0.5666,0.9094,5.05,5.07,2.715,-3.076,-5.338,-1.189,5.657,3.75,-3.861,-3.299,0.6937,2.679,2.908,-9.784,-3.73,-4.093,1.442
1311,1.01,1.089,-0.9792,3.836,0.2845,0.9849,1.13,1.15,2.815,3.554,-2.309,-6.197,-14.26,1.658,5.092,5.59,-1.964,-5.902,-4.478,-5.54,0.3209,2.476,-2.92,12.65,2.149,1.941,-1.497,-0.0338,2.55,-2.189,4.79,-0.007,-0.8269,0.4274,-1.157,-1.581,6.669,4.058,2.417,-3.022,0.6313,5.05,5.07,1.803,-2.028,-6.267,-1.216,2.206,9.733,-4.003,-3.214,-0.3607,1.275,3.135,-10.42,-4.168,-6.011,2.291
1312,1.01,0.1559,0.9974,2.415,-1.204,3.208,1.13,1.15,4.245,-0.2447,-2.713,-4.476,-14.12,2.66,7.711,7.232,-1.054,-8.114,-2.935,-2.545,1.385,2.117,-0.2565,11.78,2.876,-2.605,-2.531,-2.08,2.542,-2.858,1.93,1.352,-1.455,-0.2576,-2.353,-1.232,5.679,4.545,2.743,-5.811,3.071,5.05,5.07,4.455,-4.205,-3.274,-1.694,3.804,9.059,-2.68,-0.451,0.4578,1.953,2.971,-10.64,-4.538,-8.702,2.554
1313,1.01,3.378,-1.326,5.756,-2.631,-2.82,1.13,1.15,1.625,-2.218,-3.756,-3.037,-13.88,1.904,5.842,5.845,2.112,-5.218,-2.634,-4.501,1.712,-0.1501,-2.95,15.45,3.091,2.008,-2.387,-5.014,2.217,-2.628,-0.5466,-0.7969,0.0709,1.179,-3.593,-1.652,7.392,5.19,2.593,-3.113,3.358,5.05,5.07,4.998,-3.416,-4.31,0.6244,5.325,6.466,-6.068,-3.62,0.177,1.205,2.863,-9.745,-6.457,-4.235,5.254
1314,1.01,0.1003,1.944,-1.786,0.9003,-0.106,1.13,1.15,5.43,3.736,-1.642,-2.019,-15.62,4.217,5.108,5.34,1.305,-5.226,-4.859,-3.827,2.038,2.804,-0.8696,12.75,3.675,-2.044,-1.327,-5.054,0.7442,-1.599,-0.2435,-0.9606,1.788,2.624,-2.793,-1.627,6.1,4.819,0.1789,-0.8845,1.794,5.05,5.07,2.892,-5.356,-5.997,-1.299,3.66,7.28,-1.025,-6.822,1.306,3.723,2.685,-9.521,-4.999,-3.752,2.931
1315,1.01,4.079,5.716,2.055,-1.199,-0.7094,1.13,1.15,2.974,0.1195,-2.396,-5.216,-17.53,3.266,5.856,6.294,-0.4349,-8.848,-5.422,-2.331,1.306,0.0924,-3.708,13.23,3.813,1.358,-3.667,-2.756,1.825,-0.076,-1.983,-1.258,-1.131,-0.5978,-2.822,-2.087,7.397,5.07,2.012,-1.257,3.756,5.05,5.07,3.683,-0.0964,-6.069,-1.809,2.071,7.609,-3.541,1.59,1.774,2.159,2.637,-8.562,-6.215,-8.59,3.046
1316,1.01,1.947,4.505,5.412,0.154,-2.045,1.13,1.15,3.616,-0.0884,-2.53,-1.085,-12.85,0.6041,5.821,7.0,2.131,-9.289,-1.563,-3.816,2.393,-0.0502,-1.127,13.03,2.756,-2.253,-0.8783,-2.1,3.037,-2.463,-0.1854,-1.93,0.1523,-0.4221,-2.468,0.9793,5.882,5.442,1.504,-2.062,2.259,5.05,5.07,2.282,0.709,-6.629,-0.8308,5.786,6.035,-4.173,-5.798,0.4605,5.967,1.232,-10.33,-4.022,-3.732,3.407
1317,1.01,0.4435,1.891,5.435,1.33,-0.3375,1.13,1.15,3.768,2.982,-2.083,-4.97,-14.62,1.845,3.518,5.373,-0.8346,-7.29,-4.387,-1.611,1.413,2.546,-1.807,11.91,4.172,-0.4811,-1.771,-0.3212,3.985,-2.547,3.03,-0.9172,0.4324,1.522,-5.873,0.818,5.294,7.25,3.573,-0.2109,1.72,5.05,5.07,5.399,-6.582,-6.001,-0.8386,5.903,11.37,-2.871,-2.068,-0.9356,1.912,2.402,-11.28,-2.894,-3.743,2.102
1318,1.01,1.551,-1.492,-0.5522,3.147,-3.461,1.13,1.15,2.791,0.1394,-1.661,-2.532,-15.66,2.666,5.491,3.727,0.8244,-5.362,-4.195,-2.881,2.888,-1.721,-1.726,13.31,4.419,0.4661,-2.186,-1.534,4.282,-0.9647,-0.5662,-1.035,0.0757,-3.017,-3.796,-1.352,5.176,6.517,2.445,-1.414,1.132,5.05,5.07,1.915,-5.855,-5.88,-1.658,4.038,10.67,-2.706,-3.463,0.6231,2.776,2.534,-11.82,-1.751,-3.004,3.539
1319,1.01,2.5,7.315,5.368,-1.858,-1.743,1.13,1.15,4.48,0.5972,-4.584,-3.723,-17.25,2.652,7.109,6.585,-1.294,-7.323,-4.746,-2.423,0.6882,1.231,-3.201,12.13,4.006,-0.3879,-2.549,-2.021,4.043,-0.5828,1.133,-2.432,-0.4965,-0.5767,-3.659,0.3521,5.897,5.259,4.833,-2.772,3.979,5.05,5.07,1.329,-5.042,-6.651,-0.3814,3.5,11.08,-1.427,-4.745,1.01,2.703,2.175,-11.7,-5.243,-3.15,4.058
1320,1.01,3.643,0.3487,3.464,0.5947,-0.788,1.13,1.15,4.29,2.932,-3.006,-4.704,-16.42,1.722,6.59,6.113,1.176,-10.61,-2.531,-3.75,1.442,1.262,-1.043,14.31,1.891,1.539,-2.978,-2.894,0.3021,-2.916,-2.063,1.745,-0.843,-1.094,-2.272,-0.3651,4.785,5.339,4.076,-5.133,0.4631,5.05,5.07,3.402,0.7096,-7.29,-1.788,6.723,8.553,-6.336,-3.697,1.388,3.071,1.235,-11.33,-5.794,-5.738,2.305
1321,1.01,0.7096,-6.933,5.476,4.45,-2.421,1.13,1.15,4.298,-1.635,-4.426,-4.187,-17.2,1.88,6.1,7.253,0.3339,-7.298,-4.827,-4.253,2.057,2.91,-1.27,11.94,1.291,2.754,-1.594,-3.715,4.545,-1.15,-1.279,-0.3501,-1.047,0.5981,-2.689,-2.023,6.651,5.656,1.874,-3.348,2.77,5.05,5.07,-0.5001,-1.757,-4.684,-0.9645,1.921,10.65,-2.495,-3.066,-0.8052,2.525,2.876,-9.708,-4.031,-5.968,2.953
1322,1.01,0.9945,-2.176,3.642,-0.1615,-1.837,1.13,1.15,5.398,3.386,-1.362,-1.988,-16.78,2.809,4.553,6.52,1.671,-5.34,-6.748,-1.003,2.224,1.002,-5.224,16.04,4.933,1.207,-2.229,-3.524,2.35,-2.447,1.393,-2.288,-2.683,2.008,-2.185,-0.6559,4.919,5.166,-0.5243,-5.169,2.541,5.05,5.07,2.129,-4.92,-5.834,2.453,3.087,6.195,-2.801,-3.862,-0.628,1.532,1.137,-11.36,-5.777,-2.978,0.5275
1323,1.01,2.868,-1.168,2.275,1.9,-0.06,1.13,1.15,5.479,-0.6415,-3.752,-4.546,-16.37,2.082,7.115,5.499,1.412,-6.923,-3.805,-3.271,2.977,0.1368,-1.164,12.07,3.816,-1.431,-4.949,-1.271,1.315,-2.073,3.105,-3.507,-0.8416,-1.045,-3.662,-0.669,5.812,5.967,2.085,-5.885,1.779,5.05,5.07,5.472,-2.7,-6.921,-3.158,2.601,7.413,-2.606,-4.738,0.9251,1.815,1.973,-11.68,-7.52,-6.402,2.982
1324,1.01,1.01,0.5323,4.585,-0.4446,-0.9086,1.13,1.15,4.004,1.211,-1.814,-3.062,-16.08,2.222,5.462,6.594,2.768,-5.264,-3.776,-6.213,1.096,0.6723,-2.268,13.83,3.676,2.642,-1.753,-2.902,0.1988,-3.35,-4.146,0.7939,-0.335,1.118,-2.774,-0.3407,5.478,4.891,1.432,-3.944,1.868,5.05,5.07,2.605,-4.651,-8.116,-1.12,4.64,12.76,-4.445,-4.013,1.907,3.406,2.628,-11.21,-4.762,-5.639,3.456
1325,1.01,3.702,5.325,1.143,1.026,-0.1794,1.13,1.15,5.642,0.9595,-1.974,-5.491,-17.41,1.972,5.091,6.652,-0.1752,-8.413,-5.225,-3.586,-1.3,-0.9819,-3.245,12.72,4.058,-2.005,-6.133,-2.705,3.073,-3.357,-0.9954,-0.8777,0.2021,1.763,-4.533,-3.1,5.644,2.904,0.4055,-4.812,2.332,5.05,5.07,5.775,-8.612,-3.068,-1.09,3.871,7.201,-4.117,-3.655,1.179,0.5505,1.245,-12.02,-3.052,-4.704,2.962
1326,1.01,2.458,0.2336,0.8823,-0.5797,-0.4252,1.13,1.15,3.167,0.7946,-2.603,-3.724,-15.44,5.734,3.417,6.768,3.785,-6.575,-3.177,-2.476,2.939,0.3018,-3.66,14.5,1.697,1.494,-4.545,-1.787,2.471,-3.568,-0.6969,0.4917,-1.036,-0.3475,-1.463,-0.8114,4.712,4.854,3.906,-4.336,5.338,5.05,5.07,3.411,-1.843,-5.95,1.103,4.994,4.248,-3.986,-5.055,1.797,2.698,1.88,-9.944,-7.202,-6.448,2.568
1327,1.01,1.233,2.97,3.956,-1.702,1.597,1.13,1.15,4.27,0.1255,-2.8,-0.6549,-15.81,4.386,5.48,5.32,2.462,-6.611,-5.675,-3.365,3.228,0.6271,-1.139,14.48,4.493,0.486,-2.344,-1.834,2.372,-3.96,1.101,-0.2307,0.0393,0.5881,-2.687,-1.104,4.498,4.543,4.357,-2.941,0.4608,5.05,5.07,4.264,-4.084,-5.437,0.4084,3.401,9.52,-3.224,-6.719,1.246,4.077,1.347,-11.44,-3.185,-5.437,2.181
1328,1.01,1.139,4.631,2.064,-2.322,-0.5906,1.13,1.15,3.918,1.065,-3.856,-3.542,-16.6,2.311,6.288,2.622,0.2734,-5.619,-4.411,-3.04,-0.4412,1.235,-4.198,12.22,-0.0429,1.117,-0.3926,-0.275,-0.5504,-2.262,-2.049,1.065,1.785,-0.8863,-2.822,0.5763,5.625,5.563,2.69,-4.042,4.217,5.05,5.07,2.671,-4.409,-4.968,2.578,4.754,3.302,-3.523,-2.109,0.0797,2.206,1.225,-10.79,-3.964,-5.774,4.977
1329,1.01,1.176,-0.8534,1.737,1.411,-3.193,1.13,1.15,2.092,1.003,-2.978,-4.666,-15.93,2.84,3.847,7.948,0.5997,-5.876,-3.959,-2.167,2.12,1.587,-0.1382,13.58,3.145,1.622,-2.235,-3.291,0.013,-2.263,-0.5241,0.0388,1.229,-1.75,-0.7143,0.8966,6.98,6.277,0.7004,-3.139,4.764,5.05,5.07,1.058,-2.166,-5.731,-1.084,3.675,9.589,-3.52,-2.906,2.485,2.722,0.4395,-11.97,-5.584,-7.194,4.42
1330,1.01,-1.036,0.2528,3.638,-0.0275,-0.5155,1.13,1.15,6.432,0.0251,-0.0866,-1.468,-14.41,4.108,6.426,5.288,3.258,-7.05,-5.587,1.454,1.478,2.009,-1.6,12.45,2.015,-0.9286,-6.062,-2.162,1.825,-5.792,-1.002,0.2,-1.154,1.773,-2.387,-1.015,5.59,4.663,1.018,-4.724,3.397,5.05,5.07,3.345,-1.984,-5.392,-1.79,5.267,3.928,-1.792,-0.297,-0.3444,0.946,1.578,-11.68,-3.087,-5.829,2.1
1331,1.01,5.909,-5.157,3.007,1.525,-3.759,1.13,1.15,7.454,1.144,-1.712,-3.885,-16.98,1.633,5.746,5.78,0.1178,-6.877,-2.865,-2.551,1.91,0.1316,-3.222,12.36,2.603,-0.2976,-4.113,0.1572,0.604,-3.94,1.117,-0.2643,-2.643,-0.325,-2.584,-0.2485,6.715,5.274,1.745,-4.732,0.7303,5.05,5.07,2.022,-0.2507,-4.441,0.2846,5.811,9.27,-2.786,-3.938,0.7143,4.215,3.445,-11.02,-4.831,-2.389,2.191
1332,1.01,2.681,0.1524,3.572,-1.638,-3.19,1.13,1.15,2.732,2.635,-1.158,-3.901,-14.95,2.975,7.571,3.555,1.379,-6.912,-6.105,-2.049,2.939,-0.6897,-2.145,12.21,3.103,-0.6812,-1.797,-2.69,0.4952,-1.695,-0.4311,-0.3486,-0.8956,1.888,-1.979,-0.5198,5.663,4.247,3.751,-5.027,1.091,5.05,5.07,2.615,-4.023,-6.208,1.234,3.548,7.568,-4.044,-4.586,2.628,1.624,3.899,-10.88,-5.646,-7.654,2.229
1333,1.01,2.294,1.681,3.438,-0.1329,-2.511,1.13,1.15,4.078,1.225,0.2896,-3.848,-16.63,2.014,6.229,5.933,0.5949,-5.02,-3.255,-1.982,0.1257,0.4096,-0.7594,13.64,4.367,-1.419,-0.2688,-1.653,3.248,-0.8606,-2.353,-1.094,1.075,0.8406,-3.046,0.593,4.653,6.533,1.913,-1.868,-0.7231,5.05,5.07,2.886,-4.343,-8.509,-0.924,4.632,8.761,-2.259,-0.4827,-0.0975,2.24,3.306,-9.547,-6.1,-8.671,3.806
1334,1.01,2.38,-3.35,3.468,-0.2769,0.7251,1.13,1.15,2.448,-0.1609,-4.864,-3.152,-16.08,2.418,6.536,4.053,0.6194,-8.358,-1.637,-1.898,3.011,-0.4537,-0.7938,10.56,4.238,-0.2419,-1.184,-3.141,1.121,-1.751,-2.46,-1.65,-1.444,-0.0682,-3.845,-1.586,5.876,3.898,1.769,-5.552,0.7134,5.05,5.07,4.178,-2.534,-3.61,-0.1481,3.729,4.464,-5.874,-4.878,-0.5817,0.4428,4.274,-10.69,-4.586,-5.134,2.801
1335,1.01,2.981,3.231,4.307,-0.4843,0.6293,1.13,1.15,4.755,-2.459,-5.262,-3.961,-15.6,2.129,8.161,3.776,0.9229,-5.785,-5.408,-0.9115,2.996,3.201,-3.185,11.37,2.537,-0.5249,-3.57,-2.242,1.607,-2.789,0.0669,0.8862,-0.2124,-2.86,-1.74,-1.901,5.897,3.799,3.425,-4.013,2.915,5.05,5.07,2.153,-2.9,-5.012,0.1226,4.792,4.796,-5.484,-1.638,1.375,3.001,2.308,-11.96,-7.681,-7.558,4.221
1336,1.01,0.5011,-2.787,2.986,-0.9701,0.2442,1.13,1.15,3.383,-0.9976,-2.844,-3.348,-15.37,1.861,7.095,7.013,1.338,-10.34,-3.408,-2.246,0.6235,-1.117,-2.61,11.16,3.634,-0.0752,-2.281,1.137,-2.062,-2.978,1.124,-2.3,-3.125,-0.6908,-3.858,-2.081,5.145,2.795,2.832,-5.983,0.0913,5.05,5.07,3.406,0.0614,-4.716,-2.632,3.211,5.564,-2.862,-3.051,2.14,1.379,2.655,-10.8,-6.041,-2.374,3.761
1337,1.01,1.792,0.4599,4.389,-0.7512,3.272,1.13,1.15,2.539,2.031,-1.113,-2.065,-17.4,1.516,4.31,6.434,1.432,-6.671,-3.365,-3.015,3.744,0.4068,-1.621,13.67,1.971,0.491,-5.667,-2.99,1.391,-1.46,-0.9084,2.217,-0.626,0.0101,-2.415,-1.136,5.298,5.916,2.118,-6.054,3.056,5.05,5.07,2.757,-3.541,-6.391,0.6498,2.706,14.97,-1.105,-2.93,1.123,2.071,2.662,-12.37,-1.711,-6.337,3.806
1338,1.01,0.8372,-5.059,3.189,-1.474,-3.136,1.13,1.15,2.358,1.429,-3.861,-3.051,-15.44,1.76,3.224,6.561,0.3421,-5.474,-7.077,-2.844,0.1662,0.5104,-2.686,12.74,3.511,-0.1804,-3.232,-1.732,0.8742,-1.505,-2.536,1.093,1.305,-1.486,-3.146,-1.078,4.6,7.348,2.127,-2.882,0.0674,5.05,5.07,4.116,-3.663,-7.329,-0.8236,5.201,6.73,-6.016,-3.312,1.364,4.743,2.5,-9.989,-4.345,-7.755,2.549
1339,1.01,2.134,9.05,1.34,0.3102,-0.8988,1.13,1.15,6.069,0.9493,-4.224,-3.605,-16.34,0.2403,4.819,4.565,0.2153,-6.66,-2.409,-1.172,2.347,1.282,-2.724,11.67,2.956,2.252,-1.29,0.528,0.5579,-3.313,-0.6863,0.773,-1.557,-1.203,-3.811,-2.705,3.501,3.666,0.9794,-3.398,0.5056,5.05,5.07,5.186,-3.098,-4.071,0.1206,5.842,5.301,-2.781,-5.61,-0.5618,2.391,1.41,-10.44,-4.044,-3.735,1.694
1340,1.01,0.2938,3.151,-0.1598,1.724,-0.3646,1.13,1.15,2.242,1.402,-2.993,-2.272,-11.39,1.764,4.597,6.736,0.1864,-3.882,-5.233,-3.399,0.1235,-1.294,-2.505,13.62,1.861,-0.2461,-4.528,-1.577,-0.0075,-2.334,-0.9683,-0.9253,0.7011,-1.187,-1.345,-1.032,5.442,5.2,0.9421,-1.69,3.591,5.05,5.07,2.25,-0.7543,-6.153,3.862,5.15,7.668,-4.934,-2.433,0.0969,3.049,1.056,-10.06,-4.709,-6.729,1.894
1341,1.01,1.953,3.99,4.942,0.861,-2.176,1.13,1.15,5.392,2.186,-3.299,-6.296,-17.01,1.72,5.741,4.771,3.213,-6.53,-4.974,-1.686,-1.488,0.2922,-2.104,15.26,4.752,-1.257,-1.621,-1.736,2.421,-5.113,2.221,-2.023,-0.9717,-1.055,-1.949,-1.023,2.924,4.064,3.615,-4.863,1.356,5.05,5.07,2.89,-7.249,-6.634,-0.9969,1.181,7.2,-4.876,-3.509,0.9749,-0.1123,0.5314,-11.18,-4.848,-8.35,1.166
1342,1.01,2.944,-2.354,2.466,-1.606,1.723,1.13,1.15,4.374,0.776,0.2908,-4.929,-16.5,3.01,5.769,3.576,-0.0246,-6.662,-5.232,-2.535,3.622,-0.4206,-1.788,11.86,3.507,0.9035,-3.882,-0.8633,0.5771,-0.8487,-2.408,-0.1326,0.1099,-1.929,-4.744,0.1398,6.457,5.05,3.272,-0.1534,3.105,5.05,5.07,3.531,-0.4823,-3.638,-1.274,4.417,3.062,-4.704,-3.621,0.825,0.9353,0.6171,-10.24,-3.071,-6.83,3.299
1343,1.01,2.224,-4.092,4.683,1.013,-3.509,1.13,1.15,3.827,2.013,-3.087,-1.913,-17.78,1.402,5.834,3.032,2.265,-4.098,-5.292,-1.067,2.501,0.1062,-2.781,12.21,3.328,1.058,-4.062,-0.8323,1.588,-1.132,-0.19,2.194,-2.286,-0.6378,-1.598,-0.3201,6.652,4.568,2.246,-3.963,0.6092,5.05,5.07,3.787,-4.272,-5.037,-1.512,5.255,7.061,-2.097,-3.896,0.7635,3.709,3.099,-11.7,-5.179,-8.322,1.76
1344,1.01,0.8245,2.755,1.4,0.6604,-1.891,1.13,1.15,3.302,2.004,-3.042,-3.57,-15.28,4.439,4.211,5.983,0.8186,-4.01,-5.457,-3.275,-0.1353,-0.0059,0.6615,13.13,4.277,1.06,-3.345,-2.694,-0.1577,-1.947,0.4316,-1.463,-0.756,-0.9067,-1.57,0.5504,5.2,4.632,2.754,-3.885,4.01,5.05,5.07,2.936,-2.492,-5.829,-1.616,3.435,8.826,-3.017,-4.121,-0.0948,0.7137,1.627,-10.76,-4.228,-3.74,3.114
1345,1.01,1.18,4.619,3.775,-0.705,-0.5935,1.13,1.15,4.262,0.3792,-2.677,-4.125,-15.67,3.453,5.611,5.114,3.071,-6.954,-4.471,-4.852,-0.7501,-0.537,-3.354,13.4,5.238,-0.9093,-4.325,-2.185,-2.183,-3.545,0.2022,0.3784,1.362,-0.4476,-1.994,-1.326,4.328,3.873,1.545,-5.557,2.19,5.05,5.07,2.891,-7.252,-4.664,-0.9948,4.603,9.163,-3.717,-1.644,-0.1895,1.69,2.824,-11.17,-2.454,-5.12,3.179
1346,1.01,2.578,-1.914,-1.03,-0.4234,-0.0288,1.13,1.15,5.022,2.2,-4.61,-3.539,-16.0,1.608,8.208,5.895,1.785,-8.766,-4.896,-2.954,2.685,-0.0113,-0.6211,13.45,3.442,2.622,-1.209,-3.821,-0.6997,-3.865,-0.4454,-1.432,-1.31,-1.775,-2.96,-0.5943,4.263,6.852,2.384,-0.5899,0.9649,5.05,5.07,3.184,-2.9,-5.344,-2.514,5.544,6.596,-4.769,-5.659,2.428,1.531,1.948,-9.684,-5.339,-3.8,4.656
1347,1.01,1.812,4.984,2.53,2.378,1.805,1.13,1.15,3.77,0.3783,-1.897,-4.511,-17.52,4.385,7.907,5.553,1.763,-6.754,-3.901,-3.54,1.302,-0.8533,-1.356,12.09,1.647,0.7658,-3.509,-2.349,3.43,-2.223,-2.698,2.121,-1.606,0.0023,-2.041,-1.534,4.145,5.542,4.032,-2.634,1.388,5.05,5.07,3.901,-5.594,-5.947,1.239,5.723,4.224,-3.376,-7.545,1.322,1.708,2.332,-11.81,-3.251,-2.76,1.721
1348,1.01,0.8099,-2.203,2.771,-1.259,-1.382,1.13,1.15,5.685,1.549,-2.126,-4.253,-14.78,2.232,3.371,5.7,1.947,-8.44,-5.021,-1.539,0.1001,1.133,-0.1344,13.25,3.493,1.325,-5.023,-2.375,1.277,-0.4524,-0.4789,-0.6399,-0.5605,1.231,-3.24,-1.346,5.365,4.883,1.004,-4.213,2.593,5.05,5.07,3.316,-1.777,-5.051,-0.0301,6.609,8.596,-5.785,-6.265,2.322,3.417,3.894,-11.57,-4.391,-3.205,2.748
1349,1.01,0.1794,-0.3021,2.499,-1.189,0.5844,1.13,1.15,2.292,1.068,-0.9364,-3.442,-15.66,2.893,5.222,4.351,0.6743,-6.105,-4.18,-2.086,1.976,-0.0866,-0.5412,11.83,3.229,1.51,-1.843,-4.263,2.106,-3.747,-2.111,-0.9668,-2.466,-1.058,-4.146,-1.169,5.157,4.981,2.052,-2.385,3.885,5.05,5.07,2.68,-5.479,-7.314,-0.7675,3.46,7.99,-3.795,-2.937,1.402,1.676,2.368,-11.09,-4.424,-3.923,1.35
1350,1.01,1.804,1.412,2.921,1.663,1.223,1.13,1.15,3.637,-0.5199,-1.729,-5.388,-15.25,3.83,4.325,5.372,0.7516,-5.203,-3.481,-1.577,0.1672,0.7827,-0.8127,11.45,1.963,0.3088,-1.692,-4.974,0.5436,-3.727,1.815,-1.264,0.5953,0.3625,-2.023,-1.884,5.745,6.399,3.795,-2.193,1.081,5.05,5.07,4.54,-1.706,-6.627,-1.187,3.732,7.24,-4.586,-5.22,0.5094,2.843,1.605,-10.7,-3.479,-4.125,1.24
1351,1.01,0.2768,0.7315,3.711,-0.5117,-2.068,1.13,1.15,4.488,0.5735,-0.9093,-4.968,-13.33,1.116,9.641,5.001,1.078,-5.074,-1.577,-3.59,1.137,0.6223,-1.769,13.02,4.217,-0.9594,-0.2157,-0.6364,1.562,-2.484,-3.289,1.154,1.492,0.6028,-3.611,-1.567,5.559,5.693,3.49,-5.609,1.47,5.05,5.07,5.362,0.3974,-7.56,0.9719,4.987,8.595,-6.829,-0.2794,1.102,1.926,3.084,-11.89,-3.529,-5.358,4.022
1352,1.01,2.285,-2.389,1.473,0.856,-1.38,1.13,1.15,2.733,-1.274,-4.294,-3.592,-16.39,2.692,6.353,4.39,2.106,-7.711,-3.311,-1.936,2.009,-1.314,-1.683,12.96,3.685,0.3112,-3.212,-3.921,2.754,-4.266,0.439,-3.674,-1.471,-0.7109,-2.849,-1.621,4.548,4.103,2.518,-2.08,3.838,5.05,5.07,4.091,-1.93,-4.614,-1.064,5.016,7.607,-4.787,-5.732,-0.1043,3.786,2.383,-12.12,-5.25,-4.559,2.307
1353,1.01,3.147,-1.692,3.706,-1.057,-0.7487,1.13,1.15,3.666,-0.9525,-2.202,-5.413,-15.44,2.089,5.316,4.437,0.6648,-7.779,-5.72,-3.407,2.232,1.586,-3.18,14.2,3.324,-0.8455,-2.446,-1.157,2.447,-4.672,0.1703,0.0611,-2.585,-2.412,-1.613,-0.1718,4.734,5.801,3.421,-3.808,1.922,5.05,5.07,4.773,-6.621,-7.159,-2.285,4.633,8.314,-1.76,-5.816,0.0977,1.719,1.945,-11.7,-5.005,-6.907,4.874
1354,1.01,2.295,-0.5585,2.532,1.63,-0.5538,1.13,1.15,3.779,0.7125,-0.8933,-2.536,-14.08,3.896,6.719,6.561,3.044,-7.028,-5.801,-0.8455,1.079,1.319,-0.3222,14.54,5.453,-0.1423,-5.876,-0.8026,1.862,-3.354,2.903,1.983,1.91,-0.2835,-2.711,0.4627,5.448,7.255,1.011,0.0282,1.234,5.05,5.07,3.007,-2.92,-5.102,-0.2008,4.639,6.787,-3.251,-2.779,0.3588,1.014,2.92,-11.92,-2.85,-6.829,2.797
1355,1.01,2.595,4.002,5.999,-2.037,-2.576,1.13,1.15,5.439,0.5741,-1.909,-4.46,-14.8,2.16,3.808,4.343,0.5736,-7.666,-2.762,-2.648,-0.5722,-0.8964,-3.588,14.89,2.78,-1.378,-3.727,-2.889,1.734,-3.479,0.6133,0.0873,-0.3138,-0.1892,0.3625,-2.371,5.082,4.671,2.183,-2.67,2.966,5.05,5.07,2.727,-5.617,-8.058,1.513,3.877,5.686,-2.767,-6.138,1.325,3.69,0.5778,-9.494,-4.126,-8.099,2.689
1356,1.01,1.501,-4.299,3.955,-0.2577,-0.3863,1.13,1.15,4.878,2.686,-1.769,-3.535,-14.49,3.153,5.046,5.71,0.2196,-9.063,-5.244,-5.206,1.137,-2.079,-2.005,11.9,-0.006,0.3487,-5.165,-5.39,0.7602,-4.207,3.824,-0.0806,0.7081,-0.4801,-3.16,-0.7606,4.745,6.8,4.506,-3.188,1.846,5.05,5.07,3.579,-2.483,-6.557,-1.426,3.642,7.994,-3.974,-1.41,-0.4933,3.393,3.179,-10.38,-6.172,-6.027,3.771
1357,1.01,1.815,-0.1053,1.721,-2.848,0.779,1.13,1.15,2.906,1.713,-2.722,-3.544,-15.87,2.577,4.369,4.213,2.98,-5.963,-2.97,-3.878,3.296,2.159,0.2143,14.0,4.005,-0.3346,-3.843,-3.761,4.212,-0.6956,4.892,1.099,-2.058,-0.7401,-2.89,-0.1158,3.741,4.32,0.442,-3.744,2.575,5.05,5.07,3.461,-2.981,-6.065,2.463,4.213,5.527,-2.798,-6.261,0.4357,2.403,3.902,-10.07,-3.688,-8.915,2.5
1358,1.01,1.562,1.531,3.248,1.769,-0.7552,1.13,1.15,3.479,0.6755,-2.1,-3.418,-13.89,3.111,7.167,5.029,1.243,-5.777,-4.881,-3.633,0.5923,-0.2843,-1.304,11.57,2.793,2.86,-2.631,-1.898,0.2728,-0.8567,-4.117,-1.196,1.829,-1.013,-2.903,-1.287,5.606,5.726,2.942,0.2431,3.747,5.05,5.07,2.886,-1.367,-5.436,-1.405,5.774,6.849,-4.861,-4.947,0.0969,3.356,1.203,-11.85,-3.957,-5.355,0.8611
1359,1.01,2.256,-1.743,2.457,-1.518,-2.786,1.13,1.15,3.728,-1.475,-3.187,-3.026,-15.35,0.0489,4.055,5.135,3.042,-4.355,-6.144,-1.975,-0.0292,1.973,-1.3,10.85,1.667,-0.7045,-4.492,0.0897,0.5695,-3.068,0.3224,-0.3803,-0.5269,-0.0805,-0.427,-2.19,6.954,5.245,1.236,-1.964,1.716,5.05,5.07,1.083,-5.7,-7.221,-1.512,4.454,5.732,-2.703,-2.797,0.1196,1.372,0.8604,-10.16,-3.779,-4.711,1.722
1360,1.01,1.242,-3.522,2.58,-2.31,-0.6434,1.13,1.15,4.485,-0.5114,-5.309,-3.916,-16.14,1.093,4.554,4.589,1.733,-6.416,-4.908,-1.31,2.197,0.9335,-3.185,10.18,3.482,-0.4886,-4.843,-3.111,1.795,-3.505,-1.391,0.2995,1.212,0.3492,-2.969,-0.9944,4.851,5.725,2.557,-1.077,-0.5992,5.05,5.07,1.979,-3.792,-3.344,0.6247,4.234,5.773,-3.238,-3.132,0.3256,3.131,2.267,-11.66,-2.781,-4.504,2.559
1361,1.01,2.677,0.7337,3.563,2.754,1.102,1.13,1.15,2.848,-0.1937,-2.677,-3.312,-16.06,0.743,7.54,4.795,0.8081,-7.599,-3.409,-2.361,3.217,0.2516,-2.489,14.85,2.384,2.116,-3.48,-4.451,0.6328,-2.847,-4.264,1.923,1.071,-0.0798,-2.667,-0.8202,5.176,3.801,6.718,-5.053,2.184,5.05,5.07,3.671,-0.28,-4.813,-0.249,5.248,3.745,-3.076,-4.821,-0.8371,3.012,4.659,-10.96,-4.429,-9.756,3.418
1362,1.01,0.0694,-4.289,0.2101,-2.531,-2.375,1.13,1.15,4.18,-0.346,-2.526,-2.192,-15.97,3.24,5.363,4.707,1.034,-4.441,-6.175,-0.5297,2.53,1.205,1.806,14.33,1.312,-0.0401,-1.885,-2.049,1.842,-3.666,-1.53,-1.344,-0.6125,-1.647,-2.289,-0.4882,4.385,5.097,5.814,-5.775,4.826,5.05,5.07,2.454,-0.2686,-5.164,0.3103,3.84,3.506,-3.743,-6.205,-0.5708,2.396,3.228,-11.43,-5.487,-5.964,3.644
1363,1.01,0.642,-0.4656,2.568,-1.577,-0.6032,1.13,1.15,4.742,1.182,-1.497,-4.745,-17.49,2.881,3.558,1.561,-1.968,-5.946,-3.225,-2.122,2.614,-0.0181,-2.712,13.07,4.257,-0.7568,-5.833,-1.386,2.88,-1.789,-0.6884,0.3416,-1.143,-0.3613,-0.5138,0.2713,7.242,3.04,4.327,-4.439,1.613,5.05,5.07,3.045,-0.6849,-8.569,0.1252,5.936,7.591,-1.611,-4.048,1.198,4.266,1.21,-11.16,-5.371,-4.864,2.905
1364,1.01,3.816,-0.8202,4.771,0.535,-0.7075,1.13,1.15,6.369,0.4388,-2.202,-3.2,-15.5,1.032,7.618,5.297,0.4216,-5.452,-4.585,-3.319,2.006,-0.0183,-5.12,13.53,3.714,0.2817,-0.4984,-0.143,1.476,-3.591,1.421,-2.856,-0.2183,1.621,-0.942,-1.286,3.654,4.669,0.5613,-3.559,3.256,5.05,5.07,5.279,-3.692,-5.936,-1.538,4.556,8.299,-2.255,-3.088,-0.8594,1.687,0.9638,-12.27,-5.678,-3.166,2.33
1365,1.01,1.07,-2.669,1.695,1.782,0.4891,1.13,1.15,-1.233,0.4445,-3.727,-0.8919,-14.16,3.415,8.242,2.007,-0.1343,-5.686,-5.806,-3.574,1.58,-3.115,-1.251,14.62,4.043,-1.1,-1.039,-2.598,1.401,-4.668,-1.398,-3.065,-0.1095,-3.527,-0.6789,-0.5223,5.345,4.595,2.771,-3.477,0.9938,5.05,5.07,2.143,-0.888,-4.104,-3.54,4.112,10.54,-2.099,-3.752,-0.0012,1.531,2.44,-10.07,-5.61,-6.929,1.654
1366,1.01,0.5875,-4.058,3.591,0.2578,-2.101,1.13,1.15,1.277,-0.1199,-1.417,-4.89,-15.71,3.49,6.261,4.491,2.19,-7.171,-8.289,-4.036,2.639,-0.2932,-3.638,13.01,1.16,-1.272,-1.308,-2.195,2.652,-2.359,-0.8291,0.0673,0.2776,1.998,-3.004,-1.457,5.411,2.769,2.34,-5.713,2.688,5.05,5.07,2.246,-1.804,-4.282,-0.5545,6.047,7.632,-4.034,-6.206,1.579,3.88,1.075,-10.39,-3.592,-5.535,2.598
1367,1.01,0.986,0.1091,3.74,-0.4536,0.0413,1.13,1.15,2.242,0.1295,-2.311,-3.772,-17.27,4.139,6.168,6.87,0.1204,-5.668,-6.133,-2.871,-0.1986,-1.217,-0.2802,12.94,4.495,1.004,-3.487,-2.421,3.779,-4.294,-1.869,-1.937,-0.0031,0.585,-1.279,-0.5472,6.184,4.096,1.693,-2.941,2.936,5.05,5.07,2.818,-6.045,-6.378,0.9224,4.277,8.317,-6.173,-1.779,-0.5121,1.289,0.3084,-11.77,-3.528,-7.839,2.049
1368,1.01,2.277,-2.453,0.5628,1.149,-1.913,1.13,1.15,3.576,-0.0574,-1.662,-3.544,-16.61,4.014,4.618,3.383,1.12,-7.878,-2.886,-3.242,1.876,0.8497,-2.785,13.97,4.07,1.737,-3.934,-2.654,1.481,-2.699,-0.2832,0.2291,-1.597,0.3079,-5.091,-0.9574,5.113,3.938,3.151,-2.699,3.246,5.05,5.07,3.834,-2.152,-6.938,-1.244,6.11,7.688,-2.197,-4.156,2.473,3.893,3.46,-9.447,-5.358,-6.778,3.962
1369,1.01,2.767,1.396,3.568,0.6718,-1.464,1.13,1.15,4.119,-3.211,-0.8845,-3.788,-17.1,2.73,5.19,7.638,2.167,-7.003,-3.421,-3.589,2.134,1.296,-3.21,14.43,1.044,0.8981,-1.165,-6.151,2.527,-5.414,-2.53,1.895,-1.385,0.6635,-4.131,-0.048,3.873,5.706,2.202,-3.775,3.797,5.05,5.07,1.463,-4.264,-3.709,0.7112,5.603,10.6,-7.148,-3.102,-0.736,1.958,2.346,-10.51,-5.17,-9.54,4.528
1370,1.01,-0.8672,-3.969,0.9126,-1.45,-0.6721,1.13,1.15,4.832,-1.604,-1.78,-3.279,-14.8,2.456,5.04,2.021,1.865,-8.424,-2.898,-4.581,2.835,-0.7439,-1.967,12.7,5.939,-2.238,0.0953,-2.122,0.5036,-3.367,0.7902,-1.22,-0.7163,2.657,-1.226,-1.107,5.914,3.936,2.361,-5.568,1.035,5.05,5.07,5.422,-2.285,-3.451,-2.617,6.095,5.597,-3.2,-0.2015,0.4982,2.911,2.078,-11.99,-5.359,-6.921,3.669
1371,1.01,1.914,-3.487,4.316,-1.821,-2.441,1.13,1.15,2.639,0.9334,-5.995,-4.081,-15.25,4.14,5.824,7.323,2.035,-6.564,-3.777,0.6839,3.194,-3.37,-1.19,13.19,3.287,0.0808,-2.451,-2.663,2.271,-2.164,-0.888,0.7234,-0.6255,-1.912,-2.251,0.2074,5.926,4.271,3.299,-3.294,-0.2324,5.05,5.07,4.61,-5.333,-4.857,0.7766,4.082,8.235,-6.438,-4.147,1.755,1.595,0.3531,-11.54,-6.143,-5.428,3.26
1372,1.01,3.27,-3.423,3.689,1.278,-1.233,1.13,1.15,2.749,1.358,-1.327,-6.276,-18.36,1.512,7.177,6.723,0.4679,-7.579,-5.171,-2.855,1.619,-1.064,-3.741,13.94,4.174,1.495,-1.973,-2.97,0.4182,-3.08,-0.2556,-0.5602,-2.08,-0.9527,-3.489,-1.745,6.827,5.947,3.396,-2.769,3.08,5.05,5.07,3.386,-4.747,-6.657,-0.2118,5.119,7.711,-3.64,-5.196,1.59,2.305,3.753,-11.6,-7.128,-4.82,3.04
1373,1.01,3.439,-2.939,0.8831,-0.6924,-2.38,1.13,1.15,3.63,-0.1335,-2.564,-4.006,-14.56,2.433,6.77,6.173,0.6722,-3.903,-5.455,-2.891,3.983,1.267,-1.985,13.41,2.438,0.6348,-2.126,-1.834,0.1723,-1.846,-3.605,-1.438,-1.635,0.3096,-4.366,-0.4588,6.263,5.644,1.516,-3.417,2.738,5.05,5.07,1.637,-2.943,-5.936,-2.246,5.205,3.075,-4.753,-2.614,0.3962,3.135,1.383,-9.63,-5.296,-2.093,4.382
1374,1.01,1.495,-1.517,2.577,0.1984,-2.215,1.13,1.15,4.805,0.9015,-2.866,-5.672,-17.0,2.026,4.539,3.863,-0.283,-4.684,-4.055,-4.421,4.561,2.004,-2.742,13.48,2.319,-1.848,-2.322,-2.643,0.8077,-3.925,-2.318,-0.1486,-2.622,1.786,-3.079,-0.8245,5.308,3.263,3.811,-6.233,2.196,5.05,5.07,2.078,-0.5945,-6.26,-0.056,2.352,9.666,-3.964,-2.585,0.3929,1.251,0.7194,-11.25,-5.375,-6.116,3.462
1375,1.01,0.3086,2.955,3.521,-1.06,1.195,1.13,1.15,1.448,0.7841,-0.9574,-5.404,-16.54,2.258,3.07,5.659,2.19,-8.323,-2.761,-1.981,1.182,0.5367,-0.0797,13.13,2.847,-1.406,-3.541,-1.237,3.252,-2.064,-2.258,-0.4556,0.9623,0.2786,-1.132,-0.1522,4.876,6.208,3.338,-3.91,1.031,5.05,5.07,3.462,-1.785,-5.641,0.1497,2.956,8.988,-3.126,-5.15,1.117,0.8932,1.561,-10.07,-4.389,-4.021,3.143
1376,1.01,2.615,0.3571,3.394,-1.814,0.9661,1.13,1.15,2.909,-0.0672,-2.507,-2.57,-14.92,3.006,3.949,4.757,1.637,-6.263,-4.017,-0.9046,3.876,1.798,-1.93,13.1,4.222,-0.2116,-2.448,-0.7536,0.7,-4.392,3.371,2.881,0.2874,1.078,-2.542,-1.922,5.802,5.5,1.676,-2.422,2.069,5.05,5.07,2.417,-1.998,-5.314,-1.451,7.934,5.084,-4.888,-2.883,0.7379,1.994,2.259,-12.28,-3.579,-7.395,5.619
1377,1.01,2.199,-1.731,0.9647,-2.289,0.0807,1.13,1.15,5.226,-1.257,-2.158,-1.948,-13.49,3.854,7.261,5.978,2.4,-5.341,-5.267,-2.241,0.0096,0.7784,-2.252,14.41,2.983,1.625,-3.611,-1.766,1.181,-2.068,-0.9265,0.0009,-0.9872,0.2287,-3.759,-0.8824,6.031,6.188,3.017,-6.233,2.888,5.05,5.07,3.212,-2.239,-6.518,-0.3904,7.093,8.749,-0.9114,-8.01,2.71,0.5165,1.869,-11.79,-5.559,-6.276,3.593
1378,1.01,-2.283,-0.9573,3.615,-0.2247,-0.9538,1.13,1.15,1.981,0.2854,-3.04,-3.404,-17.28,0.153,3.583,5.959,1.85,-6.287,-4.308,-3.385,3.357,0.6901,-2.46,14.11,2.058,-0.5307,-1.524,-1.958,3.547,-3.703,-0.9642,0.0924,0.7851,0.9216,-0.019,0.2981,4.317,5.655,2.868,-2.077,4.085,5.05,5.07,6.135,-5.13,-5.523,1.68,4.836,9.079,-5.539,-1.657,1.117,1.838,1.7,-11.96,-4.879,-4.226,2.686
1379,1.01,0.0964,1.03,4.885,-3.07,-0.2316,1.13,1.15,1.728,0.9639,-0.6446,-2.79,-16.66,2.37,5.009,2.534,0.9339,-6.208,-3.776,-2.874,2.469,1.141,0.1067,13.8,2.958,1.982,-3.598,-3.108,0.3851,-1.721,-0.3447,-2.82,-0.0025,-1.57,-4.804,-1.857,4.973,4.727,2.671,-2.921,1.94,5.05,5.07,4.172,-1.166,-5.488,0.4197,2.957,11.85,-4.321,-1.791,-1.861,2.446,1.483,-11.34,-5.037,-5.503,3.561
1380,1.01,1.717,0.1824,4.132,-0.6134,-1.731,1.13,1.15,7.018,-0.2222,-0.9973,-5.913,-15.4,0.3897,4.12,5.332,1.649,-6.52,-4.052,-4.088,1.986,-2.624,-3.166,13.25,5.205,2.154,-4.657,-0.9123,3.141,-3.692,0.688,-0.1964,-0.4108,-0.1482,-2.302,-1.571,6.357,6.289,3.537,-2.165,2.641,5.05,5.07,3.747,-3.594,-5.041,-1.257,4.357,8.579,-6.092,-4.186,-0.0315,4.897,1.755,-9.369,-4.761,-5.261,3.719
1381,1.01,2.057,-3.397,4.237,0.0015,-0.1762,1.13,1.15,3.79,2.626,-4.121,-1.496,-14.64,-0.0841,5.896,6.136,-0.0746,-6.567,-4.787,-0.9689,3.886,1.138,-2.31,12.91,3.923,2.426,-1.012,-1.593,3.233,-1.981,-3.198,-3.766,-1.14,-1.491,-5.261,-3.461,6.771,5.438,2.722,-1.249,1.22,5.05,5.07,4.234,-4.083,-7.042,0.2446,5.954,10.82,-4.296,-6.386,1.258,2.802,2.212,-10.08,-4.007,-5.091,3.605
1382,1.01,1.774,-0.7664,2.491,-2.168,0.6909,1.13,1.15,3.778,1.101,-2.357,-2.195,-13.93,1.423,6.831,8.051,1.379,-7.548,-4.843,-2.901,3.054,-1.819,-3.505,9.847,1.708,3.611,-1.705,-3.105,1.992,0.2277,-3.926,0.2115,-1.09,-0.2106,-1.778,-2.206,4.907,5.078,1.609,-3.719,0.7767,5.05,5.07,4.321,-2.867,-6.415,2.561,6.622,12.06,-3.967,-4.875,-0.8832,0.3685,3.086,-11.99,-2.315,-4.4,2.345
1383,1.01,0.8661,-10.3,5.678,-1.015,-2.2,1.13,1.15,3.859,1.284,-2.456,-5.522,-16.22,3.925,3.717,6.706,0.9977,-7.465,-3.923,-2.228,0.908,-1.687,-0.8249,13.12,3.811,0.0619,-0.8234,-2.073,-0.669,-3.599,2.726,-0.8208,-1.145,-0.9205,-3.07,-1.722,4.269,5.38,-0.0277,-1.915,-1.085,5.05,5.07,3.168,0.8072,-5.27,1.565,3.22,7.02,-6.056,-5.68,1.397,0.4027,1.307,-11.98,-5.579,-10.17,3.298
1384,1.01,1.757,-2.127,0.8301,-0.7969,-1.389,1.13,1.15,4.458,0.9192,-1.642,-4.25,-14.71,1.052,7.825,7.369,3.979,-7.471,-4.525,-5.724,0.0464,-0.7179,-3.618,12.6,1.656,-1.335,-3.573,-2.569,1.757,-5.047,-3.564,0.0102,-1.386,0.4078,-3.049,0.2233,6.119,6.971,0.1962,-2.55,1.772,5.05,5.07,1.221,-0.6692,-6.578,0.2455,2.895,9.454,-2.902,-3.835,1.789,1.634,1.928,-11.73,-5.925,-7.52,2.848
1385,1.01,1.02,-3.752,2.033,2.133,-0.1546,1.13,1.15,3.021,-0.1764,-1.8,-5.048,-14.68,2.573,5.996,8.358,2.444,-6.993,-1.91,-4.488,-0.1029,0.1739,-1.754,12.97,2.692,1.97,-1.569,-0.7112,2.061,-1.519,3.243,0.356,-0.9983,-2.619,-2.897,0.412,6.103,6.203,1.698,-4.147,1.742,5.05,5.07,1.245,-2.239,-5.412,2.02,6.98,7.347,-5.821,-5.895,1.42,1.54,0.292,-11.79,-4.545,-7.298,3.467
1386,1.01,0.6782,0.7404,1.814,1.12,0.1474,1.13,1.15,4.063,0.6205,-3.068,-4.638,-19.1,3.319,6.38,4.942,-0.2319,-7.71,-2.631,-1.133,1.794,1.932,0.26,14.83,2.703,0.77,-2.629,-4.088,2.089,-3.352,1.347,-1.718,-0.5678,-0.7043,-4.013,-1.453,4.549,5.739,1.809,-1.978,1.129,5.05,5.07,4.084,-5.944,-4.222,0.5373,1.212,11.98,-5.129,-1.472,0.5782,3.24,2.424,-10.62,-4.696,-7.478,3.095
1387,1.01,3.434,0.7362,1.894,-1.596,-1.527,1.13,1.15,1.624,2.745,-1.7,-6.806,-15.52,1.771,4.447,7.221,1.123,-6.066,-5.723,-1.211,0.6074,1.21,-0.4831,13.8,3.612,3.004,-3.902,-5.08,1.181,-4.441,-0.2328,2.304,-0.883,0.1621,-3.21,1.183,5.569,4.568,4.661,-2.97,2.468,5.05,5.07,1.748,-3.085,-5.244,0.4666,3.985,5.16,-1.468,-7.207,2.533,1.527,2.38,-10.68,-2.306,-11.26,3.673
1388,1.01,1.869,-0.6868,3.084,-0.8866,-3.057,1.13,1.15,3.755,-0.6814,-1.204,-5.874,-15.19,1.733,7.387,6.767,1.143,-6.169,-2.996,-2.125,0.96,-0.5195,-1.203,12.48,3.887,-1.216,-4.443,-1.519,0.9227,-4.328,-2.975,0.5719,-0.9285,2.648,-4.648,-0.2447,3.555,1.854,2.592,-2.384,2.579,5.05,5.07,4.787,-1.306,-5.974,-0.1223,3.445,8.357,-4.61,-1.56,-0.7342,3.288,2.053,-12.47,-3.374,-4.789,1.265
1389,1.01,2.977,-10.7,2.098,1.191,-0.3141,1.13,1.15,0.9057,1.33,-3.206,-4.212,-16.33,2.457,5.881,6.048,2.123,-5.047,-3.868,-1.463,1.084,2.173,-2.179,12.05,3.284,-0.6506,-3.719,-2.579,0.5342,-2.795,-0.8876,-1.401,0.3019,1.866,-3.742,-0.4634,5.551,3.773,3.153,-4.31,1.371,5.05,5.07,3.029,-3.654,-6.164,-1.784,4.064,8.945,-4.816,-3.634,0.6435,1.555,0.6308,-11.41,-4.641,-6.59,2.932
1390,1.01,1.263,-6.528,1.39,0.5789,-0.9236,1.13,1.15,4.058,1.75,-3.236,-6.53,-16.93,1.073,5.166,5.382,1.795,-4.27,-6.567,-4.069,1.766,-0.197,1.253,13.13,3.977,1.284,-2.44,-2.513,2.577,-1.979,-3.19,0.9796,-0.154,-0.7452,-1.635,-2.352,7.265,5.522,2.098,-5.119,3.131,5.05,5.07,3.495,-2.66,-3.214,0.3171,4.034,8.874,-3.2,-6.873,1.437,2.187,3.063,-10.94,-6.197,-6.025,2.661
1391,1.01,2.74,0.5321,3.778,-0.1265,1.598,1.13,1.15,3.117,1.404,-3.026,-2.805,-16.58,3.904,4.568,3.464,0.0605,-5.245,-5.279,-2.625,1.639,-0.5037,0.47,13.42,2.545,-0.253,-2.45,-0.4303,1.248,-2.154,-2.919,1.4,1.182,1.994,-3.883,-2.192,6.659,5.638,2.54,-3.282,1.627,5.05,5.07,4.598,-2.01,-2.529,0.5074,6.029,13.78,-3.876,-4.025,-0.032,1.632,1.523,-9.507,-4.094,-8.055,2.797
1392,1.01,2.895,1.497,2.797,-5.249,0.3743,1.13,1.15,2.062,2.237,-2.844,-5.144,-17.59,2.051,5.685,4.192,1.947,-9.101,-3.417,-1.839,1.206,0.6607,-1.917,14.21,1.954,-0.7746,-3.124,-3.368,2.999,-2.262,-1.415,2.17,-0.6427,0.0678,-1.056,0.0919,4.618,5.759,1.047,-4.151,1.774,5.05,5.07,2.601,-4.541,-5.673,-1.734,3.116,10.04,-5.788,-4.416,1.267,1.288,3.793,-10.86,-4.78,-3.763,2.844
1393,1.01,0.2125,0.0982,1.964,-1.281,-2.161,1.13,1.15,5.808,-0.3694,-1.855,-2.055,-17.21,2.661,5.305,7.23,1.827,-4.272,-5.747,-0.3303,1.691,1.035,-0.2868,11.18,2.484,0.4617,-3.348,-4.369,3.196,-1.521,1.857,0.1734,-0.8011,-1.986,-3.017,-1.656,5.427,3.702,2.021,-6.398,0.4084,5.05,5.07,4.75,-5.414,-5.746,-2.758,4.682,7.099,-4.614,-4.591,0.34,3.964,1.53,-10.42,-5.249,-7.968,2.047
1394,1.01,1.404,0.0472,5.379,-3.075,-2.882,1.13,1.15,3.856,3.112,-3.359,-3.186,-16.08,2.739,4.664,4.747,2.278,-7.437,-4.275,-1.506,1.866,1.328,-1.433,8.695,4.06,-2.886,-4.6,-0.8678,1.377,-5.44,2.325,0.4435,0.1096,0.1992,-0.7751,-0.9327,4.754,5.108,0.1894,-4.078,1.964,5.05,5.07,0.8864,-1.808,-6.06,-1.267,2.431,4.083,-5.513,-5.327,0.9071,1.098,2.162,-12.75,-5.362,-1.786,3.47
1395,1.01,2.97,-4.074,-0.2494,-1.002,-1.24,1.13,1.15,3.573,-0.3302,-2.776,-1.983,-15.73,3.884,6.546,5.279,2.025,-7.956,-4.288,-0.4681,0.8072,1.735,-2.022,14.43,5.181,1.447,-2.702,-2.866,2.152,-1.31,-0.6114,0.6374,-0.4331,1.886,1.284,-0.521,5.74,4.88,0.7604,-2.404,3.213,5.05,5.07,0.8875,-4.143,-2.439,1.476,2.447,6.109,-2.142,-3.001,-0.2837,1.909,3.835,-9.928,-4.716,-2.862,1.461
1396,1.01,3.491,-2.349,4.654,-1.244,1.754,1.13,1.15,4.111,-0.6559,-2.358,-3.084,-13.26,2.834,4.243,9.165,1.925,-5.172,-4.195,-1.949,-0.0553,3.067,-1.754,13.15,2.938,1.139,-3.059,-1.915,2.077,-2.609,-1.853,-0.8575,-1.833,-1.295,-4.746,-2.108,5.266,5.063,1.125,-5.527,0.1165,5.05,5.07,4.303,-3.23,-3.955,1.179,5.339,4.193,-3.114,-3.143,0.0697,3.638,2.461,-10.44,-7.172,-8.881,3.625
1397,1.01,3.541,-0.331,1.761,0.3076,-0.667,1.13,1.15,5.01,-1.416,-1.228,-3.888,-15.79,2.503,6.376,5.902,0.2477,-5.737,-3.178,-3.712,1.627,0.061,-4.385,14.89,2.178,-0.1645,-1.744,-0.2924,3.054,-4.368,0.8784,-0.9763,-0.5644,1.696,1.313,-0.4772,4.514,6.28,1.794,-2.343,-0.4559,5.05,5.07,3.941,-1.292,-9.276,0.4057,4.506,11.05,-4.275,-2.571,1.539,3.19,0.9102,-10.61,-6.235,-2.561,3.151
1398,1.01,4.707,-1.962,5.759,-0.4723,-3.608,1.13,1.15,3.27,1.35,-4.622,-2.906,-16.38,1.98,7.409,6.526,1.192,-5.651,-6.03,-5.623,2.695,1.551,-1.087,12.56,2.53,2.346,-0.9255,-5.197,1.165,-1.943,-2.561,0.4771,1.777,1.026,-0.4071,0.2999,6.042,4.171,1.743,-2.961,1.46,5.05,5.07,3.414,-2.424,-5.889,0.923,3.307,4.43,-2.591,-1.472,1.078,1.974,2.458,-10.77,-5.826,-5.21,1.613
1399,1.01,1.899,6.851,3.995,-1.736,-1.689,1.13,1.15,5.182,-0.8456,-2.206,-4.76,-17.54,3.207,7.753,5.937,1.088,-4.868,-3.485,-4.238,3.035,2.723,-4.846,14.35,4.795,-0.5294,-1.184,-1.503,1.54,-1.746,-1.733,-0.202,-1.288,-1.516,-1.353,-0.401,5.363,4.985,2.984,-4.478,-0.198,5.05,5.07,4.322,-4.204,-5.175,-1.312,3.607,5.978,-0.7769,-3.817,2.217,3.216,2.807,-10.23,-2.993,-4.518,2.672
1400,1.01,2.331,-0.194,1.593,-4.715,0.2384,1.13,1.15,2.784,0.3775,-2.64,-3.718,-17.8,1.563,3.899,5.992,-0.6658,-7.067,-2.963,-3.7,2.798,0.8598,-2.225,11.97,2.044,-0.8088,-1.737,-0.5409,1.402,-2.836,2.68,1.692,2.049,-0.5955,-4.383,-0.6362,5.258,5.905,1.012,-3.293,2.254,5.05,5.07,5.079,-2.243,-7.542,0.353,3.123,7.691,-3.816,-5.117,-0.0267,2.634,2.294,-12.82,-4.943,-7.214,1.691
1401,1.01,1.68,-2.529,0.4906,0.4674,-1.81,1.13,1.15,3.37,0.5573,-4.06,-3.416,-15.46,1.956,3.034,7.239,-0.8532,-5.664,-2.664,-0.2366,-0.057,1.565,-0.7121,12.65,2.578,0.4426,-4.084,-1.169,3.09,-3.644,-3.958,-2.149,0.1206,-0.6272,-1.343,-0.5949,6.865,6.121,2.642,-2.043,1.994,5.05,5.07,3.566,-3.599,-5.882,-0.265,2.185,5.037,-4.477,-4.749,2.626,2.127,1.786,-9.799,-2.24,-5.666,2.744
1402,1.01,2.765,-3.305,4.242,1.388,-3.581,1.13,1.15,2.61,2.452,-2.663,-4.142,-16.33,-0.5501,6.523,5.345,-0.2323,-5.574,-3.445,-2.433,1.61,0.9945,1.342,15.15,3.051,0.4423,-2.342,-1.136,0.4178,-2.151,-0.8415,-0.0891,-0.4305,-2.099,-1.76,-2.907,5.858,6.18,1.393,-4.99,1.257,5.05,5.07,3.296,-6.153,-6.86,2.846,4.278,8.348,-5.678,-2.202,0.9688,3.257,3.387,-10.92,-5.471,-8.106,0.6517
1403,1.01,2.023,-0.6435,2.478,-1.178,-3.991,1.13,1.15,4.122,0.5183,-2.366,-3.656,-16.17,2.552,5.7,4.631,2.126,-5.592,-5.572,-0.9649,1.392,1.887,0.4374,15.16,3.438,-1.04,-2.794,-1.714,-0.6952,-1.463,0.5088,-0.0383,0.6929,-0.9832,-1.208,-0.7623,6.796,3.243,3.905,-1.602,-0.1516,5.05,5.07,3.348,-1.992,-6.004,0.9893,3.281,7.738,-3.991,-7.668,0.9853,1.321,2.227,-10.01,-3.845,-2.715,3.155
1404,1.01,2.45,0.4054,2.881,1.944,-2.436,1.13,1.15,2.392,0.1695,-1.354,-3.879,-17.37,2.251,3.335,5.9,-0.994,-8.181,-4.563,-1.574,1.934,1.957,-0.5811,13.39,5.673,1.674,-2.536,-0.8602,1.066,-0.8467,-2.369,1.211,-1.339,-0.5843,-2.084,-0.0602,5.537,4.273,1.776,-4.511,1.237,5.05,5.07,2.853,-3.421,-6.601,1.647,5.083,1.819,-1.326,-4.28,-0.3474,2.681,3.193,-9.716,-3.736,-4.289,1.436
1405,1.01,1.194,-4.909,2.944,1.831,-1.903,1.13,1.15,6.139,2.09,-2.413,-4.121,-14.66,0.6067,5.294,5.937,0.7815,-7.123,-3.545,-4.072,1.92,1.408,-0.5163,13.81,5.302,1.166,-0.5573,-1.061,2.062,-0.8822,2.257,0.5729,-0.8782,-0.0147,-4.472,-1.86,6.466,4.845,1.784,-1.764,2.389,5.05,5.07,2.495,-4.377,-6.908,-1.149,4.324,8.719,-4.14,-2.885,2.049,5.883,2.094,-10.05,-4.654,-8.725,1.419
1406,1.01,1.841,-1.791,4.137,-3.175,-2.462,1.13,1.15,4.686,0.2096,-2.971,-2.993,-14.74,4.294,6.199,4.076,0.9811,-8.763,-6.248,-2.554,4.259,-0.9234,0.2173,13.89,3.744,-0.7542,-4.435,-3.105,3.124,-2.599,-0.2838,-1.09,1.275,0.8931,-2.524,-2.466,5.703,3.317,1.259,-2.074,3.377,5.05,5.07,2.292,-4.233,-4.856,0.2757,1.733,11.56,-5.241,-1.482,1.822,2.4,2.453,-10.98,-5.387,-4.874,3.605
1407,1.01,1.525,0.1354,2.436,0.722,0.0389,1.13,1.15,5.139,2.446,-1.324,-3.268,-15.66,3.716,5.795,5.897,1.048,-3.67,-3.216,-2.108,3.281,-1.97,-2.871,13.95,1.982,1.609,-2.369,-3.043,1.578,-1.442,-0.1861,-0.3607,-0.497,-1.519,-1.324,-0.9848,8.517,5.368,5.835,-1.939,1.168,5.05,5.07,5.51,-2.39,-6.051,-1.107,5.279,6.8,-4.001,-4.176,0.9275,-0.3685,0.9353,-10.16,-4.097,-6.159,3.638
1408,1.01,4.678,-0.8716,4.034,0.9025,-1.363,1.13,1.15,3.808,1.763,-3.075,-4.168,-20.36,1.332,4.131,6.45,1.671,-7.914,-2.168,-2.841,0.0045,0.6121,-0.5337,14.8,3.064,0.4793,-0.6437,-1.338,1.781,-3.635,-0.4263,-1.944,0.8536,0.9655,-2.947,-1.037,6.066,6.402,3.561,-2.195,1.894,5.05,5.07,1.905,-3.767,-5.615,-1.175,3.952,8.202,-4.274,-3.167,0.4655,2.096,3.21,-12.06,-4.429,-3.359,2.512
1409,1.01,2.86,-2.143,5.304,-0.4647,-0.6613,1.13,1.15,1.539,0.8663,-1.655,-4.061,-16.25,0.5565,4.866,6.395,0.7071,-7.347,-6.542,-2.99,2.004,1.288,-2.575,10.75,3.435,2.706,-1.373,-2.165,-0.6667,-0.9052,-2.205,0.4709,0.0235,2.002,-1.848,-1.593,5.278,5.597,3.239,-5.082,0.6384,5.05,5.07,1.246,-5.208,-4.352,-0.4454,4.676,8.328,-3.446,-4.944,-0.6735,1.558,3.156,-9.522,-4.944,-3.447,4.732
1410,1.01,1.615,-1.572,3.021,0.547,-1.325,1.13,1.15,1.456,2.243,-4.111,-3.861,-18.71,2.733,6.339,6.48,3.588,-4.144,-5.418,-3.959,2.225,0.4037,-1.358,12.19,4.275,0.3132,-2.146,-0.8142,1.414,-4.23,-0.4738,0.8556,-1.218,-1.838,-6.454,-0.5523,5.687,6.763,-0.0705,-3.149,1.698,5.05,5.07,3.045,0.8393,-5.322,-1.346,3.867,8.427,-5.713,-5.619,0.6911,2.116,2.527,-11.2,-4.828,-3.995,2.346
1411,1.01,2.299,-2.648,3.025,1.311,-2.901,1.13,1.15,4.516,1.108,-1.016,-2.352,-13.51,1.245,6.145,3.77,0.5092,-6.768,-5.197,-2.015,2.149,-2.475,-3.788,12.64,1.307,2.777,-1.109,-1.87,1.811,-0.8047,-1.162,-0.5433,0.2692,-0.3517,0.0957,-2.712,5.778,5.935,4.561,-1.475,2.278,5.05,5.07,4.621,-6.806,-5.339,-2.106,4.651,11.19,-3.871,-4.05,0.5564,3.882,3.07,-9.4,-4.917,-5.837,3.687
1412,1.01,-0.2441,-4.306,6.757,-0.0754,1.285,1.13,1.15,3.055,0.8733,-4.561,-2.446,-15.27,0.8727,5.207,6.364,1.704,-6.652,-2.133,-3.665,2.371,0.8742,-1.103,12.37,1.852,-0.463,-3.44,-0.7862,1.323,-1.439,-1.777,0.7359,0.8844,-0.6995,-1.077,-1.676,5.23,4.619,2.303,-4.458,0.2791,5.05,5.07,4.418,-1.576,-3.745,-1.971,5.941,9.806,-3.772,-2.452,-0.0948,2.315,0.7388,-10.18,-2.749,-4.101,4.918
1413,1.01,1.922,-0.9956,4.014,-1.293,0.3526,1.13,1.15,6.469,-1.05,-2.321,-4.603,-18.44,5.364,4.642,5.139,0.4979,-7.041,-4.271,0.6434,0.0081,-2.648,0.6923,12.38,2.258,-0.1327,-0.9045,-2.738,3.545,-2.116,-0.1148,-0.2315,-1.037,-1.232,-2.881,-0.6262,4.689,3.835,1.588,-2.173,3.752,5.05,5.07,4.603,-0.5778,-6.591,-1.923,2.042,4.351,-3.667,-6.859,3.42,-0.1861,2.63,-11.29,-4.744,-7.28,3.256
1414,1.01,3.287,0.8608,4.483,2.157,-2.036,1.13,1.15,5.86,0.2221,-3.369,-3.617,-16.43,4.551,8.937,7.788,1.288,-6.507,-3.047,-2.305,4.655,0.2227,-0.0484,15.25,3.287,0.8398,-2.351,-0.7429,1.055,-1.451,-0.2431,-0.4973,-0.2456,-0.9066,-2.943,-2.182,5.286,7.54,3.074,-2.567,2.883,5.05,5.07,3.859,-2.845,-6.318,0.5821,3.306,4.84,-1.114,-4.646,-0.1074,2.121,1.019,-10.86,-4.938,-3.768,1.778
1415,1.01,1.675,-4.667,2.71,1.108,-1.423,1.13,1.15,2.472,1.3,-3.608,-4.448,-15.71,1.106,5.994,6.891,1.439,-5.873,-5.292,-2.094,3.168,-1.082,-2.333,14.67,3.84,1.046,-3.753,-2.183,0.919,-3.931,-3.403,0.2226,-1.096,-1.17,-2.434,-2.188,6.754,5.893,2.16,-1.428,2.593,5.05,5.07,3.533,-1.96,-5.657,-2.216,5.692,5.667,-4.226,-7.082,3.676,2.678,1.079,-9.824,-3.486,-2.998,4.292
1416,1.01,4.013,1.123,2.52,0.1325,-1.048,1.13,1.15,3.495,2.842,-2.705,-3.24,-16.36,3.607,5.822,7.738,2.995,-6.019,-5.027,-0.5272,0.2987,0.1736,-0.4722,12.93,1.973,2.054,-4.583,-1.869,1.801,-1.618,-3.544,-0.5273,0.1866,-4.025,-4.412,-1.201,5.412,6.946,2.439,-1.821,2.062,5.05,5.07,3.984,-2.047,-4.571,-0.6949,5.217,9.523,-4.319,-2.473,2.174,7.199,0.4319,-10.08,-3.949,-4.469,1.326
1417,1.01,2.384,-3.785,4.307,-1.476,-1.357,1.13,1.15,5.062,3.183,-2.922,-5.787,-16.35,2.919,5.557,5.762,-0.9313,-5.887,-6.781,-1.431,1.181,-0.6362,-4.287,12.25,3.521,-0.6885,-0.2491,-4.126,3.337,-2.568,-0.7781,0.8746,-0.3932,-0.6877,-2.089,0.3722,5.498,3.932,3.813,-4.448,2.609,5.05,5.07,5.229,-3.141,-5.641,0.589,4.458,7.839,-3.861,0.2202,0.1852,3.518,0.7644,-11.04,-5.721,-3.871,2.683
1418,1.01,1.824,-2.14,3.452,-0.051,-2.389,1.13,1.15,3.621,0.2201,-2.568,-2.549,-16.64,1.591,4.739,4.477,0.583,-7.328,-5.556,-5.475,3.44,-0.7793,-4.316,14.12,4.717,0.2017,-2.134,-1.476,4.297,-2.085,-0.9757,0.5877,-0.9827,-1.407,-4.075,-0.2866,6.732,5.937,6.032,-3.038,2.468,5.05,5.07,2.098,-4.645,-4.939,-1.378,3.784,2.987,-7.02,-4.878,0.3474,3.721,2.424,-9.995,-6.945,-4.394,4.062
1419,1.01,1.909,-3.313,4.939,0.1091,-2.923,1.13,1.15,1.72,-0.5833,-2.952,-2.637,-14.47,0.9428,5.52,6.05,0.8753,-8.017,-7.38,-3.147,3.139,1.035,-1.396,12.57,2.541,-0.7419,-2.725,-3.27,1.321,-4.306,-3.524,-2.745,-0.2983,-1.144,-3.738,-1.643,8.492,4.219,2.927,-5.097,2.146,5.05,5.07,4.527,-4.66,-4.585,-0.0499,3.37,8.831,-3.385,-8.474,0.3471,2.031,1.318,-10.58,-1.965,-5.104,1.527
1420,1.01,3.235,-4.542,2.252,0.7228,-3.557,1.13,1.15,1.444,0.5191,-1.566,-3.929,-17.67,-0.2912,5.39,5.382,2.778,-8.78,-3.519,-3.491,1.104,-0.5755,-1.222,12.97,3.376,1.874,-2.867,-2.198,1.707,-1.291,-0.5743,1.166,1.638,-1.909,-4.478,-1.488,6.394,3.388,0.914,-5.188,1.163,5.05,5.07,3.769,-3.955,-6.069,-0.2016,4.203,7.319,-1.671,-2.81,1.434,1.218,2.996,-9.02,-5.477,-5.722,2.287
1421,1.01,0.8267,-3.498,2.327,-0.2833,-0.8016,1.13,1.15,3.871,1.903,-3.594,-4.308,-14.27,3.055,7.228,5.096,1.775,-5.37,-3.747,-5.302,1.241,4.252,-2.645,14.25,2.306,1.504,-3.832,-1.163,-0.3642,-2.331,-1.768,0.1987,0.4568,0.1275,-2.845,-1.278,4.754,7.159,1.756,-3.554,0.5235,5.05,5.07,5.044,1.042,-4.056,0.7223,3.755,8.788,-4.558,-6.154,1.72,3.276,2.044,-12.23,-4.778,-6.804,2.89
1422,1.01,2.145,0.4665,1.749,-0.837,-2.6,1.13,1.15,2.791,2.462,-1.953,-3.944,-16.97,2.322,4.504,6.209,1.438,-9.687,-6.121,-2.117,0.9063,0.3354,-1.047,13.53,5.736,2.741,-1.936,-3.554,1.925,-0.7973,-0.4806,0.0567,2.227,-0.7252,-2.11,0.4586,6.49,5.041,1.739,-3.571,2.821,5.05,5.07,3.857,-0.5377,-5.913,-0.2985,2.848,9.013,-3.925,-4.674,0.8637,4.739,3.02,-8.934,-5.869,-3.441,3.498
1423,1.01,2.258,4.043,4.419,0.4692,-4.87,1.13,1.15,2.16,0.1088,-1.547,-2.63,-15.98,2.504,4.812,6.857,0.6679,-9.59,-3.98,-1.855,1.92,0.6229,-2.815,14.35,2.669,-0.4048,-1.8,-2.217,1.217,-2.832,2.834,-0.8779,-0.6179,0.7671,-2.126,-0.2337,6.985,4.919,2.772,-4.307,3.26,5.05,5.07,2.531,-7.47,-4.166,0.7424,3.542,11.47,-5.367,-4.414,1.882,2.718,3.013,-11.16,-5.617,-5.297,3.494
1424,1.01,1.945,3.903,3.14,3.235,-0.4324,1.13,1.15,3.527,1.615,-3.277,-4.308,-16.87,1.293,5.788,4.28,1.35,-7.768,0.8154,-3.287,1.867,1.71,-1.596,15.51,2.746,-0.373,-2.892,-0.9212,0.8662,-2.707,-1.243,2.259,-2.282,-1.691,-0.9951,-0.5459,4.987,7.048,2.884,-3.731,3.55,5.05,5.07,6.915,0.5196,-6.036,-1.259,3.885,7.049,-5.953,-0.9994,0.5925,1.807,3.107,-12.51,-4.799,-2.865,1.934
1425,1.01,3.421,-2.484,4.155,-1.844,-1.467,1.13,1.15,3.337,1.156,-2.258,-4.845,-14.82,2.524,6.612,7.108,1.436,-9.753,-2.526,-2.952,1.803,-0.8879,-1.526,10.6,3.762,-1.02,-1.882,-0.2102,0.4306,-1.376,-1.871,-0.7328,0.789,-0.4607,-3.301,-0.4893,5.801,5.131,5.614,-3.587,4.508,5.05,5.07,3.404,-2.814,-6.16,-0.284,2.55,6.03,-5.858,-2.595,-0.1247,1.562,2.81,-8.908,-6.253,-8.612,2.327
1426,1.01,2.205,0.7506,2.446,-3.18,-1.292,1.13,1.15,4.984,-0.4232,-4.029,-4.988,-16.75,2.833,5.075,5.54,0.8667,-4.555,-4.285,-1.873,3.451,1.144,0.0742,11.68,2.062,0.7094,-4.261,-1.101,3.55,-1.428,0.3889,-0.2634,-0.5835,-1.604,-4.191,1.283,6.918,3.731,2.87,-2.324,3.179,5.05,5.07,5.435,-1.016,-4.006,-0.6744,3.156,10.15,-3.233,-3.172,0.4944,3.373,1.545,-9.951,-4.164,-8.704,5.194
1427,1.01,0.1748,-0.4008,3.493,2.065,-1.762,1.13,1.15,2.498,0.1684,-2.6,-2.74,-15.53,2.204,6.81,7.74,0.9843,-6.341,-5.772,-1.369,1.347,-0.2989,-5.706,14.34,2.578,2.186,-2.021,-4.331,2.936,-4.747,1.499,-1.071,-1.805,0.8708,-3.748,-0.3686,5.199,4.38,4.551,-4.699,0.1077,5.05,5.07,5.67,-5.197,-5.394,-0.7685,4.689,9.273,-6.535,-3.168,0.7117,3.382,0.3642,-12.67,-3.681,-2.078,3.372
1428,1.01,2.22,-1.031,2.533,-2.488,-1.228,1.13,1.15,4.307,1.029,-1.56,-3.528,-15.28,4.495,5.69,3.975,-0.6475,-6.927,-4.946,-1.848,1.709,1.925,0.2933,17.71,3.327,0.1884,-2.587,-2.454,0.813,-5.586,0.8833,-1.765,-1.018,-2.121,-5.215,-2.02,5.474,4.611,2.596,-3.502,5.581,5.05,5.07,4.54,-4.607,-3.67,-0.3337,6.395,3.967,-4.777,-5.985,0.8659,3.885,1.561,-10.23,-4.491,-8.453,3.997
1429,1.01,-0.2085,-3.317,2.107,1.656,-0.953,1.13,1.15,5.012,0.7044,-5.615,-4.951,-17.97,1.261,4.807,5.365,3.258,-7.271,-3.548,-0.1883,2.133,2.024,0.3967,13.93,3.832,-1.56,-3.568,-2.965,0.0788,-1.316,4.102,0.2034,-1.273,-0.6361,-4.468,-0.7947,7.309,3.635,0.9445,-0.7595,1.914,5.05,5.07,4.576,-2.227,-4.49,2.615,5.185,9.835,-6.662,-4.752,-0.0955,2.115,3.749,-11.02,-5.102,-3.855,3.244
1430,1.01,2.39,-4.803,3.664,-1.275,0.0359,1.13,1.15,3.76,3.565,-1.336,-4.188,-14.34,2.361,5.927,6.645,1.73,-8.703,-6.361,-3.169,1.941,0.948,-3.452,13.24,2.884,-0.9816,-3.37,-3.314,2.872,-2.32,2.766,-0.0816,-0.5897,-0.4362,-2.48,-0.8979,4.168,3.435,2.77,-4.69,1.396,5.05,5.07,3.039,-3.875,-6.106,-0.4948,3.297,7.485,-3.589,-6.093,1.321,1.206,3.854,-9.557,-4.66,-4.855,1.861
1431,1.01,3.904,3.019,2.603,0.3412,-1.516,1.13,1.15,4.019,0.5287,-1.862,-2.421,-15.6,2.041,7.409,6.613,2.545,-7.011,-4.516,-1.952,0.1344,-0.6808,-2.351,14.83,2.515,-1.355,-5.743,-2.734,1.507,-2.043,0.0989,0.5839,-0.1463,1.661,-0.9429,-1.203,6.328,3.516,2.721,-4.42,-0.1156,5.05,5.07,2.219,-2.037,-7.356,-2.435,3.297,8.432,-4.171,-7.658,1.351,5.619,4.115,-11.92,-1.97,-6.182,1.036
1432,1.01,2.202,3.272,1.96,0.1839,1.08,1.13,1.15,2.087,1.648,-2.98,-2.533,-16.23,1.819,6.845,6.582,2.549,-6.271,-3.127,-1.57,2.208,1.305,-0.8187,13.83,2.824,0.6582,-2.765,-3.536,-0.979,-2.205,0.3415,-0.9334,-1.569,-0.3956,-4.324,-1.78,5.873,2.638,3.996,-0.2888,0.3572,5.05,5.07,2.758,-5.025,-7.276,-0.6896,5.958,7.71,-4.458,-7.889,-0.4519,2.259,0.1853,-8.538,-4.334,-4.926,3.324
1433,1.01,2.924,-0.9847,1.839,-0.9237,-1.291,1.13,1.15,2.729,3.305,-3.346,-3.052,-14.81,3.083,4.228,4.352,2.166,-4.712,-4.471,-4.319,2.181,-0.8235,-1.868,11.83,1.959,1.176,-3.85,0.5326,2.596,-2.263,0.4804,0.0219,0.4129,-2.392,-2.375,-1.614,6.945,3.623,1.214,-5.192,1.245,5.05,5.07,3.992,-2.33,-6.536,-0.1398,3.534,4.754,-4.363,-3.472,-1.513,2.062,1.693,-10.08,-3.986,-9.044,3.359
1434,1.01,1.777,2.304,5.062,1.383,-1.088,1.13,1.15,2.708,0.0004,-2.394,-2.056,-16.36,1.531,7.667,6.423,0.0702,-7.299,-4.699,-1.153,0.1475,-0.9083,1.141,14.55,4.92,0.8945,-2.427,-2.386,2.598,-1.73,-0.7824,-1.002,0.3422,-3.62,-1.278,-0.2338,9.198,6.442,-0.1229,-3.351,-0.3241,5.05,5.07,3.762,-4.552,-6.322,0.9695,2.394,10.01,-5.904,-4.864,0.9021,-0.1851,4.18,-9.371,-4.999,-7.12,3.242
1435,1.01,0.6738,-1.066,2.631,-0.5126,2.448,1.13,1.15,4.154,-1.204,-4.207,-1.083,-13.28,3.222,7.649,4.826,2.458,-7.461,-2.845,-5.241,1.873,3.777,-4.342,12.09,3.102,-2.153,-2.662,-0.1131,2.574,-2.352,1.673,0.5607,0.1689,2.814,-3.78,1.006,6.299,3.899,4.974,-3.456,0.6242,5.05,5.07,3.002,-4.049,-4.587,-2.432,4.427,10.35,-4.741,-3.198,1.259,3.499,1.386,-10.71,-1.995,-5.291,3.504
1436,1.01,-1.689,1.426,5.353,1.092,-0.626,1.13,1.15,0.8186,0.1147,-3.97,-4.173,-17.83,0.1629,7.488,5.556,4.435,-9.826,-5.233,-3.833,2.501,1.944,-0.0933,12.66,2.161,0.7349,-1.395,-2.596,-1.658,-5.512,1.351,-1.987,-0.4992,-2.978,-1.247,1.389,4.966,3.997,2.045,-5.324,3.061,5.05,5.07,3.646,-2.684,-5.46,0.5807,4.975,5.8,-4.478,-4.963,1.537,3.283,3.126,-10.77,-2.881,-6.523,3.173
1437,1.01,1.577,2.431,3.458,0.7326,1.666,1.13,1.15,7.793,-1.424,-1.37,-4.404,-18.71,0.3255,6.896,5.011,1.001,-5.92,-4.642,-1.688,4.316,1.564,-3.166,14.6,3.449,-0.4043,-3.304,-1.571,0.6845,-2.937,2.156,-0.0209,1.584,-0.447,-6.119,-1.108,5.117,4.271,1.823,-5.23,3.539,5.05,5.07,4.545,-3.12,-5.411,-0.4914,5.726,8.306,-2.898,-4.663,1.568,2.851,2.11,-9.812,-4.058,-3.512,3.751
1438,1.01,2.024,-0.9842,1.382,-1.341,1.679,1.13,1.15,3.431,0.7178,-3.058,-3.798,-15.3,4.187,5.342,4.645,2.335,-5.978,-4.388,-1.242,-0.9459,2.95,-4.737,15.24,6.595,0.6746,-1.354,-5.27,2.687,-4.166,-5.781,-0.4234,-1.874,-1.128,-3.086,-1.755,6.243,4.737,2.203,-3.017,0.5884,5.05,5.07,3.742,-5.963,-5.065,-0.1456,3.825,9.99,-2.437,-7.286,1.144,0.3389,3.6,-10.08,-5.519,-6.428,4.6
1439,1.01,0.445,-3.432,2.286,2.934,-0.2109,1.13,1.15,5.844,3.401,-1.62,-3.305,-16.93,1.639,6.742,3.768,2.14,-7.212,-5.582,-4.126,3.093,1.135,-2.039,15.02,2.475,2.2,-2.632,-0.9729,-0.0273,-1.876,-2.658,-1.063,-3.191,0.6997,-3.432,-0.6839,6.796,8.798,2.231,-4.002,1.097,5.05,5.07,4.885,-0.7462,-4.618,-1.657,5.148,10.53,-3.909,-2.46,-0.2314,2.765,1.534,-10.48,-6.016,-7.499,0.748
1440,1.01,0.7622,1.95,2.028,0.5795,-1.207,1.13,1.15,3.168,0.3071,-0.232,-2.618,-18.3,1.496,6.92,5.911,3.531,-4.828,-4.25,-1.381,0.9235,1.351,-4.162,14.98,3.269,2.249,-2.461,-1.706,1.556,-3.681,-0.0984,1.697,-0.0512,-0.8319,-4.484,-1.158,5.089,4.486,1.237,-3.331,1.104,5.05,5.07,1.368,-4.914,-6.467,-0.1293,3.398,9.376,-3.734,-5.597,0.7026,3.015,2.035,-9.388,-5.381,-7.699,1.927
1441,1.01,0.1767,-4.257,3.966,0.2745,-5.239,1.13,1.15,4.84,0.6551,0.0037,-5.806,-19.04,1.944,3.359,5.147,0.951,-4.982,-4.289,-1.525,0.098,-0.2516,-2.365,13.22,3.243,1.81,-4.229,-0.0508,0.925,-3.001,-0.79,0.0675,0.0887,0.066,-1.056,-0.1535,5.64,5.991,3.405,-1.243,0.2236,5.05,5.07,1.76,-5.466,-6.277,0.9838,5.103,4.656,-5.81,-3.437,1.35,3.187,1.953,-10.55,-6.872,-4.057,3.056
1442,1.01,-0.5327,-0.4724,3.586,0.5026,0.6574,1.13,1.15,0.7368,-0.0807,-0.7395,-5.542,-17.8,3.69,8.356,6.837,0.9725,-7.938,-1.567,-3.267,3.365,2.424,-0.287,12.72,5.309,-1.928,-2.408,-0.7491,2.263,-5.182,-1.063,0.337,-0.2705,-2.567,-6.649,-3.497,6.633,6.726,2.082,-1.909,-1.092,5.05,5.07,5.325,-3.004,-5.439,-2.986,5.095,8.806,-2.582,-6.238,2.001,2.415,2.584,-11.61,-5.708,-8.739,4.689
1443,1.01,3.545,-1.877,4.0,-0.742,-0.1742,1.13,1.15,3.201,1.271,-1.79,-3.919,-16.78,2.818,4.778,6.296,1.794,-5.496,-3.64,-1.476,2.22,2.504,0.3873,14.33,2.965,-1.912,-3.137,0.3152,4.877,-4.901,-2.096,-1.472,-1.385,-1.034,-1.922,-0.9516,7.708,7.572,3.508,-3.571,3.182,5.05,5.07,3.474,-2.941,-3.711,1.044,3.464,8.89,-3.806,-2.742,-1.602,-0.9318,3.337,-11.19,-3.475,-8.727,2.04
1444,1.01,3.102,-2.092,3.44,1.674,-1.554,1.13,1.15,5.955,-1.211,-3.165,-3.956,-17.67,2.543,4.99,4.81,0.3426,-5.139,-3.171,-3.855,0.8508,3.581,-2.742,12.26,0.5201,1.798,-2.436,-1.115,0.9315,-3.116,-2.013,1.695,-1.391,0.9478,-2.671,-0.1223,6.804,6.784,3.356,-2.638,0.3909,5.05,5.07,3.555,-5.495,-7.98,-0.6889,5.921,6.045,-5.718,-5.513,0.5924,4.298,3.133,-8.961,-4.701,-4.136,1.318
1445,1.01,2.441,-1.838,4.675,0.5558,-1.527,1.13,1.15,0.1772,2.672,-3.251,-3.508,-16.68,0.9909,5.761,4.106,0.0895,-5.084,-1.32,-1.512,1.744,3.905,1.081,14.9,3.822,0.2497,-3.249,-0.8176,-0.2558,-2.691,-2.221,0.0821,0.2871,-0.6389,-2.509,-1.358,5.322,5.89,1.854,-4.293,1.673,5.05,5.07,2.702,-5.374,-4.508,-1.708,2.282,5.549,-1.651,-4.438,-0.6817,1.669,1.872,-10.21,-4.515,-10.94,5.009
1446,1.01,3.117,-2.522,3.557,0.0867,-2.318,1.13,1.15,2.481,1.29,-4.824,-3.315,-19.58,2.594,6.593,8.158,1.827,-8.323,-4.296,-0.4588,2.65,1.764,-1.234,14.78,4.899,-0.322,-1.039,-0.3717,3.954,-2.206,-0.9698,-1.259,-0.3166,0.555,-0.0436,-0.0742,6.491,4.469,2.656,-3.598,0.1766,5.05,5.07,4.207,-1.219,-4.179,-3.664,3.99,9.266,-3.044,-4.733,3.681,3.037,0.7372,-9.991,-5.584,-3.098,3.971
1447,1.01,0.2744,-1.885,2.839,-0.4476,1.462,1.13,1.15,4.231,0.5383,-4.511,-3.423,-16.04,2.356,7.928,9.509,2.175,-5.606,-5.816,-5.554,2.166,1.109,-2.281,12.86,2.164,-0.0437,-2.988,0.4339,2.193,-0.0668,-3.441,0.0897,-1.382,0.5683,-1.739,0.0239,5.512,3.645,0.7193,-0.8357,1.484,5.05,5.07,3.632,-5.856,-5.18,1.48,4.391,7.383,-4.992,-4.785,1.209,1.662,0.2834,-10.88,-5.039,-1.855,4.43
1448,1.01,3.724,1.052,4.389,0.3545,-0.9103,1.13,1.15,2.841,1.608,-3.355,-4.897,-15.55,1.141,4.531,7.514,1.701,-7.231,-3.289,-4.831,1.373,-1.002,0.4782,13.45,1.838,-1.646,-2.026,-0.8047,3.303,-2.643,1.512,-2.568,-2.089,0.7322,-3.773,-0.7958,5.404,5.919,2.134,-3.327,1.378,5.05,5.07,4.821,-6.107,-5.283,-2.282,3.602,8.499,-5.287,-2.585,0.4474,3.507,1.704,-9.918,-3.555,-7.091,4.47
1449,1.01,5.134,-3.627,4.434,1.508,-2.67,1.13,1.15,5.475,3.911,-1.476,-4.111,-16.02,3.753,8.261,4.638,1.405,-6.345,-3.491,-3.785,-0.4951,-0.3001,-2.456,14.11,1.536,-1.878,-2.269,-2.159,1.89,-3.235,0.9752,1.535,2.22,-0.0931,-3.174,-0.5225,5.672,7.582,2.58,-0.7278,2.708,5.05,5.07,3.688,-4.681,-5.172,-0.6403,6.532,8.709,-3.598,-7.053,1.196,3.721,3.437,-10.44,-3.791,-4.88,3.742
1450,1.01,2.538,1.732,2.822,-2.451,2.051,1.13,1.15,2.735,0.5584,-2.064,-5.627,-14.28,3.345,5.628,4.784,1.545,-6.307,-3.815,-3.596,0.0369,3.241,-0.6701,14.84,3.458,1.078,-3.463,-0.8237,1.46,-5.822,0.6994,0.469,-1.94,0.9131,-2.65,-1.867,7.771,4.747,2.25,-5.582,-0.1485,5.05,5.07,2.785,-5.851,-4.981,-4.354,2.471,7.706,-5.921,-5.765,0.0753,4.086,2.189,-10.58,-2.699,-2.993,3.293
1451,1.01,0.3209,-2.549,4.635,-1.801,3.091,1.13,1.15,0.0886,-1.133,-1.412,-2.948,-17.35,3.079,5.354,6.713,0.6629,-7.294,-3.455,-1.324,0.7406,0.3399,-0.2949,13.9,5.987,0.2465,-3.507,-1.11,1.706,-2.153,1.954,1.599,1.039,0.1596,-1.838,1.606,6.017,2.681,0.5832,-4.422,2.356,5.05,5.07,3.415,-2.434,-4.853,-1.619,1.393,6.769,-0.8246,-4.62,1.813,0.4516,0.6877,-8.369,-2.421,-6.479,2.572
1452,1.01,2.287,-4.378,3.304,1.288,1.57,1.13,1.15,4.66,-1.769,-3.033,-3.934,-17.29,2.853,5.2,6.691,1.971,-0.838,-4.801,-3.765,2.133,-1.12,-0.5845,10.6,2.587,2.609,-2.869,-2.399,2.595,-1.219,-0.7471,-0.1642,1.874,-3.235,-0.1755,-0.7942,6.29,6.435,2.446,-2.294,0.1142,5.05,5.07,4.036,-0.5192,-3.506,-3.141,3.957,6.746,-2.144,-3.969,1.533,2.85,2.786,-8.574,-2.676,-3.52,4.367
1453,1.01,0.6411,-0.8959,3.924,1.379,1.352,1.13,1.15,1.37,0.9236,-2.393,-3.795,-14.09,0.1179,7.901,5.544,2.637,-6.862,-2.049,-2.605,3.428,-1.819,-0.1859,13.56,1.716,-1.556,-1.932,-0.8806,1.681,-2.32,2.609,-0.4867,-0.8168,0.9897,-3.588,-1.377,4.686,5.716,1.655,-5.342,0.4324,5.05,5.07,4.798,-2.466,-5.716,-0.2517,3.04,9.634,-3.032,-1.738,2.419,3.067,2.008,-9.639,-4.688,-7.78,3.988
1454,1.01,3.227,-0.6321,4.944,2.619,0.1358,1.13,1.15,5.117,-0.3994,-3.112,-3.813,-18.23,2.392,7.21,5.475,0.0891,-7.054,-3.894,-3.637,2.72,0.0176,-2.896,14.42,3.501,-0.1503,-3.532,-0.992,1.855,-1.228,-0.9653,-1.627,-1.187,0.2439,-3.814,-1.166,5.534,6.531,2.934,-4.405,0.3336,5.05,5.07,6.477,-7.676,-4.194,-0.6347,2.056,9.574,-0.8503,-0.9024,0.6528,1.702,1.076,-9.885,-3.652,-4.66,2.131
1455,1.01,1.773,-2.3,2.246,1.921,-1.529,1.13,1.15,2.842,0.6269,-0.6515,-4.736,-15.62,0.5501,6.503,6.903,2.181,-5.112,-5.262,-2.723,0.9313,0.4517,-3.44,10.04,1.498,1.363,-1.431,-1.466,1.534,-1.526,-1.046,0.7901,0.2127,0.8624,-3.265,-2.175,7.249,5.377,5.708,-2.089,3.989,5.05,5.07,3.583,-4.821,-4.028,-0.4187,3.329,7.793,-1.96,-5.432,0.6579,2.757,0.3748,-10.01,-3.642,-7.271,1.423
1456,1.01,1.805,-4.147,5.034,1.662,-0.2779,1.13,1.15,3.338,-0.157,-2.869,-3.629,-14.82,3.587,0.9921,5.012,2.206,-7.666,-5.978,-0.9658,1.96,2.564,-1.202,12.33,1.818,-1.661,-1.432,-3.802,-0.1443,-4.574,-1.155,1.005,-0.5457,1.15,-0.9407,0.101,7.196,6.099,3.135,-4.146,1.344,5.05,5.07,2.9,-2.181,-5.413,-2.078,3.732,9.217,-5.699,-6.313,1.134,2.799,2.599,-6.945,-0.6834,-7.16,1.842
1457,1.01,3.965,-0.6758,-0.0082,-1.623,-0.8796,1.13,1.15,2.209,1.184,-1.298,-4.988,-19.16,2.494,4.425,5.801,1.345,-5.512,-5.17,0.1814,2.289,-1.309,0.4168,15.31,2.182,1.36,-2.116,-3.268,1.97,-2.659,-1.514,-2.637,0.7475,-1.827,-2.632,-0.0061,6.741,5.591,2.443,-1.197,0.8921,5.05,5.07,1.556,-2.777,-3.632,-0.4314,4.108,9.934,-5.188,-1.677,0.9227,4.713,3.023,-9.828,-2.957,-8.809,3.237
1458,1.01,0.469,-1.826,2.359,1.988,-1.415,1.13,1.15,2.11,0.3419,-0.3896,-3.738,-16.66,1.037,6.466,5.077,0.8969,-5.634,-3.246,-6.067,1.835,0.3105,-1.743,15.23,1.967,-1.757,-3.451,-0.5477,-0.2655,-2.612,-2.727,1.13,-3.31,0.7249,-0.648,-1.197,7.563,6.242,0.927,-0.3583,-0.7875,5.05,5.07,4.768,-1.846,-5.393,2.291,5.592,9.587,-3.169,-6.253,0.0818,3.683,3.967,-9.399,-7.065,-8.427,1.121
1459,1.01,1.77,-5.201,2.324,-1.917,-1.792,1.13,1.15,2.738,0.8317,-3.049,-4.599,-14.93,2.475,5.662,3.964,-1.076,-6.575,-3.81,-3.807,1.53,-0.4224,-3.069,14.38,4.202,-0.0775,-1.776,-2.054,1.056,-2.53,0.4755,0.2785,0.142,0.224,-3.154,-0.1246,6.106,4.136,2.592,-4.349,0.151,5.05,5.07,5.823,-5.987,-5.451,-0.7951,3.999,9.758,-4.579,-3.07,2.865,4.998,2.84,-7.079,-4.049,-6.337,1.997
1460,1.01,1.516,-4.685,2.364,-1.376,-1.982,1.13,1.15,3.405,0.0636,-3.549,-2.479,-16.33,2.834,7.407,5.697,-0.409,-8.46,-3.536,-4.466,0.1083,0.5604,-0.8093,13.53,2.348,-1.316,-4.577,-2.004,0.9567,-2.574,1.909,0.2255,3.161,-1.574,-1.59,0.8696,8.539,5.677,4.517,-2.021,0.6452,5.05,5.07,5.485,-3.447,-5.774,1.795,2.931,9.325,-4.436,-7.116,2.941,4.542,1.77,-8.269,-4.249,-4.387,2.556
1461,1.01,4.365,-0.4664,4.625,2.078,0.7603,1.13,1.15,2.827,4.52,-3.422,-4.058,-16.87,4.216,3.208,7.521,3.332,-5.149,-3.096,-2.028,0.8939,2.253,0.7246,13.36,3.593,2.983,-4.751,-1.366,2.26,-4.883,1.356,-0.7553,-1.319,0.1202,-4.053,-0.6221,6.03,7.082,2.265,-5.112,1.287,5.05,5.07,3.474,-5.805,-5.116,-0.3957,5.606,6.786,-4.169,-3.827,0.0846,2.244,1.567,-9.829,-3.197,-4.464,3.275
1462,1.01,1.348,2.586,2.098,3.397,-3.605,1.13,1.15,4.436,0.3128,-3.274,-2.587,-15.4,2.266,6.204,4.003,0.2765,-6.186,-3.799,-3.983,1.675,0.1969,-1.606,13.61,5.325,1.285,-3.602,-2.973,2.796,-2.325,3.076,0.145,-0.0889,0.7848,-3.06,-1.104,6.898,7.005,4.356,-2.483,0.3447,5.05,5.07,6.301,-2.421,-4.035,-0.6582,2.825,3.644,-3.553,-1.511,1.338,3.763,2.635,-10.73,-3.307,-6.322,2.62
1463,1.01,3.329,-1.14,-1.211,1.124,-1.515,1.13,1.15,3.238,-0.1866,-3.704,-3.692,-17.46,3.222,5.63,8.096,4.384,-6.007,-5.6,-1.169,3.7,0.7352,-3.143,13.51,5.388,2.41,-3.479,-3.592,3.256,-2.051,-0.2617,0.3587,-1.785,1.031,-3.461,0.425,6.949,5.661,5.952,-3.92,-0.1108,5.05,5.07,0.938,-2.628,-4.513,-0.0582,3.012,6.829,-0.4691,-7.411,-0.4882,3.338,2.309,-11.93,-5.586,-8.349,3.909
1464,1.01,4.552,-1.359,5.395,-1.128,-0.3979,1.13,1.15,3.915,0.6445,-2.68,-5.12,-17.95,1.804,3.992,5.84,2.73,-5.741,-2.26,-4.277,0.164,1.725,-4.455,12.15,2.062,0.3997,-2.949,-0.2441,2.766,-2.371,0.0897,0.6963,-0.2906,0.3991,-2.614,1.17,4.988,5.28,3.772,-1.915,-0.7762,5.05,5.07,2.069,-3.373,-3.364,-0.7604,7.05,5.994,-4.757,-2.656,2.514,3.776,2.386,-10.4,-6.243,-4.709,2.296
1465,1.01,4.15,1.447,2.69,1.29,0.896,1.13,1.15,4.196,1.151,0.8381,-2.409,-17.3,3.782,6.452,4.867,1.602,-4.176,-2.432,-3.488,2.003,1.284,-2.2,16.43,1.448,3.424,-3.238,-2.241,2.041,-4.002,0.1749,-0.3136,-0.9474,-1.404,-4.641,-0.7775,6.178,3.073,1.386,-5.17,-0.0586,5.05,5.07,2.964,-2.516,-5.555,-0.1031,5.162,11.35,-2.99,-6.622,0.1408,2.971,2.421,-9.984,-5.8,-4.323,2.606
1466,1.01,0.9139,1.896,3.594,-1.017,-0.7751,1.13,1.15,3.529,1.632,-1.71,-3.554,-15.5,2.823,4.82,6.343,1.141,-7.937,-4.928,-2.344,5.06,2.998,-0.8057,11.15,3.371,-0.6035,-2.308,-0.3411,2.445,-2.36,2.724,0.5016,0.3807,0.5124,-2.661,0.8481,7.091,4.895,3.74,-3.596,4.479,5.05,5.07,2.264,-10.71,-1.591,-0.1869,4.401,7.061,-2.862,-0.4346,-0.5227,3.879,3.123,-11.18,-5.558,-6.764,1.702
1467,1.01,2.716,0.049,5.31,-0.5049,-1.211,1.13,1.15,1.067,1.553,-2.497,-4.726,-19.65,2.814,7.676,6.265,0.7628,-7.361,-1.216,-5.653,0.6401,3.189,-3.959,12.82,4.075,-4.15,-2.971,-3.116,0.3506,-2.422,-1.114,0.2568,0.1905,-0.8296,-2.008,0.8521,6.121,4.081,1.185,-2.803,0.9244,5.05,5.07,4.759,-2.973,-4.416,0.8199,5.029,6.973,-3.589,-7.888,2.554,2.804,1.63,-10.42,-2.236,-4.512,2.982
1468,1.01,0.0215,-0.0936,5.047,-0.2645,-3.042,1.13,1.15,5.082,1.127,-3.365,-4.966,-15.21,2.527,8.772,7.361,2.991,-8.707,-2.485,-3.704,0.4727,0.003,-0.2438,11.17,3.271,1.202,-3.216,-4.234,2.183,-3.733,-1.566,0.5626,-2.301,-1.798,-2.476,1.648,5.445,7.206,2.491,-4.918,1.98,5.05,5.07,4.116,-2.861,-3.665,0.2451,3.045,8.083,-5.276,-1.968,1.584,1.998,2.29,-11.05,-5.602,-5.961,2.551
1469,1.01,1.961,-1.421,3.403,-2.317,0.0519,1.13,1.15,3.516,1.802,-2.275,-4.647,-14.93,3.804,4.293,7.79,1.202,-6.292,-1.873,-3.717,4.96,1.591,-1.289,13.41,2.239,-0.7809,-5.33,-1.782,3.099,-4.412,-1.718,-0.0897,-0.6562,0.3723,-3.993,2.721,5.433,4.556,3.796,-2.772,4.014,5.05,5.07,4.175,-4.667,-1.84,-1.225,5.084,8.964,-5.722,-5.956,1.449,2.196,1.626,-10.25,-3.605,-7.485,2.46
1470,1.01,5.529,1.233,3.981,1.519,0.8418,1.13,1.15,3.079,2.27,-1.987,-1.746,-15.15,4.857,4.308,4.367,-0.9337,-6.786,-3.647,-2.836,2.887,2.961,-2.807,12.94,1.071,0.8997,-3.962,0.337,1.225,-0.2048,-3.051,-1.082,-1.955,0.1384,-4.28,-1.005,7.769,5.561,3.97,-4.25,-0.0491,5.05,5.07,2.193,-3.958,-5.79,-1.544,2.96,8.424,-5.432,0.0909,0.4521,3.374,2.825,-10.28,-5.055,-2.847,1.909
1471,1.01,0.5042,-1.968,2.797,0.7678,-2.407,1.13,1.15,4.721,2.059,-4.432,-4.394,-17.45,2.917,4.941,5.403,2.973,-6.262,-3.915,-1.719,1.523,1.803,-0.713,14.14,4.423,-1.222,-2.884,-4.238,1.141,-0.874,0.5359,1.445,1.44,-0.5275,-3.045,-1.666,6.072,4.38,3.383,-1.137,0.1668,5.05,5.07,3.392,-1.723,-5.726,0.5622,3.551,8.359,-4.298,-6.491,1.032,5.344,1.577,-8.995,-4.562,-6.815,2.445
1472,1.01,2.41,-3.118,5.044,0.5852,1.381,1.13,1.15,4.493,-0.8591,-3.093,-2.433,-16.79,0.1788,3.784,5.894,0.317,-5.957,-4.453,-2.255,-0.0906,2.239,-1.739,11.89,3.893,-2.726,-2.318,-0.8081,1.434,-1.064,-0.6441,0.8083,0.6517,1.344,-5.732,-2.46,7.019,5.64,3.172,-1.779,3.392,5.05,5.07,2.209,-3.252,-4.772,-0.9138,2.917,5.537,-3.025,-3.13,2.66,4.054,1.552,-11.64,-3.786,-6.454,3.229
1473,1.01,2.59,-1.993,4.4,1.605,-0.8886,1.13,1.15,2.708,-0.4065,-3.664,-2.208,-15.12,2.165,5.824,7.447,1.778,-6.109,-5.872,-3.654,2.284,2.259,-0.7499,12.52,4.261,1.392,-2.679,-2.765,-1.324,-2.802,-1.63,0.1224,-0.8635,-0.966,-1.962,-0.1953,7.136,4.935,5.59,-4.432,1.876,5.05,5.07,4.712,-3.597,-5.304,-1.626,3.771,9.448,-2.712,-1.24,-0.329,3.226,0.223,-9.837,-5.259,-7.69,4.441
1474,1.01,0.7567,0.5708,-0.058,-2.167,-2.207,1.13,1.15,4.403,-0.8141,-3.028,-5.136,-14.32,2.402,4.429,4.917,0.324,-7.627,-3.875,-1.326,-1.794,3.259,-0.841,14.74,2.245,-1.274,-2.73,-0.4796,1.901,0.1803,-2.691,2.038,2.439,-1.073,-3.691,-0.1164,4.816,6.894,5.43,-4.706,0.3761,5.05,5.07,3.776,-1.865,-7.191,0.6415,5.675,7.189,-4.377,-4.798,0.3437,3.025,0.4469,-10.53,-4.593,-6.227,1.873
1475,1.01,0.6128,-1.846,4.096,-1.125,0.0199,1.13,1.15,3.777,0.8168,-3.754,-1.098,-15.19,-0.986,4.802,5.205,-0.8504,-6.758,-4.165,-2.582,1.68,1.318,-0.6034,14.01,2.666,-1.27,-0.7427,-0.9408,4.234,-1.689,-0.0587,1.436,0.4962,-2.9,0.2524,-0.9371,6.868,2.979,2.23,-3.269,0.7377,5.05,5.07,3.998,-5.006,-5.834,0.8611,2.888,5.864,-4.662,-4.612,0.8571,2.227,2.936,-9.905,-2.905,-5.556,3.519
1476,1.01,2.291,1.606,3.968,-3.616,1.172,1.13,1.15,2.878,0.7616,-1.92,-3.678,-17.63,2.448,4.682,5.001,1.686,-3.364,-2.018,-2.309,1.262,1.566,-1.822,14.03,4.994,-1.657,-3.25,-2.215,1.691,-1.3,-0.4077,2.655,-1.52,1.333,-0.7079,0.3416,7.314,5.684,1.529,-2.508,-0.7173,5.05,5.07,3.536,-6.459,-2.344,0.7351,4.032,7.83,-2.444,-3.514,0.7515,0.1117,2.589,-9.869,-7.233,-5.663,2.208
1477,1.01,2.23,1.382,6.196,-0.6603,-1.079,1.13,1.15,4.223,1.473,-1.475,-5.274,-15.34,3.412,5.529,7.588,-0.6779,-6.619,-3.564,-2.384,2.117,0.7549,-0.7732,10.78,4.838,-0.9419,0.5661,-0.9507,-0.4666,-2.608,-0.4721,0.4301,1.4,-2.304,-4.989,-0.3928,5.162,5.227,2.871,-6.726,1.012,5.05,5.07,6.092,-2.799,-4.501,-1.501,3.694,12.53,-3.32,-5.068,2.691,2.319,2.662,-8.725,-5.187,-6.791,3.812
1478,1.01,-0.0447,-0.4019,1.855,-2.703,-0.6228,1.13,1.15,2.202,1.886,-2.311,-2.642,-18.9,3.133,7.193,4.597,-0.3362,-8.385,-4.103,-2.607,2.337,0.8089,-3.332,12.62,4.926,1.888,-3.144,-3.375,-1.519,-2.518,-2.433,2.031,1.275,1.996,-4.764,-0.3103,6.109,3.454,2.78,-5.078,2.714,5.05,5.07,5.152,-4.518,-5.284,-0.193,5.187,11.65,-2.318,-7.648,-0.0455,3.153,2.289,-8.666,-1.979,-4.632,4.545
1479,1.01,-1.001,-1.153,1.212,-1.954,-1.12,1.13,1.15,4.329,1.966,-3.582,-5.536,-16.13,3.359,4.243,4.389,2.425,-5.156,-3.292,-4.592,2.876,0.8678,-0.7934,11.5,2.741,0.4338,-2.237,-3.057,-0.4189,-0.2844,-0.3646,0.0986,0.3371,0.132,-3.636,-1.433,8.012,4.27,0.9765,-3.681,0.3265,5.05,5.07,4.722,-4.389,-2.568,2.285,3.502,5.392,-4.055,-1.327,-1.835,3.124,2.842,-9.32,-5.345,-8.361,1.984
1480,1.01,0.5863,-0.5268,4.172,-0.6868,0.4238,1.13,1.15,2.26,-1.386,-2.608,-5.59,-15.59,1.867,7.17,5.841,0.9772,-9.826,-5.209,-1.247,1.712,-1.32,-2.231,14.1,3.546,-0.7259,0.1593,-3.733,3.011,-2.975,1.012,4.18,-0.7864,1.035,-1.515,-0.1341,6.045,3.617,4.084,-0.4224,-0.8995,5.05,5.07,2.624,1.071,-4.02,-3.828,4.479,10.91,-6.525,-4.626,2.417,3.974,1.734,-10.21,-5.382,-9.848,4.221
1481,1.01,2.386,-1.13,2.774,0.7177,1.242,1.13,1.15,3.298,-0.8103,-3.675,-2.974,-16.01,-0.4334,6.012,7.315,1.31,-6.322,-1.511,-4.353,3.57,0.2096,-0.8441,15.38,2.437,-0.5556,0.7361,-2.53,1.581,-2.197,1.885,1.165,1.898,0.5262,-3.34,-1.889,5.665,3.91,3.602,-0.2179,0.1597,5.05,5.07,5.294,-1.263,-6.507,0.8455,3.957,8.613,-2.369,-0.5014,1.549,2.714,3.425,-9.394,-1.87,-9.606,0.0826
1482,1.01,3.264,1.915,5.874,-0.4729,-0.0771,1.13,1.15,4.198,0.8417,-1.494,-4.598,-16.71,3.692,2.173,8.272,1.719,-8.004,-2.24,-5.323,2.789,-0.5326,-1.384,14.58,3.989,0.5873,-3.659,-1.215,2.661,-2.581,-0.8029,-0.5035,-0.0998,0.5175,-3.494,0.194,6.79,4.497,2.207,-2.129,-1.714,5.05,5.07,3.972,-2.667,-3.494,0.8186,3.132,4.616,-3.478,-3.432,1.519,0.9165,2.442,-9.397,-2.944,-8.158,3.947
1483,1.01,1.056,-2.249,3.281,-0.549,-1.438,1.13,1.15,2.874,1.246,-5.193,-3.765,-18.19,2.187,4.727,7.554,1.438,-5.794,-5.341,-3.082,1.127,1.96,1.06,14.76,3.034,-1.115,-2.169,-0.5097,0.1521,0.3093,0.3689,0.6115,-1.082,-2.604,-2.534,-1.34,6.602,4.176,2.16,-0.8861,3.524,5.05,5.07,3.139,-2.414,-5.445,-2.009,3.804,3.291,-5.788,-3.191,3.292,1.728,2.023,-9.681,-4.476,-5.352,4.365
1484,1.01,2.892,-0.1999,4.424,0.8052,-0.0551,1.13,1.15,6.475,1.264,-2.108,-1.648,-17.29,2.941,3.688,4.926,-0.3264,-6.799,-3.389,-1.719,3.193,1.754,-4.464,14.52,2.791,0.2936,-2.458,-3.5,1.678,1.679,-2.767,0.8123,-0.6917,0.1817,-1.495,-1.615,9.33,4.159,2.983,-0.933,2.202,5.05,5.07,5.293,-3.238,-6.617,-0.3403,3.316,8.236,-5.864,-2.199,0.2757,2.78,3.887,-9.903,-8.427,-5.124,1.952
1485,1.01,1.705,-1.82,2.228,1.944,-1.912,1.13,1.15,4.261,0.6392,-0.8554,-4.008,-14.01,3.146,5.539,7.75,0.5347,-4.551,-4.82,-3.37,2.07,1.325,-2.495,13.56,2.733,2.026,-6.087,-2.034,3.043,-1.224,-3.251,-0.8114,-0.9654,-2.138,-3.799,-0.0332,6.84,5.931,2.349,0.0965,2.832,5.05,5.07,3.247,-6.28,-6.254,-0.8436,1.17,6.722,-5.758,-2.207,1.989,3.616,4.893,-9.853,-3.119,-4.876,2.85
1486,1.01,2.073,2.295,3.829,0.4708,-1.216,1.13,1.15,3.994,0.1846,-2.884,-3.552,-14.97,3.735,6.029,7.624,-0.7237,-7.237,-4.32,-1.767,2.429,2.202,-0.445,11.69,2.381,0.4004,-3.11,-1.492,-0.0099,-0.3796,1.33,-0.073,-0.0232,1.365,-3.451,-0.6617,8.085,5.441,1.222,-1.806,3.159,5.05,5.07,5.158,0.9949,-4.644,-1.055,3.21,7.619,-5.676,-2.63,0.0431,4.524,1.334,-9.698,-5.992,-7.009,1.248
1487,1.01,-1.081,-4.376,0.9289,1.52,-0.2162,1.13,1.15,2.864,1.54,-2.488,-5.376,-16.74,2.941,3.633,3.011,-0.3193,-3.718,-2.793,-2.245,0.7844,-2.101,-0.6417,12.89,5.172,-0.9989,-4.453,-1.028,1.858,-1.73,-1.455,-0.0753,0.2803,1.766,-3.142,-1.09,6.24,5.931,3.726,-2.144,-0.8798,5.05,5.07,5.174,-2.003,-6.688,-3.209,2.06,8.154,-1.18,-4.379,2.18,2.338,2.636,-10.15,-4.001,-9.787,2.389
1488,1.01,1.541,-0.2327,2.06,1.519,-2.832,1.13,1.15,4.018,0.4993,-4.365,-4.884,-17.26,2.727,7.81,6.726,1.855,-8.58,-3.384,-3.381,2.235,2.734,-1.428,15.26,5.248,1.062,-1.537,-1.564,0.5098,-2.701,-2.036,0.5457,-0.4244,0.7755,-0.0755,-0.9633,6.099,4.335,4.62,-3.477,3.356,5.05,5.07,1.232,-1.908,-6.22,-2.26,3.317,9.161,0.2188,0.0648,0.4781,3.576,2.54,-9.995,-5.025,-6.06,3.616
1489,1.01,4.213,-0.8946,3.114,-0.6086,0.8404,1.13,1.15,7.235,1.068,-1.642,-2.319,-16.37,3.757,6.336,5.859,2.616,-5.674,-2.92,-2.815,3.787,2.043,-0.3013,14.77,3.515,3.109,-4.017,-0.2989,-0.2335,-4.987,-1.22,0.0617,2.543,0.6597,-1.911,0.9738,8.331,5.103,2.599,-0.7764,1.649,5.05,5.07,5.253,-1.197,-7.341,-0.6745,3.922,3.714,-5.118,-4.391,0.4204,5.0,2.558,-9.95,-4.488,-6.101,3.921
1490,1.01,3.844,-1.511,0.8789,-0.2565,-2.283,1.13,1.15,1.366,-2.639,-1.348,-3.789,-18.05,1.74,3.729,7.461,2.638,-6.751,-5.124,-2.609,1.037,3.129,-1.354,13.43,1.973,2.309,-4.756,-3.841,1.373,-3.876,-2.761,-3.239,2.982,-1.1,-2.784,-1.806,6.724,5.287,3.881,-3.692,-0.007,5.05,5.07,3.064,-2.61,-4.495,-1.804,4.199,9.087,-2.02,-8.823,1.584,2.724,2.152,-9.802,-6.129,-5.204,2.928
1491,1.01,1.521,-3.848,3.445,-0.366,-0.3871,1.13,1.15,5.419,3.321,-1.559,-1.695,-17.59,3.843,4.099,4.787,2.713,-6.139,-5.932,-0.2983,0.2949,1.407,-2.874,13.1,4.78,5.361,-0.4633,-2.122,0.0531,-3.578,3.512,1.186,1.18,-0.7864,-3.39,-1.623,7.943,7.528,3.17,-5.689,0.8628,5.05,5.07,3.674,-2.871,-5.555,-0.2881,4.872,8.739,-4.193,-4.934,2.817,1.392,1.684,-10.55,-4.366,-4.29,2.993
1492,1.01,2.377,-1.864,2.993,-2.985,-0.7961,1.13,1.15,3.218,-0.4891,-3.277,-3.386,-14.55,2.49,3.484,6.143,0.0427,-4.072,-5.045,-3.613,2.369,1.94,-1.666,13.43,3.361,0.0935,-3.738,-4.326,0.1443,-1.558,-1.266,-1.542,-1.043,-0.1598,-3.611,-0.5438,6.551,2.039,3.811,-2.08,0.6391,5.05,5.07,3.172,-4.179,-6.903,-3.215,2.181,8.518,-1.312,-6.821,0.799,3.064,3.565,-10.36,-5.183,-5.281,1.522
1493,1.01,2.359,-3.356,3.381,0.901,0.7494,1.13,1.15,3.406,-0.4941,-2.554,-2.248,-16.97,2.896,6.631,6.532,2.567,-6.92,-4.114,-2.468,2.142,1.015,-2.144,13.1,1.765,0.572,-3.844,0.5132,1.476,-2.451,1.588,0.4233,-0.6381,2.905,-0.4684,-0.9476,4.101,5.167,3.958,-6.186,0.1366,5.05,5.07,5.2,-1.748,-6.467,-1.524,5.083,8.418,-4.613,-4.451,1.47,1.292,2.053,-9.287,-5.075,-4.839,1.981
1494,1.01,0.6127,-3.153,1.601,0.7764,2.276,1.13,1.15,1.841,0.8921,-2.056,-4.28,-17.51,0.607,7.817,6.713,1.431,-6.432,-3.487,-2.224,2.188,2.531,-1.706,12.21,4.864,0.8891,-2.375,-2.868,-0.2064,-5.573,-3.533,0.6821,0.2263,-0.9045,-1.48,-1.268,7.35,3.111,3.259,-3.381,1.528,5.05,5.07,2.463,-2.543,-6.716,0.2189,4.862,6.862,-5.652,-8.098,1.019,4.001,2.668,-9.894,-6.284,-3.201,3.266
1495,1.01,2.04,-2.958,3.208,-1.19,-5.659,1.13,1.15,2.315,1.375,-2.56,-3.316,-16.06,2.031,8.583,6.581,0.2624,-8.278,-3.507,-2.354,2.739,1.444,0.8096,13.0,2.27,2.439,-4.528,-4.127,1.788,-1.546,-2.654,2.491,-1.621,-0.7069,-1.809,-2.954,5.826,4.811,2.103,-1.966,0.7308,5.05,5.07,2.776,-1.558,-6.168,-2.719,4.489,8.699,-6.605,-5.727,2.702,3.182,2.129,-9.92,-4.036,-6.716,3.506
1496,1.01,3.861,-0.2404,4.264,-0.6053,1.18,1.13,1.15,2.784,3.362,-3.058,-2.83,-16.77,1.537,4.175,6.305,-0.8733,-6.237,-4.014,-2.516,-0.5504,1.244,-3.225,14.57,3.828,-1.735,-1.4,-2.129,1.563,-2.921,-2.622,3.341,-0.3154,-1.806,-2.054,-1.184,7.125,6.751,2.989,-2.807,1.67,5.05,5.07,3.239,-2.253,-4.876,-1.074,3.705,7.917,-2.138,-5.839,2.402,3.849,1.198,-11.34,-4.512,-3.618,4.416
1497,1.01,4.758,0.6312,4.07,-0.5133,-2.359,1.13,1.15,5.163,0.6487,-4.235,-3.863,-13.99,1.949,4.236,3.903,0.7535,-6.034,-6.369,-1.185,1.696,4.439,-0.9096,14.1,3.32,0.2992,-4.14,-2.813,2.285,-2.405,1.671,1.018,1.573,-0.0702,-2.254,-0.0139,5.082,5.721,0.8362,-3.432,2.185,5.05,5.07,2.804,-2.549,-6.158,0.8474,3.872,8.28,-5.217,-0.5245,0.6853,1.173,2.146,-9.583,-4.395,-8.706,3.9
1498,1.01,2.766,-2.596,2.197,0.3697,0.5599,1.13,1.15,5.229,1.381,-2.25,-3.924,-15.86,1.998,5.178,6.795,3.045,-7.2,-3.646,-2.33,1.717,1.436,-0.2842,15.24,4.403,-0.6418,-0.4454,-1.33,0.9891,-3.217,0.3325,3.132,1.565,-2.619,-1.438,0.6837,5.42,6.239,4.271,-3.617,2.881,5.05,5.07,3.789,-5.782,-6.425,-0.7919,1.696,12.08,0.1917,-1.812,0.7818,3.349,2.473,-7.283,-2.335,-6.841,2.22
1499,1.01,2.606,2.463,4.167,3.854,1.402,1.13,1.15,3.314,0.2484,-0.89,-1.181,-15.99,1.067,6.487,5.9,1.828,-3.427,-5.175,-4.411,4.356,-0.2417,-1.303,15.58,5.552,1.974,-3.508,-2.553,0.9473,-1.88,-0.7637,-1.17,0.6049,1.623,-0.2526,-2.311,5.681,5.535,2.231,-3.249,0.1116,5.05,5.07,1.894,-5.159,-3.876,1.83,6.361,8.608,-4.122,-4.947,1.475,1.895,4.002,-9.758,-4.316,-6.41,5.196
1500,1.01,2.456,-1.869,1.513,0.4479,-0.2598,1.13,1.15,4.774,-0.3863,-3.192,-2.884,-17.15,2.25,6.483,5.431,3.578,-9.239,-2.478,-3.498,1.706,2.425,-1.732,14.67,3.692,0.7045,-3.685,-1.368,1.863,-4.177,-0.8426,1.036,-1.374,-2.511,-2.108,-1.444,5.982,5.403,3.429,-0.9487,3.493,5.05,5.07,5.0,-4.098,-6.635,-2.494,4.964,10.36,-4.667,-5.503,1.609,2.407,3.731,-10.42,-5.739,-7.25,3.232
1501,1.01,1.664,3.802,3.149,-1.611,-1.61,1.13,1.15,1.103,-0.9324,-2.078,-3.783,-14.53,3.707,7.036,6.407,-0.3042,-7.737,-5.489,-1.141,1.356,2.282,0.1799,14.75,5.504,-0.3172,-1.983,-1.751,2.524,-4.053,-0.1132,-0.1036,1.924,-0.5413,-5.258,-1.093,5.327,4.317,1.108,0.1776,1.919,5.05,5.07,4.252,-6.977,-4.28,-0.7591,4.052,7.875,-2.894,-4.966,2.379,1.126,1.893,-9.241,-6.018,-6.886,2.808
1502,1.01,0.7199,-4.768,4.083,0.3573,0.4567,1.13,1.15,2.599,0.8754,-3.399,-4.93,-16.15,1.893,7.836,7.381,0.9985,-7.735,-5.581,-1.636,2.603,-0.9718,-0.6093,15.07,4.369,2.421,-5.497,-1.104,2.889,-3.687,-0.405,-0.3719,0.1709,2.827,-3.384,-2.311,5.711,5.63,1.681,-0.2356,1.391,5.05,5.07,3.232,-6.725,-6.507,-0.9222,3.954,11.85,-6.698,-3.871,3.179,1.854,1.087,-12.95,-4.307,-6.947,3.191
1503,1.01,2.611,-3.058,4.641,-2.623,-6.163,1.13,1.15,4.863,1.557,-3.355,-3.967,-16.77,3.373,5.45,7.751,0.4603,-4.965,-0.807,-2.302,3.714,1.294,-2.634,14.33,1.462,-0.295,-3.95,-3.29,-0.7114,-3.039,0.3388,-0.5901,-0.0396,-0.2446,-4.103,-0.2982,8.513,6.189,4.613,-5.174,0.5814,5.05,5.07,2.343,-1.648,-2.953,1.244,4.056,8.077,-2.723,-2.361,2.298,3.463,2.133,-10.76,-5.669,-6.612,3.148
1504,1.01,2.003,-0.3713,4.011,-3.384,-3.423,1.13,1.15,4.03,0.6914,-0.5803,-6.2,-14.9,2.291,6.375,5.629,2.623,-7.716,-3.449,-4.244,2.938,-1.005,-3.966,16.19,1.598,-0.8744,-4.886,-0.7459,0.1457,-1.484,-3.756,-1.602,-0.576,2.005,-2.445,0.95,5.666,3.794,2.416,-0.1339,2.475,5.05,5.07,4.927,-3.895,-4.829,-0.4775,4.485,9.786,-4.123,-2.08,0.4688,4.105,5.39,-10.48,-5.393,-9.033,1.999
1505,1.01,1.851,-0.2727,1.32,1.783,-1.317,1.13,1.15,3.853,1.077,-2.168,-3.938,-15.01,0.5469,4.993,6.536,2.801,-8.926,-3.52,-0.1363,-1.019,1.02,-1.173,14.19,4.707,0.0164,-2.817,-4.234,1.523,-2.888,-0.5084,-1.864,0.0211,0.2182,-6.493,-1.819,5.465,4.666,0.0687,-4.274,0.6216,5.05,5.07,4.047,-6.028,-6.189,0.6335,6.438,7.068,-5.254,-4.761,-0.6247,3.555,3.76,-8.917,-3.771,-7.553,4.706
1506,1.01,2.591,2.851,2.333,-1.11,-2.733,1.13,1.15,2.161,-0.2327,-2.21,-4.082,-16.12,4.331,8.042,6.377,0.3625,-7.342,-4.012,-5.226,-0.3458,2.174,-1.353,14.34,3.669,2.049,-1.756,-3.455,1.814,-1.009,-2.395,-1.153,-1.682,0.059,-1.911,-1.231,7.87,5.829,1.307,-4.655,1.976,5.05,5.07,3.608,-2.854,-5.669,0.939,4.483,4.184,-5.677,-3.812,2.291,2.732,2.099,-8.628,-3.164,-8.936,1.487
1507,1.01,5.992,0.7492,4.905,-1.747,1.147,1.13,1.15,2.655,-1.229,-4.52,-4.255,-17.24,1.339,8.383,7.838,3.089,-5.744,-4.661,-3.09,1.45,1.583,-2.375,14.06,2.562,1.203,-1.405,-3.703,3.981,-1.154,-0.2109,1.901,2.538,-1.247,-3.081,-1.222,7.018,6.814,2.465,-2.191,1.905,5.05,5.07,4.117,-4.438,-5.455,0.3628,6.094,5.952,-2.45,-5.089,1.797,4.399,3.708,-9.635,-4.309,-5.727,3.547
1508,1.01,1.287,1.182,4.567,0.897,1.147,1.13,1.15,1.491,1.498,-4.588,-3.705,-17.02,2.091,5.86,5.343,1.458,-6.356,-5.206,-0.8134,0.5606,2.773,-3.053,13.28,5.01,-1.072,-3.808,-2.491,2.854,-1.903,1.469,-1.667,-0.0993,0.667,-4.757,-1.349,7.689,5.905,2.839,-1.764,2.712,5.05,5.07,3.151,-4.223,-6.661,0.8136,3.587,7.98,-1.717,-4.892,2.466,0.1033,2.352,-9.242,-3.109,-4.033,2.385
1509,1.01,1.501,-3.18,3.141,-1.324,-1.542,1.13,1.15,6.818,3.064,-2.437,-4.23,-15.13,2.766,6.327,5.5,-1.468,-5.405,-5.615,-4.141,1.749,2.76,-2.194,14.51,2.799,0.6665,-2.838,-1.134,0.2767,-0.6642,2.612,-0.7876,-0.4481,2.049,-4.872,0.2214,6.177,4.23,3.861,-2.76,0.6302,5.05,5.07,4.631,-3.277,-8.271,0.1339,3.159,7.925,-3.953,-2.7,1.292,5.462,3.66,-9.83,-4.446,-5.774,2.635
1510,1.01,3.29,0.4248,1.875,0.9037,0.3826,1.13,1.15,3.333,0.4354,-5.203,-3.36,-16.99,2.383,6.05,6.79,3.637,-6.005,-3.542,-1.738,2.058,1.136,1.099,14.12,4.503,1.054,-3.101,-2.372,3.74,1.495,-0.2585,1.536,-0.304,1.027,0.7969,-1.372,6.57,6.936,3.374,-0.8795,1.621,5.05,5.07,6.53,-3.827,-3.798,-2.382,5.091,6.718,-4.465,-2.084,1.583,2.444,3.313,-8.961,-4.347,-6.381,3.045
1511,1.01,1.513,0.9817,2.38,0.0948,0.2299,1.13,1.15,3.725,2.224,-1.235,-4.542,-13.97,3.465,5.255,5.849,0.6819,-6.369,-2.896,-0.8811,0.9578,1.687,-4.598,14.15,1.868,-0.3102,-4.279,-2.543,2.977,-0.0398,-0.2201,0.9997,0.3728,0.213,-2.137,1.013,6.184,6.028,2.877,-5.989,1.428,5.05,5.07,6.804,-5.634,-5.224,2.35,5.399,7.209,-4.488,-1.158,1.5,4.124,4.724,-10.08,-3.918,-7.691,2.394
1512,1.01,1.532,-2.192,2.776,1.695,1.192,1.13,1.15,3.24,1.032,-2.893,-6.21,-16.21,3.319,8.037,6.46,0.465,-7.073,-6.346,-4.471,2.534,0.9445,-2.188,14.41,5.678,-2.105,-2.551,-0.0484,-0.9872,-2.383,-0.4836,-1.001,-2.407,-0.0916,-2.034,-0.0641,7.324,7.832,0.8439,-2.689,3.137,5.05,5.07,2.482,-2.494,-5.454,-0.8278,3.6,7.834,-3.786,-2.229,1.445,-0.6527,3.209,-8.848,-3.944,-8.864,3.724
1513,1.01,1.368,-0.5664,2.427,-1.201,0.8633,1.13,1.15,2.357,1.486,-1.506,-1.552,-16.07,2.271,3.444,5.011,2.157,-5.372,-4.019,-2.756,2.7,0.1813,-1.242,14.51,2.808,1.025,-1.458,0.5847,3.841,-3.005,-1.83,0.0444,-0.1867,-1.331,-0.9177,1.134,9.852,3.458,2.501,-2.975,-1.695,5.05,5.07,5.583,-6.438,-3.169,0.4783,3.705,8.94,-3.779,-2.293,2.868,0.9995,2.637,-9.295,-5.054,-7.765,3.709
1514,1.01,0.5249,-1.349,3.787,-3.01,-5.774,1.13,1.15,3.25,0.4667,-2.885,-4.266,-14.67,0.1244,3.437,5.608,2.173,-9.034,-4.211,-4.1,0.8074,0.8951,-3.286,12.08,3.64,-0.0684,-0.7626,-2.23,1.728,-1.858,1.737,0.3413,2.754,-1.817,-0.4718,0.4374,5.864,6.203,4.511,-3.906,2.238,5.05,5.07,2.357,-2.539,-5.863,-0.364,4.674,10.73,-4.492,-3.805,0.9723,3.661,2.784,-9.207,-5.986,-5.361,3.363
1515,1.01,2.618,-1.236,3.253,-1.855,0.8261,1.13,1.15,5.605,0.3584,-2.794,-4.205,-14.7,2.212,5.683,5.175,1.073,-7.583,-5.667,-1.509,1.227,-0.6498,-3.421,15.1,3.661,0.4773,-4.318,-0.6927,2.222,-1.026,0.3442,1.467,0.7137,1.122,-1.887,0.1787,4.724,4.824,0.751,-3.633,4.181,5.05,5.07,2.625,-2.33,-4.523,-1.043,3.768,6.57,-5.601,-5.537,-0.3064,4.777,1.028,-9.728,-3.794,-8.063,3.714
1516,1.01,3.006,2.059,-0.1478,-0.8512,0.3536,1.13,1.15,2.136,3.605,-2.388,-4.996,-16.76,2.461,7.033,4.954,2.653,-10.63,-4.747,-2.905,2.871,2.994,-2.463,14.7,2.572,-0.0956,-3.857,-0.0135,3.723,-5.539,-1.788,-1.231,0.1059,-1.21,-4.073,-1.357,7.778,2.069,4.025,-1.258,3.888,5.05,5.07,1.19,-5.863,-4.253,-1.279,4.453,7.085,-4.087,-1.977,2.999,4.222,2.612,-9.488,-3.863,-1.398,2.638
1517,1.01,3.205,-1.342,4.042,-2.543,-2.579,1.13,1.15,2.885,0.3064,-4.065,-4.662,-16.91,1.549,6.347,6.843,-1.269,-7.563,-5.809,-0.0767,-0.0312,2.239,-2.343,13.01,4.468,0.6048,-3.776,0.0279,2.887,-2.228,-1.987,4.552,0.5769,-1.343,1.206,0.0117,6.977,3.809,1.47,-5.527,2.006,5.05,5.07,3.551,-4.712,-3.301,2.383,2.498,10.62,-4.177,-3.904,1.848,4.683,1.259,-11.94,-7.608,-5.753,3.768
1518,1.01,2.323,-1.491,3.958,-0.7596,-2.555,1.13,1.15,2.12,0.6771,-3.912,-6.19,-17.13,2.259,4.28,5.616,2.666,-8.169,-1.148,-3.117,-0.1654,0.9271,-1.127,12.8,1.8,-0.435,-3.163,0.0,2.188,-3.043,0.516,-0.8737,1.85,-1.232,-3.94,-0.9347,6.119,6.207,3.296,-3.918,1.842,5.05,5.07,3.484,-4.406,-4.762,2.162,5.94,7.146,-5.298,-3.394,0.7373,2.582,1.306,-10.99,-4.733,-5.2,5.328
1519,1.01,-0.9444,-3.394,1.458,-1.652,-1.003,1.13,1.15,3.211,-0.9058,-0.6121,-3.46,-16.62,2.211,6.776,6.288,0.4037,-5.556,-5.591,-1.144,1.226,1.112,-0.9341,12.52,3.513,0.1961,1.377,-1.339,1.769,-1.001,-0.9284,-1.799,1.652,0.8946,-2.014,0.7677,7.091,7.783,2.238,-4.816,0.4323,5.05,5.07,2.787,-3.959,-4.75,-0.3819,5.003,10.28,-5.798,-6.431,0.5095,1.537,0.6967,-8.543,-4.311,-5.71,2.65
1520,1.01,1.284,-2.224,4.66,-2.368,-0.8542,1.13,1.15,4.295,-0.5691,-3.844,-3.166,-13.03,1.055,3.968,8.676,0.5649,-7.421,-4.435,-4.252,3.421,1.072,-1.824,13.54,3.385,1.236,-3.519,0.3146,2.4,-2.421,1.206,-1.301,-2.069,1.272,-2.76,-0.5074,6.14,6.484,2.847,-6.063,4.453,5.05,5.07,4.081,-4.411,-3.283,-1.796,4.356,8.512,-4.343,-0.4554,1.649,2.532,2.217,-9.968,-3.905,-10.07,2.156
1521,1.01,1.327,0.1154,3.249,0.3393,-0.3866,1.13,1.15,4.58,-1.643,-3.567,-5.933,-17.27,2.953,6.873,8.219,0.6468,-7.311,-3.688,-1.062,1.375,2.551,-1.141,12.96,1.649,1.629,-4.419,0.0278,1.701,-2.615,-1.097,-1.456,0.7858,-1.972,-2.577,-2.798,6.358,4.523,4.234,-4.248,1.938,5.05,5.07,7.622,-1.865,-4.512,2.483,5.088,5.742,-3.729,-4.494,1.972,3.522,2.411,-11.41,-3.063,-6.47,4.776
1522,1.01,1.153,-2.854,4.387,0.5333,-2.372,1.13,1.15,6.473,2.405,-2.237,-4.607,-14.77,1.05,6.331,4.922,0.619,-5.97,-4.46,-1.912,0.4687,-0.2705,-1.892,11.63,3.504,0.506,-0.6429,-1.925,0.6035,-2.129,-0.2528,-0.6829,0.6773,-0.2143,-0.602,-0.5013,8.762,5.632,3.736,-3.723,2.567,5.05,5.07,4.438,-3.059,-6.069,0.0189,5.309,8.196,-3.364,-2.256,2.924,2.354,4.044,-10.69,-4.135,-4.404,2.362
1523,1.01,2.924,1.427,4.987,1.856,0.3906,1.13,1.15,1.537,0.0175,-1.423,-6.458,-18.11,-0.6385,8.136,5.107,0.6822,-7.307,-5.07,-1.303,0.2036,1.386,-3.114,14.06,4.346,1.056,-1.996,-1.335,3.964,-2.185,3.101,-0.4024,-2.177,-1.556,-1.842,-0.4377,6.707,5.133,1.41,-2.235,-1.529,5.05,5.07,3.566,-2.883,-6.753,-0.9361,7.734,9.237,-5.582,-2.572,1.31,4.591,2.46,-8.847,-5.485,-6.279,3.378
1524,1.01,2.577,-1.926,2.984,-0.2926,-1.66,1.13,1.15,4.626,0.072,-2.854,-1.986,-15.14,4.249,5.47,2.968,1.08,-9.884,-3.959,-0.9327,2.306,-0.7916,-3.69,13.31,5.003,0.1718,-1.488,0.7217,1.041,-1.66,3.004,1.347,-1.637,-0.9463,-0.8468,-1.315,7.031,3.146,2.546,-4.422,2.479,5.05,5.07,4.1,-6.542,-2.012,1.286,5.157,8.732,-4.379,-4.249,1.6,3.766,4.132,-10.9,-4.455,-5.654,5.079
1525,1.01,1.649,-4.127,1.839,-1.093,-2.032,1.13,1.15,2.378,1.52,-0.4813,-4.408,-15.65,1.898,3.647,3.876,1.376,-5.426,-5.878,-0.0595,0.8558,0.6738,-2.806,14.51,4.619,1.372,-1.244,-1.823,0.8853,-1.179,-3.046,-1.296,-0.5709,-2.927,-2.523,0.471,7.079,5.135,3.288,-3.874,3.721,5.05,5.07,2.284,-3.825,-5.835,0.991,7.898,8.882,-3.762,-4.429,2.809,2.872,2.765,-7.149,-6.746,-3.457,2.911
1526,1.01,1.916,-0.6924,6.81,0.7196,-2.272,1.13,1.15,3.426,-1.856,-4.255,-5.598,-16.02,3.169,0.4586,4.091,1.754,-7.58,-4.881,-4.722,0.1532,0.7251,-0.7501,13.15,1.173,0.0972,-0.7035,-1.718,0.2392,-3.6,-2.554,2.247,1.528,-1.265,0.816,0.3056,6.658,5.171,3.353,-4.826,2.471,5.05,5.07,3.348,-2.627,-5.016,-0.1286,4.254,10.81,-2.747,-7.332,2.27,5.585,2.123,-9.614,-3.829,-6.444,3.911
1527,1.01,3.271,3.616,1.544,-0.1389,-2.574,1.13,1.15,3.775,0.4858,-1.833,-4.292,-16.17,3.36,6.795,7.568,0.7133,-7.064,-4.888,-3.922,-0.6998,3.156,-3.119,15.72,4.265,0.1892,-0.4029,-1.572,-0.1296,-1.921,-1.416,-0.5908,-0.9032,0.8632,-0.3841,-0.3115,5.849,7.846,3.457,-2.171,1.354,5.05,5.07,5.814,-4.328,-6.375,-4.411,1.296,9.004,-7.452,-0.7692,3.091,-1.097,2.656,-7.471,-5.315,-5.824,2.655
1528,1.01,0.8042,-1.513,0.4303,1.984,-1.138,1.13,1.15,2.7,0.2811,-2.787,-3.862,-16.68,-0.533,5.259,5.762,-1.09,-8.254,-6.893,-3.595,1.77,0.7753,-2.068,13.43,4.193,0.1985,0.4604,0.8947,3.189,-2.976,2.891,0.3139,1.836,1.124,-2.366,-0.4276,5.58,5.54,1.099,-4.613,-0.4547,5.05,5.07,1.249,-1.66,-2.971,-0.113,4.66,8.592,-6.057,-4.247,3.816,2.033,2.62,-9.604,-1.818,-6.926,2.535
1529,1.01,3.223,2.561,0.2026,1.77,-3.622,1.13,1.15,5.056,1.882,-4.002,-3.672,-15.61,4.368,7.758,5.345,1.093,-7.041,-6.403,-2.881,1.229,0.8789,-1.4,13.32,4.084,1.981,-1.853,-3.37,-0.283,-1.838,-1.347,1.441,-1.092,0.6369,-4.089,-2.08,7.501,5.886,-0.1303,-3.231,2.269,5.05,5.07,3.716,-4.537,-7.077,0.9677,3.96,5.511,-3.337,-2.95,0.4859,2.837,1.369,-11.27,-4.327,-3.327,1.677
1530,1.01,1.963,-3.704,3.814,-2.236,-1.361,1.13,1.15,3.522,-0.6508,-4.225,-1.661,-16.06,0.5073,3.663,4.993,0.1639,-7.3,-2.78,-5.475,0.9215,-1.494,-1.219,12.22,4.495,1.599,-2.298,1.032,4.091,-5.145,-3.866,-1.048,1.664,1.664,-3.152,-0.7029,5.686,5.672,2.23,-3.657,2.967,5.05,5.07,3.673,-3.75,-6.159,0.6235,5.606,8.936,-1.372,-5.216,1.136,2.982,2.322,-9.581,-3.671,-9.143,4.341
1531,1.01,1.246,-1.041,1.602,0.2384,-2.033,1.13,1.15,5.041,2.384,-2.514,-3.702,-13.97,1.633,5.343,4.628,2.998,-5.693,-3.8,-2.846,1.914,1.727,-1.01,12.9,3.747,1.452,-3.254,-0.926,1.177,-2.152,0.4405,-0.6193,0.3593,0.797,-1.952,-0.2741,6.882,5.918,3.244,-3.096,-0.6555,5.05,5.07,5.855,-4.238,-3.856,-0.6183,3.706,5.595,-2.811,-4.158,1.7,1.693,2.525,-9.518,-4.133,-3.697,4.229
1532,1.01,1.855,-2.09,0.5263,-0.0993,-0.2949,1.13,1.15,3.832,2.193,-2.745,-4.922,-18.34,0.8007,6.016,5.611,2.75,-8.42,-4.967,-3.645,1.738,2.085,-1.232,13.97,1.157,1.632,-5.578,-2.816,1.907,-2.216,-2.043,-0.1031,0.84,-0.3144,-1.965,0.4984,5.319,5.868,2.211,-1.565,4.744,5.05,5.07,6.71,-6.46,-5.465,-1.211,5.562,5.986,-3.242,-4.32,1.903,1.17,2.086,-7.757,-4.312,-8.523,0.5166
1533,1.01,3.393,-4.958,3.51,-0.2286,0.1363,1.13,1.15,5.619,1.184,-2.599,-1.9,-17.02,1.59,5.353,4.962,1.84,-2.759,-7.023,-3.076,1.124,0.2027,-0.0206,13.43,3.018,0.6979,-3.528,0.9835,-1.8,-2.36,2.262,1.068,-0.8375,-2.532,-1.488,-0.422,7.917,4.807,0.8179,-2.715,3.207,5.05,5.07,1.155,-1.911,-3.833,-3.948,7.36,8.896,-1.909,-1.945,0.694,4.381,3.168,-10.1,-4.357,-5.984,3.112
1534,1.01,4.427,1.778,1.124,-0.8631,-1.532,1.13,1.15,6.047,0.2768,-1.99,-3.426,-20.33,1.076,5.907,6.395,1.328,-5.437,-2.619,-2.744,2.278,-0.3731,-3.667,12.73,6.323,-1.62,-2.268,-1.851,2.74,-2.45,-1.466,-0.0436,-1.09,2.061,0.4938,0.6546,5.698,5.729,2.61,-1.635,0.9085,5.05,5.07,5.265,-3.603,-6.804,-0.5163,5.977,10.3,-4.096,-3.477,0.0025,4.069,1.128,-9.443,-2.258,-10.54,2.496
1535,1.01,4.133,0.8836,2.22,1.003,-0.9372,1.13,1.15,2.668,-0.1164,-0.8829,-4.784,-14.05,2.178,6.575,4.084,0.8201,-6.555,-4.697,-2.948,1.026,0.0887,-1.842,11.75,3.852,-0.5971,-2.76,1.115,1.438,-0.6814,0.7364,1.947,-2.278,0.0673,-3.258,0.2801,4.989,5.687,2.289,-3.132,-0.9777,5.05,5.07,3.683,-5.845,-5.2,2.282,5.757,7.077,-5.581,-7.948,0.9291,2.171,1.228,-9.582,-5.51,-9.209,1.689
1536,1.01,0.4286,-0.9574,5.312,0.338,-2.747,1.13,1.15,4.232,3.534,-2.458,-3.98,-16.82,4.104,6.747,7.211,-0.9675,-9.719,-4.301,-2.264,2.745,3.756,-3.165,12.46,3.181,-2.441,-5.229,-1.598,0.963,-4.256,-0.4873,1.377,0.3141,1.053,-3.114,-0.8028,5.967,6.422,2.447,-2.522,1.824,5.05,5.07,2.339,-3.687,-3.791,0.6431,1.979,8.649,-2.867,-5.683,-0.3423,3.597,3.374,-11.38,-4.258,-7.042,2.217
1537,1.01,2.68,-3.399,3.385,1.003,-2.4,1.13,1.15,3.962,-0.767,-3.523,-6.639,-17.03,1.73,6.159,8.055,3.209,-9.844,-2.722,-0.0825,-0.5099,-0.1747,-3.196,15.69,5.265,1.198,-2.003,-1.075,4.077,-5.475,5.301,-2.366,-1.189,-1.86,-3.074,-0.1822,5.58,5.784,1.957,-2.113,4.769,5.05,5.07,7.136,-5.044,-4.996,0.8866,2.54,5.458,-0.9575,-5.482,-0.786,2.486,1.902,-10.91,-4.619,-6.539,1.173
1538,1.01,3.718,-1.341,3.843,-1.513,-2.423,1.13,1.15,2.27,1.528,-2.673,-3.475,-17.21,3.437,5.405,6.393,1.348,-8.515,-6.713,-4.8,0.5685,-0.7945,-1.798,13.48,3.728,3.038,-4.039,-5.104,3.343,-4.838,-1.925,-1.719,-2.193,-1.261,-1.936,1.667,5.836,4.567,2.333,-5.406,3.461,5.05,5.07,4.174,-9.954,-6.545,-0.1485,4.07,6.025,-6.422,-3.465,0.5024,0.4562,0.2186,-9.774,-4.688,-5.319,3.807
1539,1.01,0.9778,4.278,1.69,-0.5052,-0.7753,1.13,1.15,5.953,2.325,-1.808,-4.513,-14.18,3.17,2.661,6.982,3.008,-6.647,-5.13,-2.481,1.728,0.0727,-4.256,16.53,6.183,0.1828,-2.763,-1.967,0.9761,-4.416,-0.1401,-0.1513,1.099,-0.2879,-3.803,-0.9049,5.893,1.677,5.033,-3.032,0.4253,5.05,5.07,3.613,-4.299,-5.255,-1.883,4.816,7.14,-3.483,-4.065,0.4556,4.071,-0.2708,-10.22,-3.525,-5.896,3.793
1540,1.01,1.151,0.9905,4.246,0.0576,-2.469,1.13,1.15,1.142,1.72,0.1136,-4.945,-15.81,4.347,6.003,8.841,0.0336,-5.704,-2.178,-3.675,5.181,-1.059,-3.39,13.31,2.847,-1.746,-5.76,-0.2292,1.681,-2.245,1.498,0.4825,-3.004,-2.823,-2.035,-1.941,7.424,3.653,1.49,-3.03,0.3022,5.05,5.07,7.81,-6.763,-3.288,-1.915,5.396,10.37,-6.053,-4.908,-1.711,2.376,3.547,-9.429,-4.844,-5.721,2.657
1541,1.01,2.021,0.4092,2.028,-1.662,-2.421,1.13,1.15,3.346,2.106,-2.37,-4.811,-17.02,3.752,5.267,5.238,1.098,-5.925,-3.517,-2.331,2.638,2.45,-1.812,12.56,6.549,1.935,-4.246,-1.875,1.695,-0.1548,-2.312,-1.172,-0.5476,1.49,-3.821,-0.879,8.083,3.074,1.996,-2.173,3.995,5.05,5.07,3.949,-4.822,-7.457,-1.475,3.911,7.718,-4.32,-4.566,-0.8899,3.024,2.181,-9.578,-4.283,-8.609,3.731
1542,1.01,4.701,-0.8912,2.221,-1.012,-0.0504,1.13,1.15,5.574,0.3191,-2.988,-0.7671,-15.99,-0.9856,4.607,7.182,0.3491,-5.591,-3.726,-2.612,2.168,-1.611,-3.186,11.89,3.623,1.038,-1.633,-1.241,2.101,-3.391,-0.6938,-1.442,0.4976,-0.3186,-2.683,-0.5899,6.57,2.504,3.276,-2.962,4.67,5.05,5.07,5.822,-2.773,-4.668,-2.604,2.131,8.361,-5.07,-7.176,0.5998,0.6669,3.407,-8.384,-4.96,-2.474,1.402
1543,1.01,-0.2864,-1.117,4.421,1.507,-0.597,1.13,1.15,3.944,-0.8042,-2.593,-3.734,-15.13,4.682,7.023,5.353,1.683,-7.658,-3.174,-2.58,3.971,2.365,0.2894,14.12,3.463,2.617,-0.7808,-2.105,0.5001,-1.488,0.1224,-0.6202,-0.9142,-1.031,-3.213,0.4857,6.621,7.024,1.408,-7.672,1.904,5.05,5.07,3.78,-7.118,-4.904,-0.7557,4.453,6.631,-3.736,-4.235,1.924,5.163,3.384,-8.973,-5.287,-3.885,2.388
1544,1.01,2.601,-4.637,3.011,-1.278,-2.221,1.13,1.15,4.727,-0.6533,-2.218,-6.935,-17.9,0.187,4.41,8.473,2.273,-8.04,-4.707,-3.16,0.2304,3.318,-3.147,11.46,5.263,1.429,-2.303,-0.9274,1.318,-2.839,0.8952,1.066,-1.159,-2.382,-2.863,-1.539,5.908,5.468,0.505,-3.076,2.548,5.05,5.07,0.4748,-2.219,-3.129,-2.746,3.871,7.631,-3.58,-1.169,0.6166,3.51,3.952,-10.45,-5.61,-7.35,3.688
1545,1.01,3.214,0.5871,4.119,-2.455,1.663,1.13,1.15,4.682,-2.66,-3.189,-3.143,-15.67,2.029,5.862,7.161,-0.1785,-8.369,-3.42,-3.389,-0.3411,-0.3094,-1.482,14.37,4.123,-0.8993,-2.191,-2.533,1.79,-3.461,-0.2313,-1.758,0.1823,-1.677,2.008,0.3574,6.191,4.231,2.268,-3.566,1.807,5.05,5.07,4.25,-2.087,-5.467,-1.196,3.164,9.669,-3.08,-3.795,1.517,4.797,2.538,-8.898,-7.012,-7.685,1.967
1546,1.01,0.7186,-1.406,1.814,0.0551,0.4238,1.13,1.15,3.96,2.644,-2.287,-1.745,-15.89,1.086,6.725,6.215,1.181,-4.615,-5.169,-4.138,1.152,-0.4136,-2.033,14.95,3.724,3.797,-4.9,0.2758,2.773,-2.851,-0.1497,1.449,-0.2094,0.2868,-2.345,1.769,6.936,6.183,5.62,-2.356,2.149,5.05,5.07,1.978,-2.917,-6.162,-1.143,5.635,10.42,-4.14,-1.451,0.5262,2.321,2.209,-10.52,-5.421,-11.12,3.151
1547,1.01,1.58,-2.521,3.346,3.211,0.8857,1.13,1.15,2.42,1.987,-2.922,-2.708,-18.02,1.014,4.982,6.453,2.89,-5.508,-3.454,-6.449,-0.8849,0.5626,-0.3921,14.97,3.234,-0.1188,-5.46,-3.608,1.718,-2.092,2.53,0.9503,1.688,-1.136,-2.579,-2.899,5.47,4.49,4.483,-3.17,0.1087,5.05,5.07,3.041,-3.711,-6.087,1.048,3.257,9.952,-5.013,-1.485,1.606,3.9,2.391,-10.5,-5.751,-7.558,1.309
1548,1.01,-0.8088,-1.739,0.8912,1.15,-1.279,1.13,1.15,3.981,0.7649,-3.889,-1.82,-17.41,3.167,4.873,5.021,1.637,-5.746,-5.53,-1.49,-2.331,1.932,-0.224,13.47,3.389,1.518,-1.045,0.5344,-0.2493,0.7748,5.741,0.151,-0.4988,1.337,-1.174,-0.3824,7.207,6.859,2.152,-5.711,2.087,5.05,5.07,4.655,-3.284,-3.968,-2.828,3.073,9.119,-1.005,-7.426,1.725,2.647,2.669,-9.653,-5.402,-8.279,3.406
1549,1.01,1.437,-3.376,2.107,3.004,-2.863,1.13,1.15,3.933,1.807,-2.71,-3.903,-16.77,2.563,7.764,5.395,-0.5343,-6.306,-3.124,-1.562,1.274,0.1901,-3.002,13.95,3.966,-0.5423,-4.598,-0.4544,4.702,-0.3187,-0.405,0.4389,1.02,0.9141,-3.718,-1.844,7.912,5.762,1.773,-0.704,0.4585,5.05,5.07,7.271,-2.979,-4.808,1.381,2.666,9.475,-4.036,-2.671,1.483,3.223,2.068,-10.82,-0.7644,-4.027,0.4413
1550,1.01,1.038,-0.6886,5.608,0.2129,1.27,1.13,1.15,3.914,1.387,-2.895,-3.033,-19.15,3.774,6.32,6.178,2.941,-7.73,-5.455,0.3241,-0.4012,0.7787,-1.554,15.75,5.057,1.816,-1.867,-2.767,3.322,-4.335,-2.478,2.044,0.3382,-1.156,-2.863,-2.188,7.292,4.131,3.003,-3.35,0.1924,5.05,5.07,5.781,-7.51,-5.679,-2.686,3.096,10.11,-1.634,-6.963,2.058,4.046,2.106,-8.036,-3.51,-5.82,4.872
1551,1.01,0.6327,0.1663,1.966,0.6619,-2.179,1.13,1.15,4.472,2.401,-2.804,-1.551,-14.85,3.109,6.722,5.123,2.479,-4.167,-5.587,-2.766,1.701,-0.7461,-1.22,11.43,5.648,1.525,-5.739,-1.37,3.559,-5.347,-2.804,0.3132,0.1825,0.235,-5.507,0.1399,6.906,3.753,1.723,-1.838,-1.548,5.05,5.07,2.407,-2.85,-6.765,0.2588,3.704,5.553,-3.825,-3.946,1.265,3.45,0.651,-10.38,-4.075,-7.595,2.175
1552,1.01,1.654,2.313,3.723,-4.882,-2.825,1.13,1.15,3.516,3.555,-1.985,-4.435,-14.46,3.507,6.68,5.88,1.059,-7.367,-3.059,-4.159,1.398,-2.046,-1.054,14.38,3.562,-2.314,-2.213,-1.497,1.729,-3.679,-3.003,0.7514,1.259,3.041,-1.985,-1.175,4.861,7.202,2.914,-3.825,1.819,5.05,5.07,5.512,-7.087,-4.524,-1.066,3.76,8.82,-2.922,-5.463,-0.9422,3.925,1.414,-11.12,-3.647,-4.496,2.976
1553,1.01,3.324,-1.32,5.105,0.4478,-2.276,1.13,1.15,4.158,0.2978,-5.306,-4.169,-18.32,2.881,6.233,9.177,3.219,-5.59,-3.791,-3.991,2.73,1.672,-3.665,13.25,2.278,2.193,-1.921,0.3327,-0.4042,-4.39,0.9009,0.1512,-0.151,0.7405,0.239,-1.964,6.888,4.059,-0.1051,-3.68,-2.491,5.05,5.07,5.542,-5.165,-5.787,-1.774,7.297,6.316,-1.775,-0.5733,0.5988,4.69,0.9983,-10.82,-5.444,-7.407,3.411
1554,1.01,0.8047,-0.6701,4.317,-0.3994,-0.4454,1.13,1.15,2.691,-1.63,-0.9994,-3.636,-16.79,0.2283,5.228,6.076,3.456,-6.502,-0.75,-1.319,1.368,1.295,-6.71,11.44,3.433,1.299,-2.157,-0.2132,0.6314,-3.033,0.1736,1.041,-1.233,1.461,-3.417,0.1367,4.204,2.952,2.606,-5.536,0.6995,5.05,5.07,1.856,-5.83,-4.639,-3.322,4.273,5.934,-5.548,-7.853,2.334,1.928,2.915,-10.83,-3.691,-4.912,2.123
1555,1.01,0.1205,-0.2373,4.846,-2.079,-1.536,1.13,1.15,2.902,-2.659,-2.635,-2.314,-17.57,2.464,3.851,5.953,0.8019,-6.363,-1.726,-3.563,1.542,0.3264,-1.737,15.56,2.804,0.8464,-1.142,-0.6812,0.0243,-3.582,1.688,0.8214,-1.123,-2.593,-3.866,-2.221,4.914,3.161,2.495,-3.743,0.0153,5.05,5.07,2.993,-4.37,-4.812,-0.8242,4.6,9.573,-2.295,-7.122,2.444,1.248,2.971,-10.44,-5.871,-6.648,2.684
1556,1.01,1.649,-0.6775,-0.0398,0.6002,-2.383,1.13,1.15,3.863,2.446,-1.384,-2.696,-16.09,3.185,3.341,6.795,2.785,-8.834,-4.695,-3.391,-0.4657,-0.9914,-2.103,12.87,3.222,1.299,1.772,-0.3874,2.397,-2.367,2.563,-0.379,2.322,0.4357,-3.91,1.107,6.775,5.444,0.6661,-4.238,1.534,5.05,5.07,4.732,-5.322,-6.057,1.429,5.528,4.713,-4.619,-3.111,2.404,1.018,2.968,-8.87,-7.364,-5.546,0.1745
1557,1.01,3.073,-3.445,5.675,0.5624,0.2587,1.13,1.15,3.314,-0.1262,-2.276,-3.709,-16.29,0.3363,6.565,3.677,3.079,-7.0,-4.393,-3.459,1.073,0.5133,-2.331,12.49,2.41,-1.341,-2.774,-2.108,3.844,0.5577,-0.151,1.99,0.5091,-0.2472,-2.94,-0.4908,5.923,6.127,1.186,-6.344,0.8334,5.05,5.07,2.951,-1.709,-5.399,-1.411,3.116,10.34,-5.393,-2.287,0.3193,3.403,3.65,-8.937,-2.782,-7.638,2.582
1558,1.01,2.813,-3.967,3.236,-0.1344,-3.812,1.13,1.15,5.75,-0.1254,-2.422,-2.865,-15.15,0.9183,7.587,8.109,1.246,-7.819,-6.103,-3.982,1.861,-0.1293,-5.582,14.48,3.108,0.0527,-2.235,-3.389,0.5962,-1.646,1.572,-0.9865,1.228,0.6634,-1.956,-0.047,5.933,6.16,3.085,-3.27,3.691,5.05,5.07,1.521,-0.308,-3.472,-1.819,3.568,7.128,-6.97,-6.209,2.184,2.967,1.805,-11.04,-4.89,-6.385,4.172
1559,1.01,0.5694,-0.3647,2.283,-1.195,-0.481,1.13,1.15,4.577,0.118,-0.9725,-4.121,-17.91,2.583,5.089,6.088,3.113,-7.975,-4.189,-3.09,1.437,0.444,-1.399,12.35,2.765,1.738,-3.274,-1.537,-0.2598,-4.076,-3.403,1.579,-0.9248,0.2281,-4.676,0.4094,5.767,4.066,2.859,-4.507,1.391,5.05,5.07,3.02,-6.707,-6.502,-1.061,2.341,5.783,-1.998,-2.36,1.198,2.901,3.57,-10.65,-3.29,-9.303,2.589
1560,1.01,1.008,-1.025,2.117,0.2079,-2.172,1.13,1.15,3.301,0.2456,-0.6034,-3.01,-12.59,2.262,5.839,6.986,0.8036,-3.455,-3.12,-4.767,-0.7658,0.2212,-3.866,14.1,5.22,1.683,-1.799,-0.9654,0.2147,-2.475,0.4567,2.17,-1.316,-2.052,-2.912,-0.3564,5.645,5.918,1.88,-4.503,1.083,5.05,5.07,1.653,-5.233,-6.502,-0.0913,5.345,4.839,-5.329,-5.609,-0.0923,3.496,1.65,-10.28,-2.038,-6.277,5.921
1561,1.01,0.9133,-1.721,2.698,0.6097,-0.4694,1.13,1.15,4.373,4.083,-3.433,-4.121,-17.07,2.25,4.738,5.311,-0.0264,-5.583,-4.944,-2.725,1.942,1.926,-3.002,16.72,3.559,3.272,-0.8184,0.401,2.018,-4.176,1.349,0.414,0.5446,-3.724,-4.558,-1.386,7.413,8.067,2.367,-4.661,2.953,5.05,5.07,3.498,-3.526,-6.535,0.0924,2.83,1.813,-4.002,-3.502,1.27,4.441,3.287,-7.111,-2.741,-5.83,1.413
1562,1.01,2.335,-2.353,3.799,1.159,-1.675,1.13,1.15,5.033,4.679,-3.098,-4.656,-17.2,0.2213,5.428,5.58,0.5638,-5.972,-5.568,-0.7075,2.092,-0.242,-1.291,12.47,1.558,-0.1654,0.0976,-0.7467,2.032,-2.549,1.116,-1.546,-0.7131,-1.08,-0.9841,-1.692,5.406,7.269,3.435,-2.154,0.5838,5.05,5.07,3.53,-3.147,-6.307,1.361,5.883,11.2,-2.523,-4.537,0.0099,2.363,3.597,-9.016,-4.014,-3.884,3.477
1563,1.01,0.5072,0.2303,2.956,0.5994,-2.39,1.13,1.15,3.706,2.322,-1.538,-3.145,-14.31,2.681,1.849,8.062,2.402,-5.386,-4.373,-3.362,0.4431,1.229,-1.733,14.23,5.428,2.196,-3.668,-3.505,0.3483,-3.286,3.815,-2.771,-1.46,-0.7961,-2.034,-0.6292,7.551,3.886,5.979,-0.9642,1.288,5.05,5.07,2.858,-1.441,-1.953,-0.9417,5.314,9.465,-5.713,-2.899,1.686,2.685,3.272,-10.76,-5.204,-6.173,3.322
1564,1.01,3.451,2.522,4.214,0.2931,-3.774,1.13,1.15,2.737,1.833,-1.714,-5.396,-16.49,0.572,4.933,4.796,0.0053,-8.149,-3.683,-1.366,2.201,2.166,-3.527,14.85,3.989,-0.2538,-4.127,-2.032,0.2538,-1.634,-0.8165,-0.4023,1.226,-1.81,-0.1634,1.268,6.646,6.529,2.068,-4.287,-0.0705,5.05,5.07,7.4,-2.842,-4.511,1.363,6.299,7.338,-1.754,-5.605,1.012,2.504,1.265,-10.37,-4.493,-4.257,3.999
1565,1.01,2.509,2.359,3.04,0.6121,-1.499,1.13,1.15,3.66,2.105,-0.8823,-2.798,-14.83,5.929,7.798,7.626,2.475,-8.128,-3.528,-4.49,3.047,2.164,-5.208,11.76,2.815,-1.574,-3.192,-2.074,0.7755,-2.462,-2.698,-1.326,-2.315,-0.3969,-2.947,-0.6738,5.436,3.44,3.423,-5.595,1.505,5.05,5.07,2.4,-3.244,-5.742,-0.8754,4.612,9.032,-6.326,-3.304,0.9939,2.328,2.235,-6.911,-4.58,-6.17,-0.2305
1566,1.01,2.013,0.3827,3.86,-0.303,-0.973,1.13,1.15,5.226,2.728,-2.437,-4.038,-13.16,0.4225,6.166,7.011,2.57,-5.712,-6.104,-1.411,1.737,0.1826,-2.634,14.13,4.257,-1.752,-4.216,-1.386,1.656,-1.545,-0.0504,-0.2619,-2.366,1.007,-2.27,-0.8683,5.933,3.707,2.166,-4.865,1.811,5.05,5.07,3.456,-3.059,-1.814,-1.504,5.997,5.713,-4.775,-4.32,1.546,2.074,1.998,-9.736,-5.881,-7.599,1.055
1567,1.01,6.356,-1.112,5.899,-0.5752,-2.684,1.13,1.15,3.617,0.423,-2.184,-4.688,-16.24,3.803,7.613,3.769,0.603,-5.625,-4.749,-1.331,2.663,-0.598,-3.398,13.68,5.858,0.0785,-2.502,-3.139,-0.4206,-4.526,3.097,-1.051,-0.5835,-0.8322,-2.093,1.345,3.869,3.219,0.8877,-3.232,-0.5422,5.05,5.07,1.927,-3.36,-6.356,-0.8064,5.291,6.355,-5.611,-4.971,-0.8656,1.814,1.508,-10.3,-6.452,-5.891,4.874
1568,1.01,2.237,-0.259,3.973,-0.1772,-2.047,1.13,1.15,6.52,0.5033,-2.439,-3.265,-14.95,0.5446,5.964,5.312,3.061,-6.589,-3.884,-0.5267,2.272,1.041,-1.191,11.34,1.429,0.6339,-1.869,-1.899,-0.1436,-2.254,-1.558,0.6179,-0.9994,-0.0684,-1.274,-0.7379,6.053,6.975,3.668,-3.923,3.628,5.05,5.07,2.547,-5.039,-4.716,-1.072,5.126,6.206,-3.442,-8.642,-0.1201,0.1874,1.948,-10.58,-2.78,-6.559,3.917
1569,1.01,1.234,-2.779,0.2795,-3.746,-1.676,1.13,1.15,4.033,0.291,-5.563,-2.429,-16.52,2.724,5.347,9.222,1.311,-5.228,-3.225,-3.577,0.2642,1.395,-3.277,15.01,2.466,2.003,-1.241,0.018,-0.4954,-1.814,1.91,0.1087,-0.2403,-1.037,-2.732,-0.9597,5.872,4.511,0.9512,-2.667,2.205,5.05,5.07,4.626,-1.64,-4.834,-0.4053,5.131,11.16,-3.515,-1.76,3.716,4.17,0.7879,-8.526,-2.805,-4.172,3.43
1570,1.01,0.958,-1.859,2.817,0.4702,-1.774,1.13,1.15,-0.0135,3.706,-0.8731,-3.344,-16.39,1.622,4.874,4.946,2.159,-5.721,-4.099,-3.33,1.686,0.7851,-2.735,14.07,2.991,0.4038,-1.214,-0.4739,2.051,-1.643,-1.149,-0.1688,2.236,-2.004,-3.443,0.2022,7.587,4.36,1.355,-6.593,0.8596,5.05,5.07,2.311,-0.6386,-7.387,0.1352,5.697,9.118,-5.909,-0.5273,1.23,2.189,1.566,-11.18,-3.895,-6.115,3.001
1571,1.01,2.161,-2.597,4.911,0.2878,-0.6209,1.13,1.15,5.753,1.738,-2.196,-1.719,-15.99,2.803,5.78,6.745,2.427,-5.187,-4.811,-1.631,1.686,0.139,-0.921,11.12,3.011,0.5637,-4.555,-4.011,1.164,-3.637,-0.4956,0.8991,1.283,0.5286,-3.386,0.1649,4.095,6.539,2.004,-5.848,-0.9771,5.05,5.07,4.212,-4.039,-5.373,-0.9583,5.454,5.001,-1.91,-2.201,3.487,2.1,1.75,-11.1,-3.762,-6.943,2.215
1572,1.01,3.081,2.703,2.365,0.7669,-0.841,1.13,1.15,4.053,0.5275,-5.789,-5.281,-15.02,0.7391,4.859,6.132,1.595,-6.004,-2.64,-4.135,2.468,-1.933,-3.456,14.53,3.812,-0.4019,-3.365,-3.551,-0.6686,-2.274,0.9805,-1.048,-0.3758,-1.698,-2.328,-0.6601,5.765,5.193,3.628,-2.914,2.184,5.05,5.07,5.182,-7.059,-1.956,-1.401,4.776,8.934,-5.984,-6.945,1.068,4.232,2.941,-9.567,-7.185,-9.284,2.836
1573,1.01,-0.4278,0.0852,2.889,-0.6914,-2.226,1.13,1.15,5.381,0.5205,-2.501,-4.078,-15.26,1.45,5.545,5.243,3.256,-2.559,-4.707,-1.777,2.787,0.6097,-0.4142,14.14,4.913,0.6625,-2.353,-4.499,0.356,-2.042,3.151,-1.358,0.7092,0.694,-2.02,-0.1304,5.352,6.45,1.123,-2.201,0.6722,5.05,5.07,3.09,-2.601,-4.771,0.7624,6.223,8.912,-2.874,-3.209,1.893,3.056,3.024,-9.409,-7.153,-10.53,3.379
1574,1.01,5.003,1.959,4.382,0.8796,-2.076,1.13,1.15,2.238,0.7324,-1.965,-4.961,-16.7,3.588,6.909,4.123,0.6576,-6.853,-7.044,-1.607,1.274,1.5,0.2843,12.07,4.114,-1.064,-0.5978,-1.092,2.119,-0.0911,0.5546,0.58,-1.636,1.412,-2.464,-0.7632,6.398,6.738,5.927,-2.472,3.151,5.05,5.07,2.664,-3.332,-7.497,-2.807,4.647,8.832,-3.634,-5.068,3.72,3.809,2.675,-9.816,-4.568,-7.394,3.223
1575,1.01,0.4098,-1.697,1.209,-0.2751,-0.2929,1.13,1.15,5.354,-0.7625,-5.995,-4.249,-15.87,4.233,7.13,6.997,-0.5889,-5.442,-4.706,-2.216,-0.3927,2.034,-1.444,12.76,4.324,1.277,-2.641,-0.1265,3.016,-2.997,0.7858,2.77,2.141,1.27,-1.428,-0.371,7.568,2.935,3.996,-3.635,-0.6786,5.05,5.07,3.205,-2.436,-3.603,-1.085,7.105,6.117,-6.846,-4.989,1.684,1.414,1.431,-12.07,-2.353,-7.976,3.071
1576,1.01,2.118,1.164,2.189,-1.602,-2.331,1.13,1.15,5.687,2.535,-3.241,-5.748,-12.86,2.021,4.821,7.303,-1.74,-6.347,-2.821,-2.516,1.557,-0.5498,-3.689,11.7,3.296,1.258,-5.211,-0.6422,0.8728,-3.53,2.3,2.623,1.411,-2.683,-3.969,0.21,4.573,6.047,4.265,-3.851,1.194,5.05,5.07,5.533,-0.189,-5.199,1.517,3.884,8.896,-3.77,-4.711,0.3864,3.599,2.947,-8.98,-5.493,-4.91,1.499
1577,1.01,1.637,3.577,2.288,-0.9837,-2.671,1.13,1.15,3.05,1.814,-4.801,-3.204,-16.43,2.4,7.251,7.916,3.561,-5.377,-4.793,-2.322,1.468,1.258,-0.7513,12.79,4.088,-0.4939,-2.473,-2.416,3.078,-2.675,0.5692,0.0512,-2.406,1.012,-2.339,0.8204,5.522,5.16,1.366,-3.784,1.665,5.05,5.07,4.044,-0.152,-4.901,-0.6512,3.671,10.65,-4.492,-3.682,-0.8383,-0.2907,2.782,-8.497,-3.585,-4.333,5.117
1578,1.01,-1.586,-0.1613,1.866,-0.3542,0.413,1.13,1.15,3.847,0.7726,-0.3406,-2.757,-15.13,2.221,4.608,7.708,0.0548,-7.484,-3.857,-5.32,0.2904,2.197,-3.82,12.96,3.701,-0.7026,-3.269,-1.849,1.314,-1.193,1.126,2.521,3.08,-0.0625,-3.881,0.0558,5.212,4.478,3.741,-3.018,1.898,5.05,5.07,6.022,-4.849,-5.292,-1.553,4.323,8.021,-3.769,-7.566,0.2772,5.279,1.335,-9.557,-2.469,-7.97,3.151
1579,1.01,1.162,-1.485,6.454,-0.791,-3.033,1.13,1.15,4.663,1.37,-2.72,-3.783,-15.76,1.436,4.331,6.859,5.086,-8.566,-4.803,-0.5309,2.65,1.026,-4.689,16.15,3.338,0.9393,-4.228,-1.87,0.5372,-2.688,3.088,-1.725,0.4245,1.97,-0.057,-1.167,6.621,6.219,5.15,-1.462,4.815,5.05,5.07,6.729,-5.226,-4.676,0.7535,5.204,10.09,-2.062,-4.911,1.072,4.733,1.437,-8.104,-4.312,-3.928,1.004
1580,1.01,0.6187,-1.9,3.454,-1.12,-1.698,1.13,1.15,3.674,0.1833,-5.419,-2.578,-14.58,0.8802,4.737,6.93,2.813,-6.595,-3.858,-3.477,0.641,1.386,-1.777,16.43,3.148,1.11,-1.268,0.1226,1.694,-5.614,2.234,1.406,0.9215,-0.4849,-3.935,-1.83,3.526,4.778,3.255,-3.628,1.99,5.05,5.07,2.852,-3.51,-4.438,0.0444,5.29,9.177,-2.991,-2.009,-0.0977,2.276,2.423,-9.539,-3.791,-5.595,3.532
1581,1.01,1.055,0.9221,2.457,2.3,-2.705,1.13,1.15,1.764,0.452,-2.624,-2.109,-14.59,1.732,4.333,6.763,2.316,-6.928,-3.635,-2.204,1.31,-1.511,-2.647,13.79,5.346,-0.2926,-4.401,-3.659,0.7178,-2.903,0.8599,-0.6367,1.959,0.2692,-3.325,1.295,4.77,4.57,2.998,-2.705,3.203,5.05,5.07,2.572,-3.936,-2.875,-0.4984,5.061,6.49,-3.48,-5.595,0.2276,0.8382,-0.6022,-10.19,-2.487,-4.987,2.396
1582,1.01,0.6534,0.7948,2.862,0.3457,-0.4426,1.13,1.15,5.745,0.49,-2.954,-5.917,-16.19,2.42,4.497,5.161,2.896,-7.034,-4.523,-0.9376,3.266,0.6434,-0.2748,14.66,2.967,0.4071,-5.163,-4.424,1.186,-3.039,1.726,1.341,1.533,0.5496,-4.522,-0.1658,5.763,2.273,4.362,-5.634,1.947,5.05,5.07,4.239,-2.062,-5.684,0.9726,3.489,6.851,-4.156,-5.796,2.083,1.505,2.426,-10.95,-6.56,-9.01,2.723
1583,1.01,1.047,-1.833,4.702,-0.6413,-2.029,1.13,1.15,2.797,0.5848,-0.9657,-3.109,-19.64,3.868,6.001,5.251,1.601,-6.019,-3.631,-3.23,-1.273,2.379,-1.838,13.07,3.851,-0.7387,-6.084,-2.466,0.1216,-2.066,0.6705,0.139,1.794,-1.945,-3.545,-1.469,4.497,4.935,1.22,-3.447,2.159,5.05,5.07,4.765,-5.31,-5.333,-0.3527,2.445,10.68,-3.14,-7.54,1.117,1.621,2.358,-10.53,-5.873,-5.356,4.069
1584,1.01,1.194,-0.0458,5.952,-0.1782,0.5046,1.13,1.15,3.24,1.515,-1.783,-3.268,-16.83,3.699,4.036,10.15,3.37,-6.139,-5.808,-1.135,-0.8095,0.8156,-1.557,15.67,2.276,0.8189,-2.77,-4.929,1.733,-1.311,0.9831,-1.019,-1.631,0.1439,-1.798,-1.574,7.14,6.549,1.519,-3.025,-0.0694,5.05,5.07,4.504,-5.24,-2.407,1.621,4.043,8.511,-5.246,-3.626,0.7356,2.125,1.831,-10.01,-4.29,-7.949,3.871
1585,1.01,4.364,0.3453,5.905,-0.3466,-1.005,1.13,1.15,3.04,1.674,-2.926,-1.911,-16.02,0.9572,5.601,6.102,0.4905,-9.084,-6.791,0.9535,1.292,3.378,-1.644,13.27,5.602,0.1547,-1.727,-2.337,1.932,-2.325,0.6975,-0.5083,0.4163,1.761,-2.11,0.1804,5.438,6.6,3.846,-1.678,0.8372,5.05,5.07,5.058,-3.83,-6.265,0.7279,5.35,12.95,-2.184,-3.271,0.3465,4.754,2.213,-8.713,-4.365,-7.654,4.412
1586,1.01,1.758,-2.418,1.178,0.1887,1.799,1.13,1.15,2.37,-1.445,-2.597,-4.408,-16.37,2.412,4.826,6.751,0.7363,-3.783,-3.643,-2.878,-0.0441,0.1494,-0.6872,13.34,4.18,-1.834,-1.987,-2.376,2.695,-0.3872,1.355,0.283,-0.9989,2.022,-3.689,0.6944,4.999,5.934,1.155,-3.16,-0.3096,5.05,5.07,4.598,-4.256,-4.63,0.2896,4.613,8.919,-5.42,-5.348,1.618,3.5,2.602,-9.867,-4.764,-7.355,1.717
1587,1.01,0.5187,1.546,1.215,1.05,-0.4611,1.13,1.15,4.781,1.84,-1.725,-2.464,-16.5,0.7744,5.805,7.758,0.8434,-4.798,-4.343,-5.381,1.959,3.212,-1.888,14.0,6.053,4.486,-3.948,0.7608,3.772,-2.873,1.375,0.8632,1.169,1.259,-3.284,-0.0131,6.163,5.786,0.1774,0.4543,2.897,5.05,5.07,3.649,-7.823,-1.891,2.965,2.59,9.937,-6.126,-8.543,0.5363,2.203,2.164,-11.35,-2.753,-7.076,4.669
1588,1.01,2.277,-0.3368,2.203,0.5759,-2.085,1.13,1.15,3.897,2.45,-1.357,-1.349,-14.96,3.496,4.398,3.422,0.4179,-9.099,-4.737,-1.847,0.6721,0.145,-3.368,11.76,3.968,1.045,-4.211,-2.792,4.125,-1.861,2.432,2.406,-2.109,1.138,-2.051,0.1413,5.811,4.899,5.472,-3.728,0.1442,5.05,5.07,2.988,-1.282,-7.199,-4.656,3.35,7.219,-1.336,-2.422,2.703,4.845,0.1836,-9.537,-4.185,-6.926,3.255
1589,1.01,2.48,0.0976,3.215,0.1843,-1.227,1.13,1.15,5.653,-2.399,-2.93,-1.818,-17.63,0.1676,9.183,3.751,-0.638,-7.254,-4.854,-1.759,2.95,0.4852,0.0038,13.63,2.331,0.5026,-2.153,-3.186,0.9965,-3.715,-0.0224,-2.028,-1.25,1.281,-1.749,0.461,5.217,3.91,3.444,-2.214,3.391,5.05,5.07,6.396,-4.668,-6.759,-1.187,3.099,9.316,-4.787,-3.137,1.071,-0.1371,2.046,-9.317,-1.045,-2.952,1.94
1590,1.01,2.29,0.3595,3.003,1.117,-2.236,1.13,1.15,3.96,-0.7284,-3.363,-3.624,-15.03,2.724,7.773,3.941,1.5,-7.283,-2.017,-2.107,2.362,0.2523,-2.962,13.36,4.601,1.192,0.2507,-1.172,1.058,-1.601,-1.312,-1.381,0.672,-2.393,-3.544,-1.755,7.113,2.979,3.203,-2.32,0.198,5.05,5.07,2.601,-1.698,-7.234,-1.86,5.833,5.101,-2.757,0.5021,1.838,1.943,2.097,-8.996,-3.902,-4.525,3.247
1591,1.01,2.111,-1.014,2.94,-1.143,-6.238,1.13,1.15,4.365,0.8208,-4.371,-4.965,-15.04,4.131,6.87,7.108,4.319,-8.644,-3.358,-3.276,-0.2036,1.74,-0.6553,12.48,3.726,-1.616,-1.977,-2.302,0.3586,-1.679,-2.363,0.9876,-0.3417,-1.148,-4.53,-0.8166,7.93,3.006,2.105,-3.857,1.187,5.05,5.07,6.022,-3.524,-3.863,-1.055,3.495,4.704,-2.956,-6.944,2.781,1.628,2.318,-10.04,-4.0,-5.589,4.042
1592,1.01,0.981,-1.671,-0.7179,0.1623,-3.194,1.13,1.15,3.81,4.573,-1.902,-4.246,-14.34,3.217,5.707,5.261,-0.2139,-5.416,-2.745,-1.453,0.0483,-1.573,-0.9078,15.21,3.697,2.893,-1.343,-1.613,-1.001,-5.15,5.588,1.676,-0.0037,0.0327,-2.261,1.77,7.942,4.102,0.2397,-3.61,1.045,5.05,5.07,3.579,-3.553,-4.874,0.1855,3.581,5.938,-4.026,-2.417,1.183,4.114,2.754,-10.11,-3.539,-3.362,2.698
1593,1.01,1.774,-3.557,6.38,-1.444,-0.765,1.13,1.15,5.554,2.086,-3.371,-2.459,-14.51,2.723,5.658,5.635,1.332,-2.754,-3.844,-3.703,0.6655,-0.3416,-0.7966,12.54,2.756,1.657,-4.915,-3.174,0.9106,-3.921,-0.4265,0.52,-1.046,1.573,-1.545,0.3401,8.071,4.245,4.093,-3.839,-0.8055,5.05,5.07,4.723,-4.814,-3.948,2.545,3.121,8.969,-3.719,-5.657,0.6812,3.392,1.98,-9.586,-2.49,-4.451,2.116
1594,1.01,1.947,-0.0099,1.362,-0.0539,-1.36,1.13,1.15,4.177,-0.8448,-3.221,-3.16,-14.76,1.871,7.318,7.212,3.47,-8.035,-4.462,-1.56,-2.551,-0.0492,-2.241,14.35,1.096,1.635,-2.264,-1.666,2.243,-2.188,-2.877,2.75,-0.7848,-1.067,-6.126,-0.8611,6.276,5.225,1.416,-2.696,1.571,5.05,5.07,4.613,-5.338,-3.109,-0.1544,5.082,6.559,-2.352,-4.252,0.456,2.817,1.194,-11.13,-4.438,-9.942,1.871
1595,1.01,2.602,3.211,6.365,-1.024,-1.445,1.13,1.15,2.762,0.5004,-2.261,-6.446,-15.9,1.677,4.689,4.038,1.472,-5.511,-5.001,-2.206,2.595,0.9067,0.0006,13.26,3.487,1.12,-4.302,0.6096,3.79,-1.353,-1.438,1.086,-0.9992,0.1678,-5.391,-2.135,5.669,4.281,3.559,-4.314,0.889,5.05,5.07,2.633,-1.555,-4.669,-1.159,7.857,6.846,-5.887,-2.769,2.141,4.198,2.836,-7.549,-4.403,-4.431,3.047
1596,1.01,2.512,1.222,3.64,-0.0377,-0.6246,1.13,1.15,5.389,-0.5628,-1.555,-5.646,-14.28,2.266,7.132,6.327,1.273,-7.644,-3.085,-3.287,2.532,2.581,-3.902,12.99,2.542,-0.19,-1.743,-2.492,2.482,-0.6052,0.1816,0.8325,1.781,-0.8773,-3.531,-1.932,6.505,4.679,3.207,-1.839,2.442,5.05,5.07,3.829,-6.109,-3.204,-0.0563,5.642,6.624,-0.2528,-5.577,1.552,2.765,3.105,-10.4,-2.491,-7.205,2.643
1597,1.01,3.545,-2.907,1.363,-0.0402,0.0205,1.13,1.15,2.7,-1.096,-2.553,-3.796,-15.57,3.894,7.06,6.827,1.037,-5.866,-4.195,-3.217,0.7348,2.244,-1.501,14.36,3.369,-0.1766,-0.6659,-1.715,0.1852,-4.624,1.975,1.359,0.8925,1.226,-1.903,-0.3619,9.02,3.074,4.368,-2.604,1.522,5.05,5.07,5.648,-6.297,-4.252,1.272,8.307,7.954,-2.596,-4.201,0.3464,4.484,2.648,-9.135,-3.263,-4.05,2.2
1598,1.01,1.419,-2.807,3.376,0.9199,-2.084,1.13,1.15,2.185,0.7676,-4.107,-4.731,-17.12,3.898,3.73,3.804,-1.738,-5.265,-5.118,-3.512,6.136,1.461,-0.9531,14.62,4.509,0.4181,-3.686,-1.224,2.696,-3.618,0.2195,2.868,1.155,-1.503,-1.9,0.8495,7.581,5.349,2.705,-2.762,3.457,5.05,5.07,1.746,-5.922,-5.503,-1.866,4.71,6.897,-3.057,-3.047,1.316,0.9324,2.959,-8.531,-6.347,-6.189,1.728
1599,1.01,4.8,-0.3119,2.804,1.873,-2.093,1.13,1.15,3.516,-1.719,-2.366,-1.332,-12.89,5.411,2.326,5.329,1.858,-6.417,-3.937,-2.656,2.972,1.607,-1.649,15.29,4.534,0.1718,-4.333,-4.368,2.293,-1.751,-0.3258,-0.2942,-0.1099,-0.4356,-3.365,-0.4071,3.59,4.058,2.344,-3.76,3.051,5.05,5.07,4.115,-2.222,-5.069,-0.2937,5.563,4.358,-5.004,-4.738,3.074,2.71,3.499,-10.27,-3.882,-7.281,4.14
1600,1.01,1.382,-4.262,3.789,-0.0183,-3.392,1.13,1.15,3.978,-1.134,-2.237,-1.364,-18.16,0.4332,6.013,7.929,1.664,-7.359,-6.176,-2.803,3.963,1.411,-2.053,15.36,5.311,2.9,-3.63,-1.471,2.652,-2.095,0.9803,0.1028,-0.8377,-0.6712,-3.911,-0.6474,5.224,6.087,2.671,-3.27,4.387,5.05,5.07,2.881,-1.755,-5.496,-1.827,6.2,8.707,-0.0722,-3.458,2.415,2.702,2.778,-10.05,-3.93,-1.612,-0.3321
1601,1.01,1.46,-2.396,4.16,0.4084,1.771,1.13,1.15,0.2112,1.615,-2.475,-3.735,-19.0,2.926,5.304,5.727,1.385,-8.141,-2.13,-3.998,0.8495,1.576,-0.6648,13.32,1.92,1.31,-6.83,-2.539,0.8203,-2.611,-1.056,0.1642,-1.864,0.4983,-1.564,-1.403,5.917,6.516,1.971,-2.004,1.167,5.05,5.07,3.138,-1.913,-5.256,0.2797,5.684,7.401,-3.853,-5.386,2.269,2.281,2.802,-9.77,-3.348,-3.546,1.815
1602,1.01,2.465,6.439,3.969,-0.4568,-2.061,1.13,1.15,2.989,0.7033,-2.787,-4.416,-16.09,1.879,6.201,8.762,2.385,-6.846,-2.434,-1.098,-0.4175,-1.598,-1.312,12.25,4.642,-0.3659,-1.165,-3.393,0.0969,-2.832,1.26,0.5267,-0.2317,-1.439,-3.561,-2.131,7.871,9.398,1.034,0.5448,0.6806,5.05,5.07,3.401,-5.412,-6.63,-0.2916,4.607,8.388,-5.55,-3.817,2.596,5.157,2.583,-9.434,-5.986,-5.938,3.486
1603,1.01,0.7405,-2.686,2.115,0.7232,-0.4558,1.13,1.15,3.359,2.869,-1.443,-4.717,-13.64,0.8834,3.875,4.877,0.7701,-6.344,-4.432,0.0569,1.245,-0.286,-3.073,14.59,4.504,-1.403,-3.835,-2.264,2.581,-1.283,-0.3736,1.24,1.246,-0.7992,0.8518,-0.7415,5.522,7.151,3.245,-3.498,3.466,5.05,5.07,2.285,-7.161,-5.22,-0.2493,5.499,7.572,-4.409,-3.24,2.064,0.0968,2.867,-11.58,-1.98,-7.206,3.284
1604,1.01,1.737,-1.369,3.109,0.0187,-1.228,1.13,1.15,5.345,1.376,-3.57,-2.822,-14.03,0.467,6.17,5.614,1.448,-8.965,-3.051,-3.026,1.058,0.3467,-0.3867,12.38,2.871,1.029,-0.2242,0.0742,2.157,-2.073,-1.901,1.453,-0.4644,-0.7183,-1.671,0.6079,8.122,5.371,2.062,-5.194,1.32,5.05,5.07,5.577,-5.188,-5.82,2.021,3.843,6.851,-4.414,-4.686,0.7628,2.597,3.415,-8.314,-3.211,-2.99,2.989
1605,1.01,1.989,-1.225,4.385,1.653,-2.505,1.13,1.15,5.392,1.22,-1.894,-4.919,-18.71,1.61,5.135,5.572,1.209,-8.613,-6.07,-3.526,-0.031,0.1602,-0.2518,12.96,3.118,-1.841,-5.273,0.9182,1.695,-2.536,-1.059,-0.0004,0.6772,1.702,-3.993,0.5807,6.559,2.984,3.85,-3.368,2.04,5.05,5.07,3.461,-3.423,-6.73,-0.2483,5.471,8.409,-2.57,-2.618,2.485,3.027,2.186,-9.698,-6.06,-5.321,1.781
1606,1.01,0.9062,1.103,4.856,1.076,-0.6337,1.13,1.15,3.155,1.066,-2.733,-3.446,-17.02,2.786,7.009,7.002,2.793,-6.178,-3.409,0.386,2.166,1.046,-0.4234,12.42,2.185,1.896,-1.384,-2.013,0.0335,-3.719,-1.9,0.8357,2.724,1.043,-1.404,1.516,1.847,5.897,3.794,-2.605,4.36,5.05,5.07,3.229,-2.746,-5.953,-0.3858,5.409,7.517,-1.416,-5.202,2.477,1.544,2.108,-7.317,-5.668,-6.644,1.951
1607,1.01,0.3311,-1.807,3.77,0.2208,0.1182,1.13,1.15,2.859,-0.4224,-1.449,-5.66,-12.77,2.52,9.015,5.925,1.298,-6.545,-4.323,-2.113,0.0224,1.246,-3.235,13.08,2.144,0.2804,-4.946,-2.014,0.4149,-1.985,-0.9804,0.0768,2.068,0.5727,-3.355,-3.298,6.038,6.985,2.154,-5.238,2.56,5.05,5.07,3.219,-3.115,-5.132,-2.401,2.327,7.608,-6.0,-3.311,1.785,-0.0186,2.76,-9.489,-4.46,-5.451,4.894
1608,1.01,3.239,-0.6675,5.073,-0.6295,-2.754,1.13,1.15,-0.2836,0.7538,-3.548,-7.068,-15.12,3.063,7.093,5.901,-0.7702,-8.094,-5.637,-2.904,2.657,1.239,-3.202,14.86,3.147,-1.931,-0.8273,-0.0145,-0.1297,-2.897,-0.6402,-1.386,-3.426,-0.4935,-2.375,-2.278,6.732,5.371,1.652,-5.837,3.466,5.05,5.07,5.147,-7.179,-4.916,0.8504,1.154,5.414,-2.216,-4.432,0.8089,4.61,2.177,-9.196,-5.924,-6.421,2.886
1609,1.01,2.328,-0.183,1.975,1.372,-0.9279,1.13,1.15,6.021,-0.005,-4.877,-2.102,-19.33,1.401,5.911,6.805,0.4,-7.656,-2.933,-0.384,4.155,0.4457,-2.03,13.7,2.314,-0.2222,-1.546,-2.912,3.232,-2.819,0.5861,0.4441,-1.275,-1.781,-2.694,-0.8707,5.998,5.302,3.706,-4.029,1.063,5.05,5.07,5.563,-8.057,-5.888,-0.8732,2.548,5.915,-1.524,-1.823,1.542,4.047,3.375,-8.685,-1.378,-3.604,5.461
1610,1.01,1.43,0.443,3.059,0.2269,-0.5479,1.13,1.15,3.101,0.2385,-2.433,-3.282,-15.25,1.521,5.508,4.707,-0.3746,-4.695,-4.123,-4.04,0.1807,0.3736,-4.759,13.56,3.094,-0.493,-1.933,-3.359,3.289,-5.805,1.612,1.37,0.1138,1.492,-2.703,0.6013,7.055,2.672,1.403,-2.334,1.147,5.05,5.07,5.597,-5.923,-6.74,-0.6656,4.777,9.014,-4.35,-2.481,-0.6287,2.155,3.991,-8.924,-6.622,-5.144,4.997
1611,1.01,3.393,-0.7159,1.061,0.7366,0.3075,1.13,1.15,3.489,3.246,-3.211,-3.299,-15.93,2.268,7.135,8.154,1.242,-5.853,-5.013,-3.898,4.747,-1.611,0.8263,12.62,2.194,2.699,-1.587,0.6367,3.427,-2.281,2.608,1.151,-0.9926,1.302,-3.102,-0.9145,5.803,5.679,5.923,-2.889,-2.65,5.05,5.07,2.233,-5.538,-4.267,1.752,3.9,10.46,-4.499,-2.225,0.4216,2.587,1.689,-9.856,-5.729,-3.742,2.048
1612,1.01,2.456,-3.266,1.826,1.079,-0.502,1.13,1.15,2.766,-0.4282,-0.7075,-2.496,-18.13,2.642,4.11,3.857,1.455,-6.983,-4.827,-4.572,0.1034,-0.4102,0.1637,14.22,7.089,-1.086,-2.882,0.0419,0.9875,-2.384,2.506,-0.1316,0.9989,-2.029,-3.068,-1.893,5.167,7.402,2.692,-1.108,0.4486,5.05,5.07,2.57,-3.73,-5.937,0.1237,5.446,8.66,-3.073,-8.318,1.757,0.3518,2.443,-10.17,-5.663,-5.714,2.7
1613,1.01,2.43,1.339,1.356,-1.232,-2.401,1.13,1.15,3.399,2.41,0.2946,-1.955,-16.47,1.95,6.119,4.306,3.963,-4.789,-4.395,-4.25,0.2974,0.7135,-5.346,13.07,4.7,-0.5938,-3.308,-4.149,0.308,-2.299,1.894,-1.63,1.773,-1.266,-4.233,-0.2527,6.963,5.406,3.352,-3.027,1.465,5.05,5.07,0.8904,-2.999,-4.277,-2.407,4.191,11.59,-5.879,-1.883,0.3838,3.433,1.018,-12.02,-5.498,-5.698,2.374
1614,1.01,1.356,1.191,4.691,-2.329,-0.5866,1.13,1.15,6.167,0.4822,-2.296,-1.462,-16.36,2.944,5.756,4.456,1.307,-8.137,-5.629,-2.771,2.733,-0.3459,0.0363,12.01,1.88,2.176,-3.404,-3.5,3.008,-0.7764,-0.307,-0.3946,1.926,-1.562,-3.033,-0.4383,7.441,6.724,6.345,0.116,1.537,5.05,5.07,6.044,-3.968,-3.515,2.816,2.904,9.273,-4.989,-2.39,1.871,5.448,3.941,-6.925,-4.751,-11.03,4.02
1615,1.01,3.294,0.616,1.661,0.9294,-1.94,1.13,1.15,6.379,2.406,-2.728,-1.704,-16.14,4.03,8.971,8.642,2.701,-5.029,-5.074,-3.108,2.854,0.6775,-3.207,12.62,3.006,0.5909,-0.3003,0.3965,3.094,-2.366,1.245,-2.738,-0.1337,-1.648,-4.188,-1.929,6.157,5.083,2.643,-5.714,2.413,5.05,5.07,3.798,-3.311,-4.919,-3.971,4.455,7.509,-3.093,-4.985,-0.5701,3.764,0.9269,-11.51,-5.403,-8.95,0.7015
1616,1.01,0.3457,3.161,3.965,-0.0285,-0.5906,1.13,1.15,3.912,0.2255,-1.334,-1.843,-17.21,3.694,4.864,7.06,4.535,-6.643,-6.464,-0.0052,0.0229,1.651,0.2312,15.37,4.506,-1.696,-1.466,-1.72,4.492,-1.777,-0.5148,0.2135,-0.3912,0.7689,-1.706,-1.235,7.103,6.308,1.604,-0.2932,2.153,5.05,5.07,8.673,-3.731,-4.978,-1.306,4.158,13.15,-4.948,-6.862,1.855,1.778,1.71,-10.22,-7.282,-7.346,1.871
1617,1.01,1.111,-1.26,5.267,-4.741,0.5718,1.13,1.15,4.859,0.5543,-4.196,-3.71,-15.41,3.142,6.502,5.863,2.67,-5.416,-2.982,-2.903,1.106,4.719,-3.005,11.47,2.694,-0.4008,-1.123,-0.5317,1.764,-2.293,0.4873,0.28,-1.057,-2.239,-0.3417,-1.131,6.422,5.003,2.981,-2.586,0.1186,5.05,5.07,3.79,-1.877,-5.974,-0.0085,4.579,7.317,-2.787,-4.662,0.5776,2.034,2.046,-10.66,-4.681,-7.549,1.762
1618,1.01,1.58,-2.593,3.844,-0.1299,-2.598,1.13,1.15,2.79,0.1282,-2.219,-4.121,-17.96,2.876,4.018,4.074,0.3258,-5.996,-5.004,-3.727,2.052,2.829,-3.429,11.58,4.155,1.93,-1.987,-2.122,1.69,-1.687,4.095,1.135,0.0276,-2.687,-2.992,-1.44,6.184,6.218,1.937,-2.585,1.672,5.05,5.07,4.038,-5.036,-3.354,0.4395,6.216,7.926,-2.387,-4.314,1.387,1.65,2.598,-10.26,-5.366,-2.723,2.058
1619,1.01,3.576,-1.942,4.47,2.076,-0.1326,1.13,1.15,4.128,3.469,-2.509,-6.241,-15.31,2.979,3.67,5.763,0.8961,-5.763,-5.34,-2.668,1.121,0.1727,0.1747,13.13,3.102,1.596,-1.616,-1.006,3.355,-3.699,-0.9077,-2.049,-0.917,-1.031,-2.287,0.7354,5.783,5.538,2.963,-2.779,1.828,5.05,5.07,4.023,-5.18,-7.761,-0.5516,2.426,9.306,-5.292,-3.077,1.219,3.66,2.158,-8.704,-1.229,-8.622,2.607
1620,1.01,1.378,-1.934,1.678,1.947,-0.7991,1.13,1.15,4.414,0.8685,-4.348,-3.053,-15.98,0.9919,8.136,8.943,1.547,-6.356,-3.807,-1.235,-0.8479,-0.4727,0.8598,13.85,2.608,-2.007,-1.587,-2.67,1.484,-1.43,1.108,-0.0642,0.7411,0.8187,-3.912,-0.0819,6.937,5.092,1.164,-3.997,3.884,5.05,5.07,6.367,-2.286,-7.24,0.4758,5.658,11.11,-4.005,-4.088,1.824,5.452,0.1555,-10.08,-2.648,-3.156,2.964
1621,1.01,1.141,-6.381,3.509,0.9007,-1.044,1.13,1.15,2.875,0.3362,-1.106,-5.354,-16.21,0.6988,5.687,6.88,0.2416,-5.764,-4.246,-2.318,2.279,1.333,-1.059,14.34,3.641,-0.1092,-3.498,-1.371,2.447,0.4116,-0.1083,-0.8576,-1.03,-0.7724,-3.699,-1.258,5.79,6.223,1.75,-2.26,3.191,5.05,5.07,1.26,-3.384,-3.886,-0.9464,2.93,7.047,-5.226,-4.035,0.8161,3.811,1.241,-10.58,-4.652,-3.703,1.336
1622,1.01,2.28,-0.8325,5.234,-0.5561,-2.415,1.13,1.15,2.372,1.396,-2.312,-0.8223,-15.5,1.299,4.265,6.932,0.5484,-8.197,-5.127,-0.2876,-1.183,0.3187,-3.78,14.73,2.852,0.7504,-2.981,-0.3537,2.944,-3.113,0.5685,-0.5176,1.505,0.5976,-0.9229,-1.05,8.312,3.91,5.239,-3.786,1.408,5.05,5.07,2.642,-0.7083,-6.307,-1.445,5.388,8.162,-5.036,-8.252,1.845,1.01,-0.234,-9.887,-3.441,-8.955,3.121
1623,1.01,2.074,-2.585,4.496,-0.3879,-1.173,1.13,1.15,4.79,0.9109,-3.066,-5.034,-14.54,3.084,5.937,6.643,1.335,-4.595,-4.893,-4.353,1.376,-1.32,-1.033,13.15,5.919,4.269,-1.878,-3.024,1.689,-1.364,-1.02,-1.682,-1.349,-1.06,-3.006,-2.389,6.292,5.995,1.558,-3.5,0.1017,5.05,5.07,2.391,-5.588,-7.773,3.193,5.869,10.94,-5.206,-2.508,2.105,5.351,2.189,-10.01,-2.554,-6.33,4.035
1624,1.01,2.899,0.2199,2.426,-1.67,0.9132,1.13,1.15,3.9,1.763,-4.11,-3.481,-16.59,1.112,6.07,6.006,2.637,-7.182,-4.618,-3.345,2.904,2.439,0.0736,12.35,4.049,-0.4991,-2.204,-1.574,1.759,-3.338,-3.553,-0.689,1.289,-2.733,-1.474,-1.879,5.112,6.317,3.183,-0.5566,3.452,5.05,5.07,4.685,-2.291,-3.213,-0.0494,1.038,6.871,-5.941,-3.376,0.5413,2.826,3.735,-12.05,-4.141,-7.657,1.837
1625,1.01,0.8712,-1.379,4.1,-0.1645,-1.378,1.13,1.15,5.776,1.26,-2.362,-4.186,-17.23,1.54,2.336,6.038,-0.815,-5.198,-3.548,-2.742,-0.5079,2.094,-2.167,12.26,4.717,-1.347,-3.129,-4.265,0.4083,-1.044,1.685,1.529,-2.645,1.315,-3.556,0.1895,6.895,4.603,1.79,-0.5849,3.632,5.05,5.07,3.576,-1.562,-3.923,-1.824,5.877,8.358,-5.241,-5.162,0.0257,3.023,2.892,-8.871,-4.305,-3.338,2.747
1626,1.01,2.415,-3.231,-0.4018,-1.421,-2.527,1.13,1.15,1.11,1.392,-2.777,-3.107,-15.75,1.729,6.087,3.912,1.362,-4.874,-0.9895,-1.388,4.929,0.6051,0.2906,12.13,2.005,1.059,-2.231,-0.9294,1.975,-3.603,-1.195,-3.161,0.6362,-1.114,-4.171,-1.887,5.744,4.782,1.349,-5.019,1.601,5.05,5.07,5.297,-2.232,-3.752,-2.851,4.116,9.615,-2.771,-4.071,0.247,2.647,1.559,-9.944,-5.328,-3.924,2.645
1627,1.01,2.555,-1.086,3.267,1.749,-1.179,1.13,1.15,3.659,0.8261,-0.0909,-4.465,-16.41,3.734,5.179,4.24,0.2647,-8.886,-4.779,-4.197,0.187,2.333,-1.206,12.36,4.154,0.3143,-2.96,-1.225,3.006,-2.082,-0.6701,-0.6347,-0.0904,0.8579,-1.459,-0.1897,5.265,5.448,2.768,-4.849,-1.309,5.05,5.07,2.807,-2.543,-6.899,-0.8382,2.584,8.721,-3.186,-0.1651,0.8132,0.3639,3.505,-10.94,-3.066,-3.568,3.813
1628,1.01,2.497,-3.109,3.868,0.143,-2.331,1.13,1.15,1.408,0.5274,-1.657,-4.043,-18.58,1.708,7.841,7.579,3.525,-6.088,-1.719,-1.272,0.7838,0.2333,-2.866,14.45,2.256,1.239,-3.361,-1.718,0.8875,-0.078,-1.084,-1.604,-1.939,1.713,-2.96,-0.7755,6.7,4.473,1.569,-3.444,0.9947,5.05,5.07,2.51,-2.492,-5.271,1.895,1.707,7.072,-5.262,-3.418,2.384,2.296,2.279,-11.08,-5.743,-6.415,3.473
1629,1.01,1.328,-0.652,1.478,-2.638,1.715,1.13,1.15,1.664,0.9857,-1.604,-4.917,-18.24,1.573,7.953,6.988,2.003,-7.315,-3.955,-3.717,1.669,2.659,-1.531,15.09,4.084,-1.166,-2.509,0.3084,3.433,-4.907,0.0064,-1.375,2.311,0.4287,-2.771,0.3296,5.762,6.268,2.395,-3.853,4.032,5.05,5.07,4.357,-2.949,-5.004,-0.7855,4.934,5.811,-1.621,-2.721,3.355,2.198,2.317,-8.735,-4.554,-7.04,1.923
1630,1.01,1.248,0.191,4.259,-1.208,-0.7419,1.13,1.15,4.523,2.735,-0.1078,-2.955,-15.3,2.795,8.892,5.05,0.4328,-4.122,-4.124,-2.964,2.963,-0.7385,-0.7413,12.36,3.026,-0.4819,-2.401,-3.251,1.553,-0.6477,-1.276,2.603,-0.5465,-0.1864,-2.131,-1.978,6.749,3.416,0.9964,-6.176,1.274,5.05,5.07,2.588,-1.455,-2.381,-0.0404,4.644,10.4,-2.566,-5.116,1.107,3.507,3.407,-11.84,-5.41,-5.04,4.95
1631,1.01,0.7248,0.3747,3.534,-2.421,0.2735,1.13,1.15,0.546,2.528,-2.812,-1.85,-16.59,2.976,6.357,6.746,2.241,-8.279,-4.583,-2.402,0.7305,1.011,-4.902,14.08,4.589,-1.089,-0.5446,-1.497,0.4342,-2.561,-4.629,-0.363,-1.989,0.3343,-2.826,-2.399,6.75,5.394,0.7163,-5.726,1.531,5.05,5.07,5.67,-4.132,-5.447,0.2579,4.858,6.737,-1.748,-4.094,0.4549,4.057,2.604,-10.83,-3.357,-2.392,0.6731
1632,1.01,3.737,2.495,0.3682,-1.752,-1.682,1.13,1.15,4.56,-1.581,-2.252,-4.113,-18.21,1.116,5.775,4.539,1.727,-6.631,-6.465,-4.065,1.045,0.8878,-2.997,13.86,4.035,1.225,-4.403,-0.604,-0.551,-1.393,3.52,1.669,-2.092,-2.396,-1.541,0.0255,6.297,6.015,2.57,-1.387,3.636,5.05,5.07,2.449,-1.873,-6.189,-2.291,2.46,8.279,-3.035,-3.011,0.9471,-0.7365,3.202,-10.18,-6.119,-4.169,2.614
1633,1.01,-0.5757,1.719,4.627,-0.4853,0.6335,1.13,1.15,3.068,0.921,-1.492,-4.102,-17.18,3.025,6.382,6.911,0.4747,-2.955,-4.674,-4.714,1.472,-1.278,-2.27,13.14,3.288,1.478,-4.128,-3.648,1.657,-1.993,-0.2414,1.392,-0.823,-0.4501,-2.694,-1.679,4.641,4.0,3.486,-1.266,0.5357,5.05,5.07,2.909,-1.094,-3.86,-1.209,5.143,4.571,-3.819,-4.839,2.173,4.865,2.537,-10.55,-4.511,-5.548,3.647
1634,1.01,1.114,-3.171,4.023,-0.6269,-2.57,1.13,1.15,4.759,1.368,-2.426,-5.146,-16.75,3.472,5.6,4.804,1.742,-4.761,-2.397,-0.585,3.784,-0.8982,-1.692,15.23,2.015,0.1141,-3.249,-0.5347,4.318,-1.502,-0.5896,0.0019,-0.2104,-0.493,-3.721,0.5057,6.775,7.404,3.34,-2.976,0.908,5.05,5.07,4.451,-5.005,-5.165,0.2338,3.141,9.582,-0.3549,-5.955,1.92,3.325,1.346,-10.08,-2.534,-2.82,4.069
1635,1.01,-0.2617,-0.087,3.332,-0.0554,0.6648,1.13,1.15,6.574,1.738,-0.8795,-3.216,-16.37,3.526,4.797,5.206,2.595,-5.999,-4.392,-2.009,1.581,5.044,-1.572,14.29,4.102,-0.5642,-3.179,-3.321,2.874,-3.731,-0.5694,-1.276,0.9323,-0.4436,-2.792,-1.346,6.237,2.743,0.5427,-4.627,0.1202,5.05,5.07,5.45,-4.244,-5.469,0.791,5.436,9.863,-3.041,-3.834,-0.3133,0.8874,3.654,-10.14,-3.643,-6.605,4.579
1636,1.01,1.666,-1.281,4.887,-1.132,-0.8347,1.13,1.15,4.912,0.5726,-3.911,-3.648,-15.27,2.74,6.422,5.621,2.276,-4.552,-4.868,-1.256,3.306,0.9364,-1.026,13.87,4.94,-0.0141,-2.712,0.4005,-1.081,-0.8666,-2.081,0.4599,0.2283,2.947,-5.376,-0.2576,5.994,6.336,2.868,-5.865,0.9718,5.05,5.07,5.552,-5.001,-5.291,0.9186,6.403,5.199,-5.128,-5.366,2.794,4.287,2.096,-10.9,-3.841,-3.459,2.813
1637,1.01,0.3132,3.359,2.548,-0.3903,-1.755,1.13,1.15,2.915,-1.495,-1.46,-5.212,-15.82,2.553,5.802,5.749,3.803,-7.968,-2.666,-1.436,2.909,-0.9289,-1.939,13.38,3.037,-0.2054,-3.764,-1.771,3.854,-4.378,-3.638,-0.176,-0.7467,0.7853,-2.648,-1.548,6.06,6.48,3.266,-3.578,-0.2931,5.05,5.07,3.066,-4.123,-7.843,0.4253,3.076,11.23,-3.522,-5.596,3.623,1.63,1.588,-10.58,-4.747,-2.456,4.146
1638,1.01,-0.2201,-4.868,4.432,0.188,0.4707,1.13,1.15,2.11,1.986,-2.765,-3.597,-16.32,2.148,4.96,5.0,2.174,-5.509,-4.931,-4.12,3.115,0.2695,-0.479,14.66,4.124,1.674,0.0607,-2.868,2.724,0.5375,3.231,-1.134,0.3411,-2.494,-3.703,-0.7278,6.679,4.258,3.268,-4.384,-1.344,5.05,5.07,5.838,-7.155,-5.71,-0.4231,3.146,8.47,-4.516,-7.649,-0.8467,4.892,1.924,-9.82,-4.646,-5.588,2.827
1639,1.01,2.649,2.399,4.921,-0.1777,-1.34,1.13,1.15,3.758,0.4179,-2.365,-4.482,-16.47,1.713,4.275,4.055,1.759,-7.265,-3.075,-2.201,-0.8783,0.7816,0.9073,13.92,3.607,-1.061,-1.306,-3.439,2.086,-1.108,-0.535,-0.1924,1.145,0.8979,-4.29,0.5064,5.594,5.842,5.345,-6.12,2.702,5.05,5.07,6.111,-4.508,-5.804,-1.003,3.382,12.01,-3.224,-6.561,0.0193,4.291,-0.596,-9.171,-6.69,-7.472,1.139
1640,1.01,2.244,-2.606,4.665,-1.06,-1.798,1.13,1.15,4.131,2.413,-1.229,-2.755,-14.69,3.075,6.331,7.59,1.959,-5.207,-3.066,-2.226,4.087,-0.4938,-1.435,14.65,2.907,-2.403,-0.66,-2.437,3.073,-2.903,1.156,2.751,1.185,-1.035,-1.454,-1.012,5.812,5.717,3.673,-2.92,-1.072,5.05,5.07,3.085,0.3497,-5.752,1.468,4.711,6.057,-1.351,-6.139,1.952,3.265,2.584,-11.37,-7.262,-6.064,2.354
1641,1.01,1.713,-0.1897,1.632,1.122,-2.771,1.13,1.15,4.163,0.555,1.104,-4.143,-15.4,4.427,5.485,1.47,1.991,-6.838,-4.018,-3.924,2.168,2.973,-3.576,15.84,2.728,2.359,0.2181,-1.115,1.565,-3.024,1.106,0.5243,-0.5634,-1.34,-4.867,-2.627,4.174,4.514,2.949,-2.026,1.441,5.05,5.07,4.468,-0.6634,-6.324,-0.7565,4.429,7.521,-2.254,-1.398,1.05,1.246,3.465,-10.93,-5.367,-6.089,2.89
1642,1.01,2.561,-1.611,3.435,2.532,-1.933,1.13,1.15,6.759,2.64,-0.8138,-3.659,-17.9,3.821,5.618,6.768,-0.1343,-5.76,-5.457,-4.52,1.135,1.187,-4.907,12.82,5.713,-1.552,-1.901,-0.2446,1.397,-0.8868,-1.961,0.3072,-1.982,-4.504,-3.501,1.263,5.238,4.88,3.665,-3.345,1.899,5.05,5.07,4.049,-3.521,-5.02,0.843,6.719,7.657,-4.581,-9.588,0.1225,3.683,0.7404,-9.693,-4.056,-6.647,2.393
1643,1.01,2.945,-3.225,3.267,0.4919,0.1651,1.13,1.15,4.89,1.129,-3.813,-2.599,-17.25,2.498,8.487,6.646,2.748,-6.634,-4.212,-2.163,1.244,0.4143,-0.609,12.76,2.606,1.432,-3.138,-1.37,0.8862,-2.22,-0.9911,-1.246,-1.344,-1.989,-2.462,0.4777,4.579,5.679,0.2886,-3.687,3.211,5.05,5.07,2.038,-2.334,-3.123,-0.5341,2.675,10.64,-5.207,-6.558,1.605,2.253,1.529,-9.249,-6.474,-8.092,2.951
1644,1.01,0.4741,-2.744,1.905,5.004,-2.013,1.13,1.15,2.646,2.174,-1.821,-2.763,-14.75,1.687,5.964,4.024,0.3017,-6.056,-5.363,-3.321,2.504,-0.8691,-5.741,15.23,2.481,-2.73,-2.209,-2.693,2.958,-1.75,-2.888,-2.142,-1.523,2.473,-2.693,-0.4882,5.945,7.047,2.645,-4.915,1.876,5.05,5.07,3.466,-3.149,-5.186,-1.161,1.865,6.668,-5.058,-3.578,4.519,4.141,1.438,-10.73,-3.24,-3.61,2.915
1645,1.01,1.945,-1.714,1.007,-3.018,-0.8623,1.13,1.15,6.918,3.179,-1.229,-5.024,-14.67,3.282,5.86,7.394,2.412,-6.101,-2.486,-3.079,4.151,1.361,-1.236,13.55,2.312,0.0724,-7.278,-2.893,1.684,-4.567,-4.518,-0.9985,-0.6278,-2.07,-4.152,0.4299,6.699,6.241,1.582,-3.365,-2.721,5.05,5.07,4.537,-9.187,-3.37,-1.723,5.148,7.796,-3.356,-4.494,0.8294,3.897,2.246,-10.94,-5.438,-7.918,4.083
1646,1.01,2.64,-2.357,1.224,-1.167,-1.231,1.13,1.15,4.335,1.261,-4.278,-4.565,-17.55,1.428,4.516,4.912,0.7974,-6.32,-5.103,-2.446,1.895,-0.4401,1.056,13.69,5.726,1.031,-5.857,-0.5398,2.218,-4.434,-0.4578,1.336,-0.7686,0.9366,-2.001,-0.6542,8.121,5.933,1.473,-4.169,0.9935,5.05,5.07,-0.1628,-4.438,-8.898,0.178,2.606,6.927,-4.93,-7.585,0.6055,3.833,2.435,-9.766,-4.757,-8.274,2.023
1647,1.01,0.4887,-2.981,0.6571,1.077,-0.1141,1.13,1.15,2.913,0.2317,-3.404,-4.745,-15.09,3.401,6.866,5.932,-0.3883,-5.683,-6.82,-2.84,0.4664,2.461,-3.724,13.83,5.385,-0.6683,-3.11,-2.578,-1.075,-2.47,2.24,-1.586,-0.9496,-2.21,-3.364,-1.334,5.904,6.393,5.103,-6.217,1.865,5.05,5.07,1.929,-2.058,-3.026,-0.3934,7.745,8.979,-3.824,-10.47,2.414,2.825,4.691,-10.35,-3.983,-5.527,1.4
1648,1.01,2.438,0.4005,3.322,-2.611,-0.2549,1.13,1.15,5.177,2.819,-4.795,-3.683,-16.15,2.909,4.675,6.023,0.8983,-6.684,-3.971,-2.755,1.586,1.618,-3.468,16.38,3.184,1.698,-3.307,-0.2502,1.312,-4.097,0.0951,-1.585,1.568,0.4946,-3.296,-0.3854,6.244,4.906,2.747,-4.756,0.522,5.05,5.07,3.163,-7.752,-6.088,-1.314,3.742,6.414,-1.942,-2.8,1.765,0.1557,4.381,-9.3,-5.019,-5.369,3.099
1649,1.01,2.8,-5.26,2.331,1.914,-0.7136,1.13,1.15,5.419,-1.141,-1.888,-3.168,-18.19,1.487,6.013,5.006,1.041,-4.912,-3.079,-4.276,2.237,1.282,-2.552,13.17,2.62,-0.2196,-1.981,-2.005,1.578,-2.179,-0.2582,-0.8042,-2.178,-3.244,-6.269,-0.1491,7.488,7.19,7.251,-2.58,1.365,5.05,5.07,2.029,-8.04,-6.693,-0.4311,5.673,7.687,-5.701,-5.609,0.505,4.262,3.733,-9.562,-4.606,-10.48,3.231
1650,1.01,1.258,3.888,5.095,2.304,1.043,1.13,1.15,0.3412,0.3838,-4.199,-3.294,-17.03,2.321,3.744,7.574,1.722,-6.398,-5.028,-1.742,3.645,1.601,-2.206,12.75,2.123,0.8735,-3.667,-3.098,2.801,-2.92,0.4115,0.4948,-1.295,-0.1367,-2.744,0.2722,7.666,6.22,1.463,-3.045,-0.8222,5.05,5.07,1.692,-4.533,-8.469,-1.615,4.727,6.092,-4.694,-2.657,1.188,1.24,2.995,-10.13,-5.329,-4.142,3.881
1651,1.01,1.443,-1.56,1.787,-1.3,-1.768,1.13,1.15,5.086,2.03,-2.09,-3.684,-13.0,2.433,7.288,7.447,1.198,-6.896,-6.868,-0.3085,0.2202,-1.043,-3.677,14.55,3.141,-0.4143,-4.104,-1.936,2.196,-1.473,2.624,-1.561,1.841,0.3386,-1.388,-0.9876,6.706,5.827,4.999,-2.087,0.9126,5.05,5.07,3.921,-3.811,-6.552,1.617,4.071,5.223,-3.223,-5.035,0.6665,4.623,0.9775,-9.878,-2.145,-5.644,0.6305
1652,1.01,1.497,-4.567,3.587,4.992,-2.221,1.13,1.15,3.531,1.233,-2.787,-2.723,-17.3,2.898,6.462,6.918,3.927,-7.73,-1.367,-3.316,1.449,1.286,-0.522,12.68,1.776,-2.132,-3.753,-1.686,2.656,-2.667,-2.213,-1.762,-0.0872,2.859,-3.097,-1.453,6.885,3.325,3.077,-4.925,1.607,5.05,5.07,3.353,-5.388,-6.804,-1.193,3.723,10.29,-2.594,-1.528,-2.536,0.5252,5.077,-10.99,-3.889,-4.301,4.574
1653,1.01,2.832,-7.175,3.356,-1.588,-0.7781,1.13,1.15,2.326,0.9891,-2.41,-1.886,-15.83,0.9045,7.136,8.501,0.0664,-5.859,-2.729,-3.788,4.131,0.6546,-1.786,13.83,3.542,-1.006,-2.347,-1.572,0.2926,-2.76,1.086,0.8514,2.204,0.3228,-1.244,-2.295,6.297,6.772,5.166,-1.697,1.176,5.05,5.07,3.671,-4.921,-5.874,-2.648,4.022,4.719,-6.289,-1.477,-0.6462,3.901,2.012,-10.49,-2.593,-7.275,1.633
1654,1.01,2.497,-1.726,3.359,1.409,-1.292,1.13,1.15,1.407,-0.5573,-2.417,-3.999,-17.32,2.173,3.54,8.527,1.316,-8.383,-4.384,-3.681,0.652,-0.8091,-1.31,14.01,3.857,0.102,-4.062,-1.446,-0.5255,-1.064,-2.266,0.6913,0.0247,-1.942,0.3171,-0.8062,6.131,4.029,5.008,-0.1959,2.113,5.05,5.07,3.561,-0.7091,-7.675,-1.873,3.908,10.08,-3.615,-4.508,-0.0741,-0.426,3.037,-9.918,-4.538,-4.058,2.791
1655,1.01,-0.0609,0.1606,-0.6725,0.6011,1.482,1.13,1.15,3.861,0.398,-3.0,-6.415,-13.18,1.005,6.564,7.373,2.874,-8.591,-5.361,-0.1803,4.451,0.1336,-0.3473,14.4,3.933,-1.866,-1.711,-2.549,-1.475,-2.175,0.3268,-1.027,-2.466,-0.0887,-1.128,-0.9578,4.234,3.721,4.154,-1.955,4.477,5.05,5.07,3.362,-4.526,-4.321,2.264,3.886,7.263,-4.766,-2.252,2.667,4.295,1.525,-9.529,-2.99,-2.35,1.647
1656,1.01,0.5635,0.3389,-0.3077,-0.1084,-1.298,1.13,1.15,3.015,-0.7743,-1.444,-5.03,-15.52,1.704,5.92,7.53,0.9625,-6.654,-3.54,-3.164,3.143,1.541,-3.556,12.25,4.878,-0.3953,-2.202,-0.127,1.774,-3.842,-0.4232,1.525,-1.174,1.159,-2.787,-0.164,5.319,5.333,1.213,-4.952,-1.082,5.05,5.07,4.303,-4.108,-5.238,2.311,5.174,6.717,-4.334,-4.663,1.708,0.7724,2.372,-10.31,-3.22,-6.882,1.02
1657,1.01,2.228,-2.554,2.55,-1.477,-1.389,1.13,1.15,4.549,-1.555,-2.11,-6.557,-12.79,0.6424,5.47,6.811,-1.25,-5.729,-5.772,-3.351,2.916,1.769,-5.202,15.06,4.214,-1.19,-1.742,-3.245,0.7777,-3.507,1.283,1.457,0.634,-1.023,-4.178,1.718,8.071,4.703,4.177,-4.077,-0.0362,5.05,5.07,4.603,-6.263,-3.297,0.2709,5.703,10.25,-6.543,-6.205,0.9889,2.93,2.25,-10.49,-4.337,-9.376,2.549
1658,1.01,3.461,-0.9741,3.996,1.884,-3.877,1.13,1.15,4.152,-0.249,-3.922,-5.131,-15.58,1.062,4.017,5.89,0.6391,-6.43,-3.413,-2.111,1.934,0.9925,-3.706,12.64,4.574,1.134,1.024,-1.205,-0.007,0.3407,2.495,0.215,-1.175,0.4424,-0.7071,-2.144,4.297,5.554,0.4439,-1.529,1.131,5.05,5.07,4.467,-3.417,-4.858,-1.682,4.528,8.712,-3.47,-2.819,0.864,2.673,3.292,-9.729,-5.294,-7.338,0.822
1659,1.01,2.575,-0.2176,3.854,1.214,-1.08,1.13,1.15,5.609,1.288,-2.082,-2.739,-14.72,2.542,7.558,6.51,3.277,-7.377,-4.423,-0.4932,1.785,3.048,-1.46,16.46,2.299,2.755,-1.77,-3.139,1.609,-2.175,0.1229,0.2825,1.068,0.722,-3.395,-1.121,6.384,4.014,1.539,-3.703,1.573,5.05,5.07,3.815,-5.029,-5.237,0.9418,5.473,8.681,-4.943,-4.398,0.8499,2.34,1.237,-10.88,-4.875,-6.873,2.843
1660,1.01,3.46,-0.8106,5.053,0.2951,-0.5041,1.13,1.15,3.307,0.9153,-2.048,-0.4504,-16.6,2.732,7.914,5.495,2.112,-7.512,-2.324,-2.359,2.183,0.4698,-0.1256,14.59,1.95,1.195,-4.097,1.289,1.709,-1.236,0.1766,0.9011,-0.0278,0.6127,-3.536,-1.15,5.833,5.057,1.054,-3.145,-0.6936,5.05,5.07,5.453,-8.805,-3.812,0.3819,5.599,10.46,-4.932,-5.524,1.773,4.623,2.179,-11.64,-3.757,-9.465,4.077
1661,1.01,0.4697,1.469,3.45,0.0325,-2.573,1.13,1.15,3.649,0.8277,-2.976,-5.43,-15.32,3.265,4.917,7.507,0.3967,-5.454,-3.443,-4.453,4.233,-0.3501,-1.787,14.19,2.074,-2.182,-2.332,-0.0659,2.542,-1.581,0.4028,1.366,1.058,0.171,-4.349,1.196,4.417,5.198,1.536,-5.209,-1.612,5.05,5.07,1.459,-2.988,-4.965,-1.111,4.457,5.517,-2.252,-3.069,1.25,1.676,2.851,-8.52,-5.796,-4.659,3.549
1662,1.01,1.979,-3.696,0.7253,0.7267,-0.8639,1.13,1.15,4.68,2.053,-2.872,-4.788,-16.1,0.3184,4.607,5.221,3.961,-4.087,-4.131,-3.142,2.192,2.474,-1.686,15.13,4.858,-1.299,-2.65,-1.346,-0.1077,0.1049,1.58,-1.523,-2.836,-2.247,-0.8171,-1.025,4.754,3.99,1.553,-4.224,-0.2734,5.05,5.07,-0.4146,-4.507,-5.303,-0.6236,6.266,12.14,-6.037,-6.777,0.7015,3.194,3.057,-9.66,-4.978,-8.388,1.538
1663,1.01,0.0939,-3.532,4.795,-1.387,-1.268,1.13,1.15,3.854,1.639,-5.301,-4.035,-15.97,1.659,6.192,5.142,-0.3005,-7.177,-3.721,-2.431,2.149,-0.3064,-2.017,13.77,4.394,-1.809,-2.557,-3.602,3.6,-2.726,-3.437,2.603,-0.0541,-0.1507,-4.571,-2.341,4.713,4.668,2.874,-3.059,1.62,5.05,5.07,2.757,-1.998,-7.731,-3.991,7.474,11.4,-3.093,-5.069,1.176,2.383,0.4035,-11.18,-5.671,-3.402,3.343
1664,1.01,2.075,-2.776,5.167,3.647,-2.297,1.13,1.15,4.216,1.072,-3.402,-2.976,-15.05,1.368,6.115,6.359,0.7452,-8.396,-4.88,-4.169,1.678,1.536,-2.998,15.61,2.773,-1.734,-2.419,-1.661,2.068,-3.539,0.622,0.4153,0.2453,-0.8197,-4.515,-1.195,7.764,2.722,2.094,-1.183,0.6075,5.05,5.07,5.807,-3.325,-3.9,-0.7541,4.942,5.859,-1.497,-1.504,1.027,2.377,2.218,-9.525,-4.076,-6.215,1.757
1665,1.01,0.0318,-1.766,4.088,1.99,-1.381,1.13,1.15,3.479,-0.9545,-3.796,-3.852,-19.16,2.523,5.921,7.902,1.508,-8.438,-5.026,-1.749,3.075,1.487,-1.144,12.76,4.388,3.06,-3.77,-0.5035,1.749,-2.609,-3.979,-0.1076,-1.193,-0.3851,-1.134,-0.5901,6.238,4.447,1.967,-2.628,-1.156,5.05,5.07,3.923,-0.5473,-2.465,-1.825,4.504,9.647,-6.429,-5.087,2.644,3.056,4.116,-11.75,-3.841,-8.927,2.064
1666,1.01,0.4953,0.9996,1.992,0.022,-1.636,1.13,1.15,3.546,0.8265,-2.136,-3.324,-14.98,1.897,6.407,4.523,1.677,-7.886,-5.444,-2.62,2.831,1.061,-2.562,11.89,1.904,-0.69,-3.834,-0.4246,1.658,-3.982,-1.876,-1.004,-1.272,0.8326,-1.77,-1.272,6.695,6.143,0.5216,-5.498,-0.6136,5.05,5.07,4.413,-4.699,-6.294,0.2675,5.396,0.6756,-3.729,-3.919,1.905,4.39,2.765,-10.8,-3.623,-7.616,2.89
1667,1.01,4.395,-1.947,2.584,-2.021,1.752,1.13,1.15,3.466,-1.074,-2.199,-4.959,-14.43,3.548,6.036,5.459,0.5355,-7.146,-2.946,-4.905,2.673,-0.2485,-1.926,12.57,2.986,-0.1924,-0.0471,-1.405,0.7195,-2.517,1.21,-0.8321,-2.314,1.518,-4.378,-1.124,5.167,5.522,4.064,-2.764,3.663,5.05,5.07,2.27,-2.771,-6.801,-0.0907,4.553,10.35,-3.902,-0.7389,3.145,4.024,3.155,-10.2,-4.019,-5.752,2.18
1668,1.01,2.569,0.5591,5.591,-1.432,-1.33,1.13,1.15,2.662,0.0621,-1.504,-4.076,-17.67,1.803,6.61,3.796,0.7932,-8.643,-2.34,-4.075,3.155,0.8966,-1.111,13.59,4.508,2.676,-1.867,-2.158,2.556,-3.175,0.4988,-0.8969,0.3025,0.1274,-4.576,0.73,7.11,3.529,4.244,-0.0045,2.557,5.05,5.07,3.976,-4.835,-3.182,0.7546,3.738,9.282,-4.069,-2.054,-0.6359,2.187,1.905,-8.942,-5.196,-3.216,2.552
1669,1.01,-2.09,-2.116,2.376,-0.2425,-0.3457,1.13,1.15,4.779,3.091,-0.643,-5.026,-20.38,3.188,6.033,3.814,0.8854,-8.543,-5.792,-0.8196,0.9569,-2.11,-3.453,13.48,2.06,0.6109,-3.055,-1.264,2.491,-1.222,2.547,0.2385,-2.452,1.289,0.4009,-1.122,6.848,3.648,3.509,-2.88,2.252,5.05,5.07,4.82,-4.302,-6.043,-1.426,5.71,9.976,-2.562,-5.28,0.1196,2.977,2.186,-10.61,-4.133,-5.766,4.27
1670,1.01,0.313,1.33,2.088,-0.0472,-1.536,1.13,1.15,2.946,-0.3111,-1.155,-4.638,-15.57,1.833,6.754,7.393,-1.07,-7.246,-6.914,-2.151,0.4603,2.287,-1.488,13.71,1.981,1.078,0.3029,-1.58,1.274,-4.675,-2.601,-0.817,-2.057,-0.3482,-3.118,-0.0119,7.205,6.205,-0.3912,-4.787,2.707,5.05,5.07,3.975,-3.516,-5.115,0.3202,0.9608,11.46,-7.719,-3.61,-0.1459,2.911,2.968,-9.706,-4.807,-5.582,3.811
1671,1.01,1.788,-2.11,5.002,0.1761,-0.7856,1.13,1.15,5.871,-0.2325,-2.647,-4.135,-15.24,-1.619,6.851,5.61,-0.0677,-7.634,-2.363,-3.165,1.145,2.59,-3.587,14.04,4.35,2.895,-3.387,-0.6939,1.183,-0.7708,1.761,0.711,0.0185,1.005,-6.124,-2.34,4.063,7.905,0.5873,-4.077,-0.8643,5.05,5.07,2.219,-4.035,-4.889,-0.1595,3.435,9.762,-8.195,-7.559,2.405,3.187,2.669,-10.45,-4.108,-6.326,0.824
1672,1.01,2.6,0.629,4.125,-0.7445,0.1072,1.13,1.15,1.841,3.27,-1.25,-3.025,-16.03,3.041,5.821,4.624,2.494,-7.782,-3.979,-5.315,0.6417,1.605,-0.9368,14.47,1.393,-0.8119,-3.918,-0.3484,1.279,-5.193,-1.895,0.0974,-1.729,1.996,-2.552,-0.9885,7.178,7.013,3.118,-6.003,2.313,5.05,5.07,4.956,-5.278,-5.233,1.117,5.351,5.926,-7.519,-1.822,0.2112,1.757,2.26,-8.273,-2.75,-3.46,3.289
1673,1.01,0.7594,-1.455,3.66,-2.756,-1.072,1.13,1.15,7.157,-0.0311,-2.45,-6.367,-15.8,2.249,4.201,6.39,-0.0322,-9.245,-6.01,-2.236,0.2394,0.937,-0.2101,15.88,4.87,-0.3015,-3.333,-2.16,3.322,-2.673,-4.087,-1.085,-1.01,-0.3175,-2.515,-0.2363,5.899,7.739,1.785,-2.555,0.9621,5.05,5.07,5.566,-3.797,-4.724,-1.596,3.511,6.509,-0.1743,-1.088,0.53,2.937,2.895,-11.96,-5.659,-5.103,3.329
1674,1.01,1.701,-1.355,4.775,0.1108,1.057,1.13,1.15,4.027,-1.604,-2.567,-3.291,-15.95,1.299,7.799,3.783,0.4617,-4.415,-5.31,-4.97,1.767,-0.7853,-2.795,15.35,2.533,1.729,-2.271,-2.532,2.138,-0.9173,5.094,-1.719,-2.037,0.0177,-0.8436,-1.931,7.068,6.938,0.8639,-3.174,0.4002,5.05,5.07,6.498,-5.217,-5.652,1.764,5.692,3.499,-5.533,0.4707,1.718,3.243,4.011,-9.32,-4.563,-7.723,2.257
1675,1.01,2.448,-2.413,4.201,-1.185,-1.807,1.13,1.15,4.683,-0.9371,-1.789,-5.226,-12.76,4.442,3.959,7.996,1.957,-8.811,-4.046,-2.661,1.537,-0.1948,1.159,14.83,4.548,0.6782,-4.355,-2.209,1.767,-4.587,-2.139,-1.479,-1.406,2.479,-2.306,-2.925,5.383,5.959,4.064,-4.733,3.506,5.05,5.07,2.354,-1.111,-5.256,1.569,5.451,5.917,-1.799,-6.045,1.471,5.819,1.932,-10.93,-4.248,-7.511,4.022
1676,1.01,0.3357,-1.983,5.237,-0.5658,-3.055,1.13,1.15,2.385,3.009,-0.8613,-2.171,-15.57,-0.4187,5.8,5.81,-0.6865,-7.017,-4.244,-2.57,0.7467,1.927,0.3869,12.87,3.664,1.099,-0.9476,-1.488,1.621,-0.7929,3.199,1.095,-2.16,-1.94,-0.8162,-0.8309,5.094,3.364,2.747,-2.667,0.0789,5.05,5.07,3.594,1.339,-6.524,-0.3795,4.692,6.722,-2.547,-2.921,1.322,4.216,2.291,-11.04,-3.562,-5.162,3.653
1677,1.01,1.643,2.211,2.921,-0.0508,-1.338,1.13,1.15,5.132,0.8709,-3.838,-2.233,-15.79,3.068,5.467,6.834,1.945,-5.83,-4.225,-1.686,4.363,-0.1857,-3.935,14.22,2.76,-1.078,-4.59,-1.321,-0.4607,-4.549,-2.356,-1.505,0.1273,0.268,-3.086,-0.6519,6.743,5.387,5.047,-1.854,-1.138,5.05,5.07,4.324,-4.787,-4.803,-0.0809,4.566,9.429,-4.271,-2.03,1.371,3.391,3.535,-11.08,-4.579,-5.257,4.983
1678,1.01,2.952,-3.74,4.682,1.273,0.0399,1.13,1.15,5.191,0.01,-2.992,-4.806,-16.61,2.256,7.584,4.148,0.8431,-7.133,-5.27,-4.117,2.218,1.489,-1.816,14.27,3.652,1.561,-2.66,-3.458,0.3108,-0.1302,-1.112,1.216,2.191,-0.1664,-1.457,-0.0494,5.101,6.579,3.107,-4.071,0.7582,5.05,5.07,5.051,-4.239,-4.436,-3.103,3.133,4.739,-4.313,-0.8225,1.786,1.589,2.422,-9.74,-6.857,-7.991,3.077
1679,1.01,2.354,-4.184,4.378,-1.137,-0.5111,1.13,1.15,4.718,2.513,-3.045,-5.085,-13.71,0.1233,4.615,6.164,-0.4574,-6.1,-4.492,-2.333,1.862,1.018,-1.735,15.25,3.529,1.468,-3.165,-1.831,2.191,-3.123,3.253,-1.588,0.1086,-1.55,-2.435,-2.257,6.206,3.16,0.6251,-1.532,-0.2253,5.05,5.07,4.614,-6.587,-6.097,-1.521,6.223,7.181,-3.992,-3.836,1.069,1.327,1.936,-11.0,-5.577,-6.31,5.079
1680,1.01,2.88,-1.429,3.675,-1.447,-2.33,1.13,1.15,4.926,-0.3895,0.1602,-3.782,-19.22,2.116,6.255,6.653,3.57,-4.192,-5.012,-3.097,2.949,1.447,-4.799,12.42,3.553,-2.186,-1.335,0.4901,1.507,-1.798,0.9957,-1.219,-2.019,0.7903,-3.249,0.2269,8.13,4.642,2.944,-2.514,0.3187,5.05,5.07,3.711,-3.298,-3.114,-1.227,4.463,6.519,-4.44,-5.97,0.6107,4.636,2.37,-10.56,-2.699,-7.808,2.613
1681,1.01,2.732,0.013,2.657,3.958,0.4167,1.13,1.15,3.42,-0.716,-3.248,-5.153,-14.47,2.27,4.176,5.144,-0.4443,-2.944,-2.382,-4.187,3.603,-0.123,0.4112,14.89,3.475,-0.1093,-0.7484,0.0502,3.035,-1.721,-1.914,0.7084,-0.1189,1.175,-1.74,-0.1256,5.982,6.739,5.439,-2.714,1.7,5.05,5.07,3.876,-6.35,-5.069,0.0655,3.241,2.446,-1.174,-3.21,-1.61,3.507,1.233,-9.497,-4.685,-8.485,2.669
1682,1.01,3.18,5.423,2.795,1.554,-1.153,1.13,1.15,2.938,-1.336,-2.06,-5.065,-17.75,2.585,5.776,5.828,2.614,-7.157,-4.224,-3.488,0.707,2.769,0.1093,13.93,3.696,-0.3184,-0.6828,-1.753,3.435,-4.431,0.0693,1.486,0.3503,-1.27,-2.434,-0.0058,6.232,8.205,3.118,-3.123,0.9458,5.05,5.07,3.409,-5.697,-4.602,1.353,2.006,5.913,-3.631,-1.659,0.893,1.942,1.942,-9.512,-5.977,-5.906,2.983
1683,1.01,-0.6681,-4.226,5.285,0.2845,1.572,1.13,1.15,3.404,0.7263,-1.756,-3.793,-17.22,2.952,7.627,6.46,0.2779,-7.334,-2.282,-2.47,-0.4123,2.223,-1.45,14.5,3.403,1.589,-1.139,-0.6604,0.4304,-3.015,0.9913,1.609,-1.764,0.4714,-3.008,0.0618,5.576,5.451,1.901,-3.331,2.222,5.05,5.07,2.176,-0.7462,-4.909,0.4044,6.587,8.649,-2.64,-7.104,1.661,2.624,2.311,-12.89,-5.963,-7.691,4.352
1684,1.01,2.796,5.046,3.248,3.591,-2.944,1.13,1.15,3.031,0.8441,-2.64,-3.499,-15.48,1.882,4.971,4.845,1.861,-6.123,-5.12,-1.598,-0.1831,1.453,-2.427,12.42,4.125,0.9904,-2.932,-3.365,2.105,-3.672,-1.041,-1.531,-0.06,0.0268,-1.424,-2.638,5.019,6.066,2.115,-4.851,5.289,5.05,5.07,2.707,-2.851,-7.907,-2.29,3.915,7.761,-7.731,-5.243,0.8461,0.8418,4.187,-10.24,-5.216,-5.973,3.251
1685,1.01,2.687,-0.2595,3.956,1.908,-0.5251,1.13,1.15,4.749,-0.0219,-1.161,-4.087,-15.55,2.047,4.477,6.088,1.062,-4.821,-4.746,-1.255,0.9721,-0.063,-0.4269,13.12,5.852,1.023,-2.938,-0.5073,3.598,-0.8115,-1.48,-0.7408,0.1838,-2.976,-3.28,-1.264,6.461,5.373,3.225,-1.14,-0.6065,5.05,5.07,2.522,0.5633,-5.772,-0.6525,6.17,8.68,-5.921,-2.667,-0.8125,3.376,1.573,-8.871,-4.63,-6.985,4.373
1686,1.01,1.067,-1.375,5.318,0.5141,0.7057,1.13,1.15,5.72,0.6319,-1.133,-3.391,-16.4,1.525,5.574,6.505,1.436,-8.543,-5.492,-5.33,2.243,0.2691,-4.588,13.8,2.705,-0.2169,-2.643,-2.702,-2.029,-4.283,-1.25,-0.0672,1.721,2.673,-3.822,-2.272,6.461,4.045,1.013,-0.7182,2.797,5.05,5.07,0.381,-2.545,-5.213,0.3918,3.316,6.22,-6.072,-4.695,-0.2127,2.169,1.484,-10.52,-5.56,-3.194,4.006
1687,1.01,0.7961,1.958,1.592,2.296,-1.902,1.13,1.15,3.398,0.889,-4.629,-4.133,-15.9,1.81,5.439,5.734,0.0853,-6.675,-4.172,-2.998,3.568,0.2433,-1.678,12.14,1.955,1.601,-3.738,-0.804,0.8311,0.8854,1.144,0.0541,1.134,3.04,0.7616,-1.611,6.215,7.798,4.987,-2.342,-1.715,5.05,5.07,4.666,-4.914,-5.227,0.1603,4.946,9.466,-6.309,-2.668,-1.603,0.7188,3.222,-10.56,-5.546,-6.037,4.545
1688,1.01,1.512,2.082,3.61,-2.35,1.958,1.13,1.15,3.608,3.117,-5.016,-4.863,-16.1,2.215,6.398,5.432,0.8977,-8.235,-4.219,-3.545,-1.734,-0.4568,-1.471,13.13,3.944,-0.1869,-4.161,-2.123,1.059,-3.526,-2.684,-2.976,-0.3018,-1.062,-3.003,-0.7417,5.34,5.01,1.831,-2.247,2.046,5.05,5.07,4.044,-2.152,-4.48,0.0674,5.847,9.976,-2.456,-2.61,1.517,0.0497,2.813,-10.05,-7.22,-5.357,3.617
1689,1.01,2.29,1.477,1.167,-0.8286,-1.432,1.13,1.15,4.462,-0.1992,-3.839,-4.821,-14.5,0.0496,5.014,4.77,0.0735,-6.25,-2.712,-1.914,-0.0871,1.04,0.3251,13.69,3.591,1.207,-1.585,-1.337,1.782,-3.625,2.051,1.079,2.023,-0.3337,-1.677,-0.2367,5.034,4.421,2.883,-6.245,0.8426,5.05,5.07,1.043,-5.324,-5.386,-0.4475,2.919,6.934,-4.546,-4.978,2.102,4.124,2.36,-10.41,-3.203,-4.827,3.337
1690,1.01,3.362,-2.77,0.5759,2.182,0.3812,1.13,1.15,3.889,3.676,-1.794,-3.584,-15.67,1.119,5.639,7.636,2.263,-6.217,-3.526,-0.7604,-1.687,0.7508,-3.766,14.68,1.552,3.436,-1.624,-2.055,1.093,-0.5202,-1.03,-1.559,0.2427,-0.6509,-2.196,-0.2031,7.255,6.855,0.5241,-6.453,2.244,5.05,5.07,3.399,-1.07,-5.445,-1.97,3.893,6.504,-1.979,-3.881,2.127,2.592,2.663,-10.36,-6.819,-4.673,2.294
1691,1.01,2.804,-1.194,2.559,4.866,-1.571,1.13,1.15,6.248,2.17,-1.772,-5.032,-15.68,1.072,3.847,6.32,2.166,-5.186,-5.351,-3.826,5.579,2.098,-1.942,11.73,3.423,1.101,-2.26,-2.138,3.016,-0.5352,-1.003,-0.0868,-1.743,-0.019,-2.593,-1.52,5.038,5.312,1.257,-2.446,3.15,5.05,5.07,5.146,-6.339,-6.426,-3.676,2.617,8.574,-4.228,0.6326,1.082,2.399,0.8645,-9.184,-6.669,-8.387,2.141
1692,1.01,2.743,-0.9198,4.343,-2.692,-1.349,1.13,1.15,4.425,1.825,-2.211,-4.626,-19.16,2.425,9.201,7.027,0.3747,-10.33,-5.047,-3.838,3.01,0.3945,-1.772,12.66,0.809,-0.3424,-3.888,-0.9041,2.147,-2.783,0.1713,-1.493,-1.186,-0.308,-2.098,0.4596,6.517,5.282,4.125,-1.846,-1.619,5.05,5.07,4.245,-5.057,-4.435,-1.819,4.593,9.201,-5.238,-5.272,1.857,-0.4109,1.045,-9.177,-5.072,-7.738,3.887
1693,1.01,2.318,-1.771,2.312,1.982,-3.981,1.13,1.15,2.668,2.801,-0.6338,-3.459,-16.45,0.3141,5.885,5.012,2.493,-8.623,-4.631,-4.416,2.038,0.3864,-3.171,13.91,3.452,1.135,-2.943,-1.856,2.64,-3.201,0.27,-1.33,-0.4419,0.307,-2.418,0.4974,4.913,7.246,0.8183,-2.419,1.537,5.05,5.07,2.045,-3.583,-3.584,1.407,5.777,5.741,-5.736,-2.385,0.9597,1.259,2.208,-9.955,-6.854,-4.422,1.821
1694,1.01,1.464,-3.426,3.292,2.14,0.6029,1.13,1.15,3.984,-0.3807,-1.418,-5.184,-15.25,4.958,2.706,6.283,-1.104,-7.272,-5.269,-2.661,1.581,1.158,0.0214,14.76,1.771,-0.7936,-2.287,-4.742,1.573,-2.889,1.034,1.717,0.2057,-1.312,0.0736,-0.6816,7.791,3.334,1.817,-3.58,1.02,5.05,5.07,3.848,-7.117,-4.577,-3.938,1.706,5.868,-5.583,-4.538,0.2799,0.9025,2.604,-9.414,-4.974,-4.821,1.836
1695,1.01,1.719,1.31,3.099,-1.29,-1.924,1.13,1.15,3.776,-0.2258,-3.672,-4.62,-15.23,2.192,6.609,4.546,0.0302,-6.371,-6.306,-0.6429,3.657,0.2513,-2.552,13.18,4.063,0.4596,-1.469,0.9179,-0.2674,-2.773,-2.341,-0.8026,-0.3885,0.1166,-1.923,-0.906,7.43,4.498,1.954,-4.326,3.82,5.05,5.07,3.633,-2.233,-6.313,-1.071,5.169,10.34,-3.918,-4.568,3.5,2.633,2.075,-9.837,-3.568,-5.784,3.739
1696,1.01,3.129,1.575,2.1,2.8,-1.704,1.13,1.15,4.85,1.049,-2.058,-3.771,-16.09,1.773,5.64,7.695,0.0109,-5.325,-1.7,-3.389,0.8187,1.664,-4.475,15.07,5.153,1.099,-2.326,-1.438,-0.086,-2.844,0.0086,-2.059,0.9606,0.7166,-2.363,-0.1656,4.62,7.73,1.587,-3.013,-2.926,5.05,5.07,3.661,-0.6937,-6.739,-2.434,4.154,6.98,-4.589,-3.457,-0.7188,3.372,4.287,-11.83,-6.629,-2.128,2.757
1697,1.01,4.587,2.508,3.164,0.9829,-1.222,1.13,1.15,2.716,3.135,-2.564,-4.087,-13.73,3.428,5.228,5.999,1.498,-4.289,-4.438,-5.438,2.468,1.098,-2.159,13.72,4.122,1.87,-3.666,-0.5361,1.198,-1.211,0.9632,-0.6206,1.068,0.8725,-1.855,0.0383,4.915,4.271,1.51,-2.435,1.674,5.05,5.07,4.774,-3.35,-4.309,-0.3013,5.646,8.331,-2.201,-5.915,1.043,3.767,0.6772,-9.491,-6.195,-5.638,3.324
1698,1.01,2.075,-4.389,3.755,1.494,-1.656,1.13,1.15,5.558,1.342,-3.878,-6.046,-15.16,3.611,6.188,6.364,-0.5681,-10.12,-3.653,-0.9585,3.278,2.006,-0.7418,15.86,4.81,1.086,-1.448,-2.134,2.804,-2.123,3.427,-0.3544,-0.3799,0.9238,-3.717,-0.2501,5.803,4.361,5.966,-1.971,1.602,5.05,5.07,3.651,2.123,-6.461,2.535,4.232,7.486,-2.379,-3.213,3.591,3.672,0.7315,-9.814,-4.258,-6.539,3.367
1699,1.01,3.005,-0.1867,2.869,-0.1061,-1.28,1.13,1.15,3.935,-0.1598,-2.84,-3.118,-19.02,1.433,5.4,5.282,2.432,-5.292,-4.541,-2.707,2.074,-2.597,-0.208,13.58,2.799,-0.87,-5.086,-2.94,2.016,-1.268,3.26,-0.3226,0.8522,-1.554,-2.533,-0.1554,3.867,4.858,4.92,-4.842,0.9995,5.05,5.07,2.559,-2.841,-6.145,0.2365,3.124,7.844,-3.981,-2.506,-0.0056,2.569,2.633,-8.67,-5.99,-5.731,2.533
1700,1.01,2.564,0.0721,3.184,-1.885,-2.087,1.13,1.15,2.542,2.977,-1.879,-2.451,-14.7,1.675,3.258,5.787,2.888,-5.757,-5.256,-3.033,0.9047,0.2909,-2.535,12.49,3.258,-0.4561,-0.7603,-3.629,1.324,-5.206,1.651,-1.601,-0.9128,-0.4783,-4.807,-0.1091,8.073,4.4,0.1253,-3.763,2.041,5.05,5.07,3.569,-4.398,-4.107,1.279,5.36,8.495,-1.781,-4.031,0.9515,2.983,2.821,-10.1,-3.685,-4.943,2.351
1701,1.01,2.239,-1.133,3.442,-0.7267,0.3518,1.13,1.15,4.058,-3.71,-1.412,-3.375,-15.84,2.404,4.848,8.204,-0.65,-7.585,-3.641,-2.303,3.216,-0.5262,-1.631,15.45,4.794,1.306,-4.665,-0.3284,1.254,-0.7143,2.013,1.074,0.2425,0.0308,-2.04,-1.864,5.001,5.259,3.247,-2.261,1.6,5.05,5.07,4.465,-3.229,-2.965,-1.203,3.135,10.76,-2.508,-3.611,1.15,0.7114,2.5,-10.81,-6.28,-4.898,0.3757
1702,1.01,-0.6842,-3.436,1.535,-1.613,-2.629,1.13,1.15,4.656,1.62,-2.79,-3.54,-16.67,3.103,4.714,4.582,-0.3519,-8.541,-3.929,-5.365,2.719,-1.649,-1.253,15.54,4.459,1.342,-4.46,0.1944,0.8395,-1.368,1.384,-0.4097,-0.9807,-1.187,-4.049,-2.308,4.458,6.122,0.6624,-3.82,1.592,5.05,5.07,2.505,-2.754,-6.067,1.615,2.76,5.008,-4.613,-3.14,2.534,3.742,2.388,-10.66,-6.993,-6.419,4.246
1703,1.01,1.747,-4.926,5.459,-0.1513,-0.2363,1.13,1.15,3.222,1.971,-0.9898,-4.572,-17.21,3.777,5.624,7.716,0.3251,-7.267,-5.128,-2.384,1.445,1.319,-1.286,12.63,0.7822,-2.266,-2.013,-1.507,1.262,-1.496,-0.2544,1.578,-0.9262,0.1098,-1.767,1.409,7.606,0.8815,2.089,-0.7823,0.0093,5.05,5.07,4.22,-2.973,-8.336,-0.6855,6.277,7.03,-1.47,1.315,-0.2471,6.142,1.929,-10.47,-5.172,-4.3,3.094
1704,1.01,0.9074,0.1488,2.421,-1.199,-0.7695,1.13,1.15,5.248,-1.184,-2.031,-3.906,-17.27,2.528,5.003,6.953,0.9632,-5.089,-0.5994,-3.539,1.392,2.363,-1.352,12.59,5.239,-1.218,-2.822,-1.27,-1.422,-4.309,-0.285,-0.0156,-1.029,0.9621,-4.645,-0.9703,7.019,7.58,2.718,-0.8995,-0.7757,5.05,5.07,4.709,-3.702,-6.21,-0.2121,2.724,5.542,-2.276,-4.511,1.16,4.421,2.324,-10.62,-1.956,-9.016,3.313
1705,1.01,3.641,0.1332,4.09,3.502,2.77,1.13,1.15,3.012,0.6823,-2.615,-3.659,-17.67,2.064,7.391,3.563,4.371,-5.826,-4.982,-1.096,1.969,1.871,-3.172,13.31,3.978,0.4645,-1.581,-1.875,2.116,-3.945,-1.153,0.2386,-1.123,-1.888,-1.643,-0.4131,4.588,5.424,4.519,-4.923,4.531,5.05,5.07,2.44,-1.623,-3.098,-0.6415,3.66,5.065,-0.8132,-2.811,2.004,1.344,2.67,-10.2,-3.484,-8.079,0.8587
1706,1.01,1.548,-2.361,3.228,-1.983,-3.096,1.13,1.15,3.958,1.035,-2.858,-3.426,-15.84,3.089,7.364,7.019,0.1068,-7.487,-2.675,-2.198,3.075,0.5497,-2.289,13.34,5.897,-0.833,-6.384,-2.519,1.369,-4.414,0.4145,-1.856,-1.095,-0.074,-2.023,-0.3916,7.776,5.67,1.951,-4.41,-1.57,5.05,5.07,2.679,-2.786,-4.615,0.6028,5.396,8.128,-6.551,-5.296,0.1584,1.65,1.707,-10.58,-5.907,-6.895,4.574
1707,1.01,2.577,-2.456,4.852,-2.75,-0.1554,1.13,1.15,3.298,-0.8419,-3.574,-0.5706,-19.62,1.282,3.728,2.553,0.9974,-7.403,-3.092,-0.3664,1.705,0.4724,-3.323,14.65,3.537,-0.8057,-1.122,-3.605,3.577,-2.18,-2.05,-1.077,-0.1944,-1.654,-2.139,0.027,5.067,3.277,2.49,-3.411,0.8424,5.05,5.07,3.106,-4.649,-4.815,-1.789,6.63,11.72,-4.745,-3.569,1.792,1.321,1.565,-9.589,-6.523,-6.281,1.138
1708,1.01,2.656,-1.512,3.91,-0.8796,-3.95,1.13,1.15,-0.092,-0.4026,-3.741,-4.403,-16.91,2.501,5.957,4.192,-1.046,-6.367,-5.566,-3.89,2.678,0.6118,-3.109,16.58,3.281,0.9265,-5.242,-2.315,2.583,-0.8485,0.7975,0.6715,0.2039,0.7476,-4.529,-1.222,4.484,5.713,1.6,-2.776,2.824,5.05,5.07,4.024,-0.2721,-4.026,-1.415,4.128,9.926,-3.467,-1.596,1.044,0.9295,1.384,-11.67,-2.364,-4.587,1.153
1709,1.01,1.268,0.6088,3.269,-1.099,-0.9625,1.13,1.15,4.248,0.6811,-3.18,-4.22,-19.58,1.581,7.625,4.151,-1.13,-7.683,-1.325,-2.291,1.576,-0.8192,-0.5257,11.53,5.154,-0.68,-4.27,-1.436,3.605,-0.694,0.3416,0.1382,1.344,-1.117,-3.125,-1.619,6.029,4.076,3.133,-1.245,0.2401,5.05,5.07,4.937,-1.215,-5.872,-0.1375,3.97,5.765,-3.579,-7.623,0.0467,3.791,3.129,-10.36,-4.42,-8.207,1.317
1710,1.01,4.986,-1.485,5.562,-1.841,-4.59,1.13,1.15,4.103,2.993,-2.617,-5.255,-16.59,-0.4176,6.468,5.49,1.662,-4.986,-3.902,-1.004,0.7285,2.266,-2.612,13.51,3.653,-1.562,-5.912,-1.795,2.613,-3.043,1.867,-0.8256,-1.52,-1.336,-2.859,-1.146,4.596,4.727,3.528,-4.04,1.91,5.05,5.07,2.994,-3.632,-5.057,0.5949,4.558,6.162,-4.548,-5.135,0.983,5.162,1.539,-11.12,-4.962,-4.922,2.043
1711,1.01,0.322,-6.8,4.28,1.741,-1.697,1.13,1.15,2.285,0.1887,-2.682,-3.161,-17.42,1.875,8.232,6.516,3.633,-6.838,-2.221,-2.819,1.681,-0.3028,-3.139,13.28,2.689,0.9359,-3.663,-1.081,0.7129,-3.101,-3.53,-1.233,-0.1186,-0.5671,-4.808,-1.179,3.409,6.17,2.938,-4.533,-1.375,5.05,5.07,3.492,-5.609,-4.713,-3.669,4.259,11.3,-4.839,-3.261,0.9356,1.802,2.117,-11.31,-3.761,-5.443,0.6479
1712,1.01,2.944,1.702,3.054,1.789,-1.858,1.13,1.15,3.459,0.7213,-3.411,-2.758,-14.59,3.365,4.941,6.054,0.4874,-5.038,-7.551,-2.769,1.419,-2.419,-0.8426,13.17,3.771,2.987,-3.086,-0.5372,2.111,-3.317,-2.554,2.197,-0.2863,-0.9587,-3.305,-1.244,6.329,3.161,3.137,-6.943,0.4166,5.05,5.07,3.498,-4.081,-6.517,-1.769,5.592,7.906,-4.079,0.1142,-1.267,3.09,3.314,-11.58,-3.353,-4.907,1.864
1713,1.01,1.207,-0.6018,6.005,-1.47,1.364,1.13,1.15,5.649,-0.1876,-1.116,-1.843,-15.03,3.239,3.627,5.41,1.873,-5.502,-4.168,-2.506,2.761,2.776,-3.392,13.61,2.914,1.388,-4.087,-1.36,1.149,-0.4073,2.435,1.746,-1.733,0.7831,-3.595,-1.343,3.962,1.681,1.127,-3.235,-0.4051,5.05,5.07,1.819,-3.556,-4.621,0.3319,2.104,8.274,-5.519,-3.799,0.0792,0.6879,1.195,-9.908,-5.393,-7.969,1.964
1714,1.01,0.4692,-0.462,5.012,-0.1109,0.8109,1.13,1.15,4.609,0.331,-3.478,-4.814,-15.29,2.501,7.69,4.386,-0.7945,-9.755,-5.695,-2.354,1.891,0.0553,-0.9444,13.88,2.95,0.9363,-2.258,-2.674,2.128,-3.378,-1.189,-0.8128,-1.865,1.119,-1.731,-1.977,6.441,6.145,1.744,-1.554,0.2332,5.05,5.07,3.256,-7.737,-5.07,1.27,1.942,9.206,-4.069,-3.421,0.9764,2.162,1.624,-10.61,-1.719,-8.822,2.218
1715,1.01,0.9555,-1.486,2.61,-1.028,-1.706,1.13,1.15,2.889,1.272,-2.562,-2.837,-16.27,2.935,7.053,6.539,2.578,-5.563,-5.467,-4.613,0.5896,-1.87,-3.27,13.3,2.005,2.027,-5.779,-2.583,0.7677,-3.957,0.2011,-1.209,0.4205,-1.983,-2.121,-0.6601,6.282,4.955,2.545,-4.801,0.5715,5.05,5.07,1.486,-2.07,-2.227,-1.04,2.845,9.722,-2.599,-4.375,-0.2099,3.772,2.471,-10.65,-6.374,-7.926,2.948
1716,1.01,1.986,-4.56,2.263,0.8116,-0.1976,1.13,1.15,3.614,1.982,0.1654,-4.342,-18.05,3.527,6.812,5.22,1.621,-6.206,-4.686,-2.753,0.176,0.5256,-4.406,15.27,4.282,-0.2699,-1.273,-5.452,0.3825,-2.539,-3.148,-0.3913,-1.236,1.135,-1.637,-2.278,5.085,5.243,2.66,-2.329,-1.378,5.05,5.07,3.712,-3.812,-5.05,-1.688,6.888,5.998,-2.048,-8.76,-1.274,2.803,2.167,-10.05,-4.45,-6.098,2.352
1717,1.01,1.446,-2.349,3.468,-0.3251,-1.33,1.13,1.15,6.964,1.27,-1.939,-4.566,-18.77,3.072,7.968,5.294,3.156,-6.64,-4.142,-1.086,0.6921,2.028,-2.27,15.06,3.814,0.9828,-5.043,-2.809,2.348,-2.647,2.648,-0.3381,-0.9309,-0.3084,-3.24,-1.594,3.969,4.516,4.167,-3.544,0.2221,5.05,5.07,2.54,0.0928,-3.934,-1.161,1.945,11.27,-3.876,-0.2335,1.734,1.633,3.362,-11.32,-4.459,-4.63,3.593
1718,1.01,1.116,0.0074,5.771,-1.729,-1.944,1.13,1.15,3.75,0.0595,-1.801,-5.553,-16.15,1.129,4.362,4.569,-0.5199,-6.736,-7.629,-2.965,0.5813,-1.843,-0.0127,13.81,3.792,0.0598,-3.992,-1.746,1.699,-1.657,-1.502,0.595,-0.0528,-1.21,-4.721,-0.6068,6.312,6.64,3.41,-1.106,0.6454,5.05,5.07,3.924,-3.194,-4.522,-2.297,4.714,6.767,-1.982,-3.513,-2.199,1.787,3.006,-12.12,-7.404,-4.336,1.136
1719,1.01,4.314,-3.28,6.525,-1.103,-0.9488,1.13,1.15,2.77,1.299,-2.201,-2.992,-16.04,-0.3637,6.407,6.503,-0.2902,-4.832,-5.153,-5.901,-0.5339,-2.522,-0.0849,14.98,3.292,-2.073,-2.969,-6.201,1.246,-2.891,-2.321,-0.64,-0.2366,-0.0207,-2.484,-0.3659,3.723,5.146,3.306,-0.8471,-1.629,5.05,5.07,4.078,-5.893,-4.604,-0.3291,2.273,9.314,-3.405,-3.261,0.02,3.889,2.233,-10.67,-4.639,-7.494,3.285
1720,1.01,1.9,-1.061,6.815,1.863,-2.368,1.13,1.15,5.41,-0.0321,-2.013,-1.19,-17.21,2.549,3.72,6.119,2.076,-5.943,-3.963,-5.312,0.5373,0.4066,-1.909,15.14,3.033,0.2262,-4.995,-0.7394,0.9378,-4.825,0.7417,0.1996,-0.1781,-1.695,-1.67,-0.0378,4.256,5.6,3.027,-4.076,1.033,5.05,5.07,3.558,-0.2945,-3.925,-0.773,2.697,5.528,-4.412,-2.441,1.661,2.694,3.474,-10.35,-5.685,-5.072,2.864
1721,1.01,2.139,-2.924,2.811,0.6802,1.784,1.13,1.15,3.945,2.178,-4.093,-3.223,-16.0,1.4,5.192,7.232,1.693,-8.13,-3.978,-2.783,0.9558,0.4082,-1.4,14.67,5.989,1.788,-4.213,-3.766,1.97,-3.171,1.859,0.0812,-0.1032,-1.139,-3.297,-1.688,5.843,5.221,4.686,-5.825,2.757,5.05,5.07,4.779,-1.626,-4.21,-0.2162,5.599,8.719,-6.177,-7.376,0.8899,3.864,2.983,-9.838,-6.094,-5.712,3.059
1722,1.01,3.022,-1.75,2.124,0.2444,-2.137,1.13,1.15,3.18,1.513,-1.903,-4.355,-14.88,3.299,4.481,5.981,2.13,-3.902,-3.659,-3.108,2.34,1.685,-0.2874,13.16,2.185,-0.9668,-2.368,-1.865,1.538,-1.594,-4.989,-0.8718,0.6475,0.988,-2.524,0.0967,3.867,4.773,2.927,-3.409,0.1838,5.05,5.07,4.674,-2.915,-5.503,-1.318,2.819,4.624,-5.029,-0.5278,-0.0077,3.959,1.861,-10.33,-4.436,-9.429,3.654
1723,1.01,4.012,-1.894,2.905,-0.6656,-0.185,1.13,1.15,4.172,2.16,-4.402,-2.999,-15.73,3.659,5.418,7.946,0.7265,-4.827,-1.964,-1.087,2.075,1.602,-1.539,13.81,3.87,1.027,-5.446,-3.447,0.5934,-1.871,2.221,-1.903,2.303,3.277,-0.7747,-0.9046,4.84,7.645,2.905,-1.865,-2.384,5.05,5.07,3.865,-5.921,-6.772,0.0138,6.651,8.124,-2.241,-3.106,0.7443,1.426,1.706,-12.06,-5.689,-6.643,4.313
1724,1.01,1.088,1.248,2.352,1.252,-0.0072,1.13,1.15,5.189,-0.055,-2.317,-4.111,-16.38,2.172,3.458,7.49,0.4725,-6.757,-2.72,-3.044,1.547,-0.9588,-1.243,15.33,3.937,-0.3256,-2.911,-3.216,1.982,-5.999,-1.257,0.5437,0.3551,1.183,-0.3464,-2.075,7.562,3.351,3.298,-1.301,2.379,5.05,5.07,4.786,-3.322,-7.34,0.0645,4.414,12.42,-7.366,0.7929,1.655,2.87,4.584,-10.37,-3.054,-6.071,1.973
1725,1.01,0.0324,-0.2752,5.851,0.4095,-0.4421,1.13,1.15,5.334,-0.6029,-0.6409,-3.399,-17.31,4.84,5.578,6.665,2.178,-5.616,-4.42,-3.48,-0.0222,0.2667,-1.418,15.0,4.461,0.336,-3.041,-2.396,1.796,-1.634,2.324,-0.1422,-1.073,1.617,-3.151,-2.583,4.811,4.307,2.648,-2.808,0.1071,5.05,5.07,4.918,-1.055,-6.403,0.7054,4.82,6.618,-6.321,-3.41,-0.0228,1.035,2.016,-12.41,-2.335,-5.929,2.588
1726,1.01,1.4,-1.422,2.604,-2.154,-1.175,1.13,1.15,4.661,1.638,-3.342,-4.732,-17.46,1.057,5.717,2.745,3.987,-6.625,-2.033,-1.403,1.242,3.192,-1.211,14.7,5.001,0.4241,-2.834,-1.389,0.7015,-4.211,-1.521,1.138,0.2927,0.5237,-2.429,0.2899,6.539,2.484,4.053,-1.842,4.997,5.05,5.07,2.249,-0.6217,-4.17,0.1437,4.464,6.386,-5.308,-0.7994,0.6059,5.69,1.117,-10.98,-5.692,-6.915,4.266
1727,1.01,4.826,-1.617,1.673,-0.6087,-1.782,1.13,1.15,5.387,2.772,-3.219,-4.154,-17.52,1.247,5.652,7.738,1.883,-5.306,-6.125,-2.379,1.507,1.295,-0.1044,14.88,4.006,-1.063,-2.317,-4.412,1.202,-5.208,-0.1414,1.295,0.9896,0.9703,-0.7621,-0.3093,6.352,4.057,1.248,-5.222,0.549,5.05,5.07,4.865,-1.653,-3.134,-0.7598,7.369,9.526,-3.971,-6.923,1.37,1.993,4.107,-11.72,-4.416,-6.766,2.391
1728,1.01,3.776,-0.2718,0.7316,-0.08,-0.9221,1.13,1.15,4.459,0.8821,-3.316,-5.843,-16.48,3.508,7.063,6.613,2.032,-5.594,-5.111,-3.084,2.916,1.918,-2.558,12.81,3.495,0.2445,-2.144,-1.402,1.334,-3.387,0.7359,0.3772,-0.3969,0.2933,-3.39,-1.588,5.963,7.006,3.688,-1.391,0.2864,5.05,5.07,2.729,-0.8801,-4.862,0.6323,1.573,6.491,-3.412,-3.45,0.7464,2.621,2.065,-11.57,-5.548,-3.913,1.721
1729,1.01,1.085,-1.054,3.843,-2.866,2.854,1.13,1.15,2.984,0.0063,-5.182,-3.634,-16.05,2.342,4.709,7.114,0.9369,-5.618,-4.876,-0.6213,2.437,-1.462,-0.4953,13.1,5.491,-0.3898,-3.774,-0.1958,0.7699,-1.98,-1.019,-0.7956,-0.0813,-2.527,-4.26,-1.781,6.32,5.447,7.312,-5.683,0.5354,5.05,5.07,1.364,-4.298,-4.494,1.841,2.896,8.334,-5.528,-3.461,1.457,6.179,2.61,-9.718,-4.636,-6.053,1.168
1730,1.01,3.06,-3.297,3.128,1.803,-2.24,1.13,1.15,3.393,1.542,-2.389,-4.166,-16.71,1.789,6.851,6.164,1.248,-7.039,-2.438,-2.72,2.499,-0.566,0.5286,14.13,4.72,1.366,-1.444,-1.804,-0.1478,-0.3277,-1.502,-2.116,-0.1586,-0.9634,-4.311,-0.2525,6.728,3.975,0.3432,-2.004,0.904,5.05,5.07,1.41,-4.225,-4.724,-1.34,6.898,7.457,-4.242,-2.937,2.123,2.385,2.433,-11.07,-5.773,-3.339,4.316
1731,1.01,1.462,-3.047,3.61,0.8295,-1.172,1.13,1.15,6.236,0.9621,0.3928,-5.728,-18.97,-1.651,4.616,5.158,2.166,-6.356,-4.093,-1.845,0.9346,0.5158,-1.455,12.8,1.119,0.5808,-1.172,-1.809,-2.392,-1.999,0.2657,-0.3307,0.623,-0.7622,-1.07,-0.624,5.823,5.686,3.022,-3.275,-0.3503,5.05,5.07,2.33,-2.067,-3.312,0.8955,5.254,7.8,-2.98,-3.731,-0.7903,3.067,3.473,-10.72,-6.642,-13.39,3.37
1732,1.01,2.629,2.108,1.661,-1.291,-0.4202,1.13,1.15,2.658,1.782,-1.371,-1.579,-15.87,0.8792,5.433,4.939,-0.6422,-3.63,-7.116,-1.842,2.831,3.229,-1.512,13.91,1.999,-1.32,-0.3099,-1.528,1.644,-3.95,-0.3766,-0.2724,0.5769,-0.7748,-3.515,-1.771,4.543,5.102,1.777,-5.645,0.125,5.05,5.07,5.133,-2.049,-3.365,-0.2938,1.92,12.08,-4.366,-3.847,-0.3904,2.024,1.108,-11.56,-4.318,-3.833,1.468
1733,1.01,2.271,-2.723,5.791,-2.198,-1.238,1.13,1.15,3.368,1.53,-4.085,-3.534,-15.01,4.747,8.039,7.93,1.539,-7.85,-6.739,-7.803,2.03,-0.0829,-2.542,13.98,5.123,0.3665,-6.096,0.3716,2.681,-3.397,-0.1423,0.0057,-0.4182,1.743,-4.496,-1.866,4.929,6.106,2.889,-3.978,-0.9418,5.05,5.07,4.619,-4.904,-4.897,0.2796,4.528,6.525,-5.489,-6.101,1.413,2.627,3.372,-12.48,-7.637,-6.154,3.177
1734,1.01,0.33,-2.245,6.438,1.18,-2.359,1.13,1.15,1.777,0.426,-4.577,-5.635,-16.99,2.913,7.371,5.524,1.288,-8.532,-5.68,-4.614,1.551,1.118,-4.469,14.25,4.937,0.4887,-2.305,-2.506,-0.0007,-2.266,1.572,0.2846,0.5107,1.652,-1.034,-1.107,5.927,5.589,4.561,-4.23,-1.882,5.05,5.07,3.323,-2.69,-5.795,-0.9922,6.77,8.307,-6.18,-5.38,2.321,5.32,2.902,-10.36,-4.76,-3.151,1.823
1735,1.01,-0.1433,-4.071,4.63,2.876,-3.809,1.13,1.15,5.086,-0.0531,-3.675,-3.189,-12.68,1.954,6.618,7.812,1.896,-8.288,-5.357,-2.019,0.5856,1.159,-0.9003,15.24,3.764,2.158,-3.649,-1.38,2.465,-4.536,0.8065,0.3065,1.382,0.6856,-3.885,-1.56,5.36,5.943,4.166,-4.838,1.325,5.05,5.07,1.902,-3.504,-7.57,0.9696,4.424,7.838,-3.855,-3.406,1.445,3.055,1.143,-11.15,-5.515,-4.598,3.233
1736,1.01,3.622,-0.5535,0.1123,1.937,0.2765,1.13,1.15,2.004,3.403,-1.88,-1.969,-17.18,2.366,5.14,6.093,1.372,-5.636,-5.531,-3.179,2.261,1.3,-1.684,15.36,4.425,1.987,-3.909,-3.266,2.98,-3.845,-4.246,1.742,-1.278,-0.0734,-1.373,-0.7242,6.623,4.45,4.771,-2.758,0.0321,5.05,5.07,1.621,-4.734,-5.66,0.4581,2.723,7.195,-1.884,-4.564,1.656,0.2581,3.271,-9.767,-4.707,-7.199,4.455
1737,1.01,1.253,-2.367,2.395,-0.5174,0.8732,1.13,1.15,3.267,-1.265,-2.387,-3.011,-15.74,2.087,6.112,4.73,2.764,-6.689,-3.28,-2.016,0.6728,1.065,-0.7187,13.26,3.737,0.4795,-1.167,-1.897,2.576,-0.5135,-2.219,-0.7322,-1.405,0.6616,-2.276,-0.5691,5.414,6.286,3.28,-0.3408,-0.7332,5.05,5.07,3.682,-2.837,-6.971,0.4962,3.022,8.83,-1.675,-5.26,1.576,5.053,2.754,-9.862,-1.079,-8.011,3.021
1738,1.01,2.772,-0.4018,2.941,2.715,-1.568,1.13,1.15,4.002,0.1577,-3.416,-4.373,-15.06,4.919,5.468,6.313,5.054,-8.471,-3.659,-2.141,1.104,2.717,-0.8512,13.97,3.262,-0.6101,-0.9313,-0.5143,0.5699,-2.545,-2.035,0.2489,0.3489,-3.12,-2.349,0.2968,5.517,5.928,2.837,-6.072,0.9373,5.05,5.07,3.09,-6.131,-6.553,-1.741,4.671,8.373,-2.857,-4.785,-0.3171,0.8927,3.211,-10.15,-5.487,-4.937,3.924
1739,1.01,3.628,-3.777,3.144,0.9187,2.004,1.13,1.15,4.33,2.335,-4.436,-4.327,-18.79,3.415,4.987,7.924,0.5241,-5.069,-4.083,-4.252,2.105,-3.002,-0.7354,12.83,5.258,-0.6853,-2.414,-2.862,1.569,-2.02,-0.4926,1.839,0.9103,1.583,-1.612,-1.382,4.558,5.514,3.03,-0.3721,2.239,5.05,5.07,5.137,-4.23,-5.755,2.611,4.217,5.575,-6.151,-4.888,0.8087,0.9207,2.15,-8.26,-5.148,-6.188,4.714
1740,1.01,1.573,-1.07,2.271,0.3279,1.246,1.13,1.15,5.318,-1.764,-2.973,-3.665,-15.14,-0.3711,5.65,7.183,1.442,-5.616,-5.398,-3.48,0.8278,0.664,-2.327,16.4,2.127,0.6787,-0.5467,0.0055,2.152,-4.436,-0.0877,-0.996,-0.8769,3.147,-0.4827,-1.048,4.523,5.049,2.741,-5.452,0.3236,5.05,5.07,3.901,-2.412,-6.446,0.4963,7.388,6.504,-3.349,-3.168,2.378,-1.37,2.25,-9.35,-2.013,-3.845,2.257
1741,1.01,2.593,-1.758,1.413,1.722,1.468,1.13,1.15,3.137,0.7204,-1.685,-4.586,-16.82,3.697,5.859,6.112,2.585,-6.496,-6.657,-2.834,4.215,0.6099,-1.173,14.08,3.643,2.336,-1.111,-2.607,1.976,-2.983,3.783,-0.7569,-0.333,1.335,-2.564,0.103,7.258,5.441,3.563,-3.112,0.498,5.05,5.07,4.134,-5.412,-8.207,-0.743,5.8,4.459,0.0043,-6.2,0.9766,4.971,1.518,-11.98,-6.693,-5.7,3.303
1742,1.01,2.156,-1.375,2.118,-3.758,2.746,1.13,1.15,5.421,0.2581,-4.35,-3.865,-18.22,3.225,5.562,7.527,0.4994,-5.599,-4.464,-3.085,2.19,3.439,-2.555,13.39,3.273,-0.6967,-4.231,-3.246,0.5587,-2.547,-0.407,-0.7769,-1.005,-1.535,-4.883,-1.118,4.278,5.172,4.416,-0.2947,0.2663,5.05,5.07,3.317,-4.699,-5.735,0.7859,1.881,3.129,-2.753,-5.424,-0.6304,3.352,4.011,-11.1,-4.443,-2.034,2.244
1743,1.01,4.977,-1.346,2.574,0.0412,-1.716,1.13,1.15,5.604,0.9772,-3.632,-2.267,-16.73,3.354,6.052,3.014,-0.5371,-5.708,-4.014,-3.002,1.161,1.332,-2.071,13.23,1.141,0.8291,-2.568,-1.046,0.4125,-0.743,2.068,1.444,1.551,-1.114,-4.016,-0.8988,6.892,6.09,1.291,-1.886,-1.594,5.05,5.07,1.718,-2.951,-5.318,-0.3942,4.794,6.458,-4.986,-1.688,0.8083,3.651,0.8472,-9.74,-3.658,-8.057,2.785
1744,1.01,2.612,-0.1836,2.634,-0.9025,0.0895,1.13,1.15,5.221,-1.91,-3.288,-2.719,-17.95,4.032,6.61,5.562,1.035,-6.822,-2.831,-3.401,2.548,0.8206,-2.003,13.34,4.939,0.7581,-4.522,-1.316,1.017,-2.606,-3.113,-0.6856,1.395,-0.3972,-1.347,-0.9031,5.815,6.82,2.831,-5.306,1.013,5.05,5.07,2.977,-4.131,-5.345,-0.3993,4.797,6.675,-4.81,-7.411,2.677,5.587,1.758,-9.749,-2.615,-6.331,4.772
1745,1.01,4.215,-1.361,5.701,2.739,2.358,1.13,1.15,3.385,2.89,-3.933,-4.238,-15.49,3.022,7.126,5.834,1.592,-5.951,-4.08,-3.545,-0.022,-1.106,-0.0337,15.76,1.192,-1.091,-3.177,-3.537,1.649,-1.874,0.6418,-0.5402,1.156,2.416,-0.907,0.0075,7.684,4.508,2.793,-3.263,-0.5073,5.05,5.07,4.96,-2.134,-6.852,-0.5296,4.786,5.535,-2.643,-6.893,1.602,0.6502,1.415,-10.64,-5.065,-3.408,2.124
1746,1.01,-0.2139,-1.692,4.332,1.933,-3.414,1.13,1.15,4.843,1.503,-3.104,-5.208,-15.44,2.804,7.087,7.196,1.088,-9.443,-2.241,-3.278,1.621,-1.098,-2.701,11.38,6.041,-1.531,-4.249,-0.8876,-0.4051,-2.225,-2.466,-1.46,-2.005,0.0977,0.3772,-0.5402,3.863,5.377,3.18,-3.393,0.9999,5.05,5.07,3.97,-3.269,-4.036,1.443,3.616,4.045,-3.268,-2.474,0.6506,3.596,2.397,-11.12,-2.478,-7.118,5.592
1747,1.01,1.462,-8.489,0.2282,1.341,-0.5142,1.13,1.15,2.737,0.2357,-2.136,-2.932,-16.94,2.422,7.307,3.841,2.409,-7.123,-3.283,-3.663,3.998,2.367,-2.395,13.04,3.289,1.2,-2.259,-3.059,4.632,-2.83,1.054,-0.8706,0.6306,1.079,-5.366,0.2512,6.344,4.938,0.4279,-2.592,-0.7341,5.05,5.07,4.216,-4.62,-5.54,0.4305,3.188,6.804,-4.875,-1.94,0.4995,3.194,1.94,-10.21,-6.696,-6.753,2.516
1748,1.01,3.308,2.457,5.219,0.3035,-1.581,1.13,1.15,3.523,1.259,-2.388,-4.485,-18.4,1.291,4.414,1.485,0.9957,-7.146,-6.443,-5.074,2.155,0.1573,-0.8977,13.92,4.271,-0.3943,-3.472,-2.219,3.197,-5.689,1.854,-0.2705,-0.0562,-0.4163,-2.779,-1.818,5.796,2.956,2.29,-2.69,3.859,5.05,5.07,1.856,-5.571,-5.758,0.8701,7.193,8.558,-6.139,-7.274,0.3642,2.914,3.822,-9.705,-3.978,-5.847,4.494
1749,1.01,2.993,-1.566,5.6,1.178,0.1809,1.13,1.15,3.633,1.638,-3.543,-3.247,-17.96,2.635,5.512,6.275,1.079,-4.566,-2.764,-0.5893,4.451,-0.2319,0.3086,12.81,3.061,1.835,-1.481,-1.131,2.854,-0.0635,-2.202,-1.227,0.4916,-1.288,-2.237,1.021,5.546,5.928,3.945,-5.391,2.366,5.05,5.07,4.368,-3.504,-3.254,-0.6118,6.049,9.283,-5.03,-1.466,1.173,3.178,2.965,-10.98,-3.881,-3.529,3.733
1750,1.01,-0.6206,-2.908,2.241,-1.581,-0.6449,1.13,1.15,3.821,2.066,-1.548,-5.613,-17.79,2.823,4.33,6.506,-0.7998,-8.454,-2.623,-4.133,1.345,1.952,-0.4816,13.38,2.058,-0.6964,-1.416,-3.652,3.073,-5.776,-1.082,-0.8495,-2.922,-0.5576,-3.534,-1.129,4.826,3.952,1.9,-5.344,1.564,5.05,5.07,3.555,-4.362,-8.329,-1.316,6.523,4.014,-2.534,-0.7909,1.783,2.848,0.7743,-13.54,-3.429,-6.117,3.309
1751,1.01,1.158,-0.2172,1.915,0.2313,0.5628,1.13,1.15,3.581,-0.4944,-0.6664,-5.46,-15.1,1.544,7.85,6.917,4.13,-7.508,-5.661,-2.722,2.121,-0.0007,-0.5407,13.63,2.742,0.9914,-2.965,-1.479,0.5629,-0.7307,-0.5056,0.5125,0.0641,1.38,-1.388,-2.784,5.111,8.451,2.413,-3.376,2.408,5.05,5.07,6.202,0.8203,-4.692,0.6511,3.555,8.896,-2.627,-5.134,2.465,4.473,3.069,-10.24,-4.613,-10.57,-0.1242
1752,1.01,2.07,2.701,4.121,-1.176,-3.355,1.13,1.15,5.546,-0.2838,-2.814,-4.383,-17.98,2.667,4.414,7.407,0.5735,-5.42,-4.352,-0.9671,2.122,1.592,-2.541,13.33,5.043,0.3798,-2.076,-3.949,2.258,-1.103,-1.17,-0.1772,-0.5503,0.6788,-3.008,-0.6831,5.106,5.986,4.679,-1.396,1.94,5.05,5.07,2.426,-4.134,-6.705,1.602,3.403,10.77,-2.895,-2.172,0.0064,5.473,2.002,-10.92,-3.309,-4.336,5.707
1753,1.01,4.889,-9.667,5.167,2.07,-1.151,1.13,1.15,4.043,-0.1179,-2.175,-5.67,-18.84,0.4513,6.129,4.654,2.071,-5.202,-6.878,-1.284,2.667,2.608,0.7991,16.97,3.19,3.294,-4.91,-4.28,3.076,-4.783,1.747,-0.0343,-0.4722,-0.2788,-2.505,-1.262,5.459,5.43,3.504,-0.5443,-0.4224,5.05,5.07,3.389,-5.221,-4.717,0.6228,3.887,6.057,-2.391,-5.063,2.555,0.9036,4.781,-10.58,-4.78,-7.439,2.974
1754,1.01,4.505,-0.8834,5.349,-0.5609,-1.747,1.13,1.15,3.945,0.9808,-3.916,-5.731,-17.25,2.292,5.618,7.57,1.808,-8.293,-6.112,-2.738,0.9081,0.4209,-3.162,14.64,1.884,-1.226,-2.026,-2.869,0.5421,-2.874,1.933,1.765,-0.965,2.07,-1.181,-0.548,4.182,3.542,4.47,-0.7385,2.28,5.05,5.07,5.27,-3.844,-4.407,0.5137,2.423,8.962,-1.903,-5.477,1.461,3.772,2.978,-10.1,-3.383,-6.003,2.909
1755,1.01,3.447,-0.6784,4.604,2.796,-0.1756,1.13,1.15,3.983,0.9011,-0.8495,-8.163,-15.19,0.5252,7.548,5.258,2.937,-4.549,-1.74,-2.622,0.5149,1.634,-1.103,12.9,5.202,0.2568,-3.115,0.1271,1.063,-3.445,-0.1102,0.4244,-0.0543,0.3442,-2.435,-1.015,7.363,6.309,0.899,-2.514,-1.729,5.05,5.07,5.74,-1.046,-4.059,3.058,5.822,9.645,-4.043,-3.17,1.99,4.544,2.296,-11.48,-6.008,-2.847,1.427
1756,1.01,3.343,0.049,4.45,1.054,-0.9302,1.13,1.15,4.475,-0.0164,-0.7233,-2.772,-16.95,0.3523,6.745,6.336,1.154,-8.349,-6.081,-2.762,2.241,1.4,-1.9,14.81,3.87,0.6787,-2.998,-2.407,0.5747,-0.4161,0.0551,1.211,0.2872,0.8029,-4.186,0.7186,5.832,6.105,2.533,-4.721,1.456,5.05,5.07,5.717,-1.866,-5.333,-1.425,6.657,9.51,-4.864,-4.998,2.531,7.04,2.606,-11.38,-6.836,-5.577,2.928
1757,1.01,2.823,0.8998,2.191,2.596,1.455,1.13,1.15,1.709,0.522,-3.023,-5.994,-15.05,0.7577,8.299,5.74,0.079,-6.221,-3.398,-5.373,-1.226,1.622,-1.525,14.83,6.503,-0.2554,-0.3852,-2.169,0.2103,-1.051,1.603,1.353,-4.377,2.102,-1.126,-0.7553,3.46,5.737,2.67,-2.767,2.897,5.05,5.07,6.066,-0.0748,-4.589,0.1362,5.259,6.726,-0.62,-3.822,3.402,1.188,1.218,-10.7,-4.839,-8.343,2.899
1758,1.01,-0.5781,-0.6591,4.444,0.2752,-3.26,1.13,1.15,5.443,0.5396,-0.5754,-4.584,-16.06,4.459,7.908,5.837,0.67,-4.545,-3.538,-3.268,3.456,1.679,-1.306,14.94,4.445,2.875,-3.258,-2.946,1.643,-1.973,-2.89,-1.23,1.226,0.6787,-4.036,0.361,5.627,3.812,4.361,-4.267,0.4747,5.05,5.07,5.725,-6.596,-5.122,0.3037,4.05,7.275,-4.123,-5.514,1.618,6.264,2.204,-10.85,-5.237,-9.847,1.419
1759,1.01,3.187,1.111,1.976,0.1287,-0.3761,1.13,1.15,1.969,-0.1403,-1.794,-4.405,-16.77,4.12,6.999,6.516,2.609,-6.603,-2.599,-1.387,-1.153,-1.18,-0.6407,13.28,3.996,2.635,-4.529,0.3044,0.3571,-0.3706,-1.213,1.45,0.5607,0.2217,-1.722,-0.6954,7.016,5.636,2.214,-3.824,-0.2593,5.05,5.07,4.622,-0.9057,-3.701,0.0349,3.424,9.684,-0.833,-5.569,1.476,7.507,2.2,-12.76,-5.204,-6.097,3.195
1760,1.01,3.767,-3.443,6.355,2.598,1.918,1.13,1.15,3.888,1.969,-4.137,-3.942,-17.69,3.714,6.891,7.026,1.269,-6.998,-4.327,-3.094,0.0052,1.384,-2.224,12.87,5.202,1.504,-2.398,-1.655,2.953,-3.298,0.7304,1.353,-0.606,2.362,-6.428,-1.821,4.227,5.307,5.189,-3.243,1.911,5.05,5.07,3.382,-4.047,-5.035,1.708,4.291,6.453,-2.32,-2.056,2.227,3.135,3.627,-10.79,-7.383,-10.14,2.065
1761,1.01,2.516,1.284,4.028,-0.9202,-3.611,1.13,1.15,4.457,1.091,-2.069,-3.432,-16.41,0.9769,6.081,6.424,1.549,-5.55,-3.177,-4.866,0.3781,0.9069,-0.165,16.49,4.19,1.717,-4.742,-3.008,3.544,-1.395,0.5474,0.4373,-2.812,3.088,-4.467,-2.603,6.694,5.147,1.805,-3.992,1.931,5.05,5.07,1.682,-7.646,-6.647,-1.823,3.598,5.491,-5.965,-6.264,3.881,4.093,3.745,-9.999,-7.749,-6.932,4.361
1762,1.01,2.698,0.4447,6.104,-0.5895,-0.9319,1.13,1.15,4.512,0.3107,-2.151,-3.053,-18.37,0.5338,7.489,5.121,0.0576,-7.924,-5.163,-5.096,1.679,-0.4491,0.5873,14.24,4.575,1.528,-0.9976,1.037,3.301,-3.096,0.1198,-0.0705,1.178,0.7228,-2.111,0.2827,7.926,5.63,3.027,-1.499,3.895,5.05,5.07,6.757,-1.651,-5.621,0.2667,4.117,6.331,-0.9709,-0.9576,2.818,3.877,2.551,-11.24,-4.643,-5.416,3.297
1763,1.01,1.241,-3.44,4.637,2.589,-0.4753,1.13,1.15,3.097,0.6235,-0.0353,-2.96,-16.58,0.5498,6.625,7.441,1.612,-7.814,-3.785,-1.142,1.338,2.041,-2.331,14.04,1.045,0.0438,-5.355,-0.7993,2.71,-5.858,-0.4202,0.8068,-0.6013,2.12,-4.472,-1.757,5.019,6.599,2.185,-3.704,0.144,5.05,5.07,2.705,-0.8361,-4.612,-0.9199,0.7694,6.885,-1.217,-1.58,-0.5208,4.034,2.539,-11.29,-6.545,-7.118,3.563
1764,1.01,0.8787,-0.8277,3.797,0.121,-0.301,1.13,1.15,4.051,2.691,-4.268,-2.961,-17.34,1.182,3.65,5.172,0.8418,-9.598,-3.729,-2.666,2.719,2.997,-3.133,14.82,4.414,0.8049,-4.018,-1.839,1.58,-5.256,1.449,2.221,0.6221,-1.29,-0.7532,-1.197,4.995,4.336,5.27,-0.2304,-0.2337,5.05,5.07,5.095,-1.987,-4.766,-1.002,5.832,7.326,-3.491,-1.632,0.3946,4.403,1.884,-12.61,-4.026,-7.526,0.6639
1765,1.01,2.93,0.86,3.823,0.9673,1.538,1.13,1.15,3.034,1.596,-3.01,-2.682,-18.75,0.7058,10.4,6.761,1.56,-7.25,-2.364,-3.781,2.63,0.3329,-1.517,13.4,5.872,0.632,-1.569,-2.52,2.783,-0.0157,-0.6355,1.046,-1.405,0.4077,-3.128,-1.792,6.89,4.693,2.317,-2.26,0.6307,5.05,5.07,2.757,-2.468,-5.61,1.58,3.404,4.133,0.5898,-2.495,1.703,2.861,2.753,-11.94,-4.702,-7.901,3.797
1766,1.01,-0.0382,-1.709,7.22,1.43,-1.8,1.13,1.15,7.753,-1.093,-2.564,-5.288,-14.56,2.467,6.22,6.539,0.3745,-3.143,-4.799,-2.214,-0.0422,0.6717,-2.446,11.95,3.258,0.4125,-2.349,-2.825,0.8869,-1.647,-0.4958,0.0112,-1.763,-1.434,-4.178,-2.493,4.709,5.95,1.726,-2.063,2.29,5.05,5.07,4.868,-0.3686,-3.722,-0.4225,1.897,7.889,-2.039,-2.611,2.68,4.067,0.4099,-12.11,-1.91,-4.091,3.28
1767,1.01,4.263,-0.6603,2.474,2.032,2.379,1.13,1.15,3.309,3.182,-3.732,-5.944,-16.02,3.785,4.271,6.057,0.2609,-6.665,-3.609,-3.217,1.97,2.519,-0.8701,15.31,1.741,1.293,-3.047,-3.921,1.149,-3.912,3.37,1.711,-1.318,-2.161,-2.827,-1.697,2.499,5.346,2.894,-5.321,-0.0244,5.05,5.07,4.714,-5.225,-4.252,0.7242,2.367,9.366,-3.018,-3.473,2.752,3.954,3.36,-10.61,-4.922,-3.538,2.566
1768,1.01,3.32,1.134,3.61,0.6291,0.1499,1.13,1.15,4.727,1.107,-2.503,-4.878,-17.39,2.278,5.076,3.987,0.6472,-6.708,-6.048,-1.758,5.103,1.01,0.4925,13.93,4.029,2.153,-1.073,-1.574,1.949,-4.438,-1.535,-0.8839,-0.5603,-1.059,-5.398,-1.213,4.239,5.118,1.879,-2.396,2.129,5.05,5.07,4.889,-1.49,-3.346,-0.3813,6.609,7.756,-3.205,-2.26,1.025,3.71,2.584,-9.641,-3.363,-3.387,3.568
1769,1.01,2.612,-3.786,1.376,0.3246,-4.355,1.13,1.15,6.058,-0.8391,-3.483,-4.984,-17.53,3.227,7.523,5.026,1.588,-7.643,-4.876,-4.83,-0.4514,1.024,-1.213,14.7,4.403,1.664,-0.9065,-1.079,0.7712,-2.171,-0.0811,-1.663,0.5406,0.8639,-0.3861,-2.179,5.519,5.283,3.328,-1.609,1.879,5.05,5.07,3.691,-3.123,-4.21,1.799,5.285,10.13,-3.663,-2.113,1.346,4.996,2.742,-12.5,-3.298,-2.924,1.829
1770,1.01,2.642,-3.138,5.22,0.1702,-0.5097,1.13,1.15,3.714,2.343,-4.085,-4.169,-16.86,1.698,7.276,5.627,0.6589,-7.245,-5.232,-2.957,1.672,1.177,-2.433,16.91,3.174,2.209,-5.918,-3.005,-0.2417,-2.446,-1.34,1.409,-0.1424,-1.501,-3.591,-0.466,4.521,4.947,2.287,-2.35,1.479,5.05,5.07,5.18,-2.696,-5.916,0.0764,3.711,4.143,-4.743,-1.659,-0.124,2.8,2.275,-11.39,-7.122,-7.779,5.186
1771,1.01,-0.0169,-5.522,5.462,2.123,1.48,1.13,1.15,5.261,0.2849,-1.719,-6.443,-14.8,2.818,4.913,6.68,3.204,-6.188,-5.168,-2.822,-1.941,1.397,-0.0266,16.7,3.834,-0.8877,-3.951,-1.461,-0.673,-2.233,0.148,1.11,0.3767,-1.363,-4.092,-2.162,5.28,7.519,0.9323,-4.786,0.9318,5.05,5.07,3.916,-5.844,-4.555,1.367,1.766,11.54,-3.47,-2.358,1.345,4.469,2.828,-10.79,-4.636,-6.926,4.043
1772,1.01,-0.24,-0.1541,4.697,-0.586,-0.4526,1.13,1.15,1.567,2.015,-2.925,-2.172,-17.27,3.589,4.06,5.57,1.199,-7.192,-6.067,-4.438,0.1821,2.583,-1.283,16.78,5.094,1.755,-3.593,0.9061,0.4895,-4.176,0.3292,-0.0574,-1.057,-1.12,-0.3197,-0.3711,4.798,7.47,2.572,-2.714,2.277,5.05,5.07,2.636,-3.747,-5.596,0.5672,6.412,5.596,-1.056,-3.984,0.8677,3.191,2.458,-8.942,-3.44,-8.006,3.297
1773,1.01,4.77,0.4947,8.396,0.292,-0.4281,1.13,1.15,4.71,0.0334,-2.725,-0.922,-15.71,2.986,5.991,6.145,-1.057,-8.417,-3.52,-2.209,-0.38,2.249,-2.319,15.39,3.163,1.223,-3.699,-1.774,1.6,-2.812,4.154,-1.139,2.044,1.053,-2.601,-0.7634,6.899,6.454,1.606,-5.143,0.7416,5.05,5.07,2.398,-4.336,-4.58,-1.057,3.58,8.727,-2.082,-5.29,1.641,3.049,1.036,-11.82,-7.193,-6.427,5.361
1774,1.01,1.958,-3.111,3.145,0.1834,-1.869,1.13,1.15,2.76,1.186,-3.905,-4.432,-17.4,0.5999,6.77,6.728,1.65,-5.684,-4.162,-0.5791,3.14,0.7936,-0.4953,14.21,4.808,0.8251,-2.872,-0.8314,2.614,-2.228,-3.916,0.7643,-3.088,1.684,-2.068,-1.592,5.376,4.08,2.339,-3.469,0.71,5.05,5.07,8.358,-7.425,-7.273,1.113,6.099,4.983,-2.018,-4.687,-0.1655,2.747,3.306,-9.064,-3.122,-4.691,2.75
1775,1.01,2.524,-3.152,4.238,0.2265,0.1568,1.13,1.15,6.319,3.257,-2.004,-1.451,-16.56,3.687,6.169,8.448,0.3303,-6.705,-5.642,-4.445,3.319,-0.6326,-1.312,11.0,3.992,1.348,-5.503,-1.521,0.9302,-4.067,-0.9693,1.604,1.251,1.824,-1.412,-0.6119,4.982,4.633,3.518,-2.247,3.404,5.05,5.07,3.538,-3.88,-5.896,0.172,5.4,9.553,-2.846,-3.226,2.392,4.555,1.586,-11.67,-4.673,-5.754,3.393
1776,1.01,5.277,-0.5783,4.225,3.042,1.215,1.13,1.15,2.619,4.203,-4.369,-4.373,-16.91,2.646,4.631,3.802,4.169,-7.33,-4.928,-0.493,2.708,0.8479,0.2041,14.13,2.431,-0.4945,-1.845,-4.447,2.184,-2.486,-1.273,1.342,-1.2,-0.1016,-5.348,-1.595,4.428,3.993,5.442,-0.4254,1.977,5.05,5.07,5.312,-3.633,-6.401,-0.5315,5.414,9.882,-3.305,-3.939,0.575,1.497,3.146,-9.591,-4.783,-7.192,0.933
1777,1.01,0.5894,0.0792,1.624,2.666,-3.203,1.13,1.15,5.067,0.2549,-5.574,-3.747,-17.06,2.932,6.28,6.081,3.001,-6.538,-5.123,-2.49,2.681,2.841,-1.378,14.02,6.417,0.7308,-2.272,-3.183,2.672,-1.305,-4.142,-1.612,-1.161,1.193,-4.819,-0.4008,6.065,6.985,3.161,-0.0236,2.443,5.05,5.07,3.651,-3.604,-6.042,-1.397,4.838,6.6,-4.603,0.4916,0.6462,3.71,3.058,-12.38,-3.859,-6.942,4.599
1778,1.01,1.709,-2.986,2.561,-0.7919,-2.423,1.13,1.15,5.925,0.3231,-2.563,-2.181,-18.32,0.6135,4.785,6.002,0.9039,-7.576,-3.613,-3.764,1.196,0.6632,-1.433,13.23,2.095,-2.586,-2.536,-0.0743,2.461,-2.412,0.4081,-0.0109,1.734,-0.1353,-4.877,-0.2142,6.535,4.885,0.8617,-2.626,1.407,5.05,5.07,7.657,-2.593,-2.761,-4.037,2.031,10.33,-3.602,-2.505,2.278,1.029,2.983,-10.54,-4.748,-6.658,3.938
1779,1.01,2.38,0.5306,4.866,0.1565,-3.438,1.13,1.15,5.301,0.5309,-3.566,-4.136,-15.9,0.7663,5.845,4.879,2.778,-5.745,-5.848,-2.874,1.569,-0.5472,-2.311,11.55,4.458,-0.3977,-4.278,-0.2371,0.3187,-1.61,3.675,1.782,1.885,-1.376,-0.3955,-0.8447,5.516,7.288,1.708,-2.918,0.2458,5.05,5.07,5.638,-2.546,-4.957,-0.6326,7.139,6.077,-2.991,-4.844,1.471,4.407,1.539,-12.01,-5.165,-8.102,2.539
1780,1.01,3.34,1.106,4.274,1.327,-0.5949,1.13,1.15,2.331,1.328,-3.305,-4.315,-13.77,3.714,4.793,6.195,2.891,-7.389,-5.004,-3.099,1.638,-0.916,-2.382,15.33,4.946,0.625,-2.765,-2.074,-0.5976,-4.3,-2.592,-1.171,-0.3704,0.4696,-0.7254,-0.6807,8.799,5.231,2.265,-0.7695,1.732,5.05,5.07,3.487,-3.314,-3.996,-1.113,6.806,8.058,-5.199,-3.988,1.194,4.229,1.11,-12.84,-5.013,-6.98,4.143
1781,1.01,2.971,2.352,1.791,0.783,-4.055,1.13,1.15,3.421,2.434,-2.502,-2.981,-15.34,1.922,5.263,5.883,0.7277,-8.72,-3.411,-2.798,0.7751,1.582,0.01,14.35,5.094,-2.239,-2.644,-1.836,2.566,-4.554,1.368,0.5805,-0.5277,0.819,-3.069,-0.7508,5.82,5.121,3.072,-1.065,1.811,5.05,5.07,5.885,-0.5501,-4.621,-3.238,5.005,5.483,-6.964,-0.8981,0.0644,1.596,3.296,-12.64,-6.399,-5.328,3.258
1782,1.01,2.016,0.2147,1.846,0.9214,-1.117,1.13,1.15,4.55,2.801,-2.933,-5.012,-20.52,0.046,4.96,7.155,0.6863,-9.509,-4.092,-1.776,-0.1817,0.4437,-3.344,16.4,4.803,0.9927,-2.143,-1.338,1.759,-4.191,0.6791,0.7001,0.1144,-0.004,-2.533,-0.9662,7.228,4.922,3.085,-5.233,0.6679,5.05,5.07,5.086,-5.881,-4.638,1.113,3.491,5.277,-4.154,-2.401,0.7468,4.915,2.531,-11.97,-4.0,-8.365,4.746
1783,1.01,4.064,-1.122,3.346,1.759,-1.114,1.13,1.15,4.755,0.1371,-2.923,-4.689,-17.22,-1.141,5.497,6.503,0.5785,-7.923,-3.155,-1.709,0.5902,1.978,0.3002,14.77,4.934,2.565,-1.596,-3.709,3.428,-3.384,-0.5664,-1.065,-0.3801,0.332,-1.683,-0.2174,5.805,4.036,0.8383,-4.074,2.682,5.05,5.07,4.808,1.493,-5.87,1.035,5.133,6.674,-3.272,-1.75,0.48,4.898,2.311,-10.7,-3.215,-5.752,2.221
1784,1.01,-0.1494,4.224,6.383,-2.688,-2.158,1.13,1.15,5.52,1.478,-1.888,-1.97,-17.07,2.663,7.772,5.258,1.438,-6.426,-1.11,-1.885,3.818,2.213,-1.701,16.6,4.322,-0.0524,-3.731,-2.121,-0.4878,-4.358,0.6235,-0.1418,1.322,-0.4787,-3.196,-1.736,4.285,5.469,5.677,-3.353,-0.9562,5.05,5.07,3.81,-3.516,-5.609,-2.489,3.934,6.522,-5.805,-7.917,-0.3265,6.874,0.1047,-10.9,-4.292,-4.788,2.642
1785,1.01,1.612,0.2406,3.214,0.1001,-1.067,1.13,1.15,3.767,1.471,-2.993,-4.454,-16.73,2.801,7.383,8.275,1.355,-7.114,-2.685,-2.723,3.356,2.343,-0.1808,15.05,5.17,1.499,-0.9818,-3.259,1.281,-3.496,0.1645,0.2713,1.049,0.0412,-5.19,-0.8711,6.892,5.373,3.6,-1.232,0.599,5.05,5.07,5.204,-2.698,-3.296,0.787,4.746,7.76,-3.817,-5.328,0.4259,5.003,2.145,-11.37,-5.138,-6.397,2.624
1786,1.01,3.587,-1.121,6.511,0.8276,-2.352,1.13,1.15,3.47,0.6206,-2.204,-4.546,-19.1,2.476,6.354,5.537,-1.466,-3.822,-3.398,-1.155,3.084,3.666,-0.8697,16.49,5.395,-0.0796,-4.318,-1.025,3.217,0.0782,1.556,-1.009,2.522,-1.499,1.525,-0.1073,5.163,5.351,5.078,-6.43,-0.3241,5.05,5.07,2.496,-3.089,-5.56,-1.222,4.011,7.797,-0.9997,0.1342,1.155,1.369,3.287,-12.66,-3.472,-5.167,2.393
1787,1.01,1.343,-3.449,3.438,-1.603,0.4252,1.13,1.15,1.375,0.9906,-1.612,-6.785,-17.47,3.083,5.716,8.225,0.446,-4.127,-4.046,-4.915,1.381,1.203,-0.6161,12.91,5.096,0.2028,-3.34,-0.3881,3.789,-2.7,1.619,1.037,-1.347,-0.9158,-1.992,-2.075,5.574,7.213,2.186,-2.296,0.3171,5.05,5.07,5.669,-3.896,-5.178,-2.758,4.601,7.437,-4.987,-2.379,1.116,3.558,3.355,-11.56,-4.584,-6.426,2.644
1788,1.01,2.775,1.297,1.377,1.77,0.7821,1.13,1.15,7.48,0.9165,-3.746,-2.224,-14.83,1.602,6.567,6.597,1.211,-6.295,-6.586,-1.567,0.9673,-0.3561,-0.6211,11.95,3.849,-1.043,-3.168,-2.302,2.048,-4.18,-1.891,-1.502,0.6401,0.7593,-3.369,-1.59,5.238,3.922,1.315,-2.12,-2.659,5.05,5.07,3.82,-9.741,-4.637,-1.67,5.21,7.41,-2.501,-4.902,2.381,1.357,0.7763,-11.18,-2.945,-5.54,3.024
1789,1.01,2.171,-3.374,5.006,2.863,-3.639,1.13,1.15,3.589,0.6043,-4.367,-3.202,-18.45,3.431,5.462,6.017,1.925,-5.288,-4.373,-1.393,3.345,-0.7262,-1.717,13.82,4.747,0.9505,-4.505,-1.882,4.271,-3.956,0.6475,1.18,0.7305,0.8086,-2.674,-0.6396,3.524,5.731,5.559,-2.871,3.977,5.05,5.07,4.525,-3.571,-5.135,-0.8767,3.873,11.92,-3.115,-3.076,0.9923,3.72,1.827,-12.08,-5.264,-6.647,2.787
1790,1.01,3.197,-3.634,6.074,0.0295,-1.71,1.13,1.15,4.444,0.0368,-1.704,-5.339,-17.49,1.614,5.469,5.567,0.9516,-5.194,-1.466,-2.941,3.967,2.53,-2.349,13.45,3.55,-0.0007,-2.11,-2.15,3.023,-2.049,1.516,-0.3625,-2.05,1.311,-2.736,-0.3569,7.002,4.866,3.089,-3.928,1.905,5.05,5.07,6.408,-3.692,-6.69,-2.1,4.378,10.43,-2.555,-3.649,0.5649,4.746,0.8876,-11.49,-2.984,-4.919,2.486
1791,1.01,2.692,-0.4124,3.485,0.276,0.3208,1.13,1.15,4.648,0.276,-0.9425,-3.242,-18.39,3.614,7.928,6.164,1.765,-6.178,-3.041,-3.905,1.674,-0.6198,0.4306,16.76,2.939,1.013,-3.948,-2.279,1.882,-1.759,1.87,-1.167,0.3355,0.0554,-1.552,-1.069,7.48,4.544,4.473,-2.803,1.515,5.05,5.07,6.657,-4.311,-6.024,1.677,5.759,6.376,-5.426,-3.761,0.8104,2.876,2.111,-10.07,-5.579,-4.993,2.863
1792,1.01,1.125,-0.7254,6.173,-0.3054,-0.8793,1.13,1.15,2.04,-1.424,-3.005,-5.004,-15.2,1.139,5.81,7.519,2.836,-5.109,-3.472,-1.924,1.802,-0.9196,-1.823,15.74,5.335,-0.0756,-2.227,0.0735,1.924,-2.491,-2.4,-0.14,-1.83,1.933,-0.8268,-1.807,5.468,6.404,4.321,-1.707,0.7213,5.05,5.07,4.835,-3.793,-4.93,-2.984,5.192,9.101,-2.983,0.3151,1.25,1.322,2.357,-10.47,-3.339,-5.347,5.552
1793,1.01,1.66,-0.676,2.255,-2.168,2.78,1.13,1.15,2.991,1.579,-4.297,-2.75,-15.48,0.8967,4.237,6.004,3.157,-8.87,-3.737,-4.339,2.242,3.619,-2.938,13.52,1.409,-0.6846,-3.583,-2.855,0.306,-2.413,-1.787,-2.012,0.0259,-2.409,-1.909,-0.7258,5.262,5.057,3.568,-1.75,-1.133,5.05,5.07,5.921,-4.502,-7.059,-0.9138,4.649,9.512,-2.66,-4.523,1.638,2.009,1.144,-11.27,-4.388,-6.256,6.702
1794,1.01,1.914,3.309,5.615,0.5937,-0.7011,1.13,1.15,5.095,-0.6026,-3.817,-4.44,-17.55,0.6291,7.963,5.381,1.397,-4.345,-6.247,-0.9448,1.308,5.405,-3.367,14.02,1.387,-0.798,-3.488,-1.998,1.269,-4.059,-1.002,-0.5083,-0.1429,2.196,-2.58,-2.452,5.702,3.746,3.474,-1.607,-0.0759,5.05,5.07,3.807,-2.529,-8.538,0.1425,3.44,9.577,-3.255,-4.466,0.3931,0.8164,2.356,-11.91,-2.238,-8.016,2.316
1795,1.01,2.39,2.486,4.853,1.005,-2.441,1.13,1.15,5.67,2.416,-3.916,-3.185,-19.13,3.536,5.867,5.552,1.44,-5.797,-5.375,-3.243,0.7558,3.316,-2.426,15.24,5.103,1.272,-4.224,-3.266,2.27,-4.2,0.5383,-0.4717,1.854,0.1208,-2.196,-0.4554,4.651,5.293,2.188,-2.803,2.881,5.05,5.07,3.703,-4.552,-6.056,-0.0354,5.49,8.027,0.0018,-2.803,0.5287,1.238,0.924,-11.13,-5.13,-3.695,3.729
1796,1.01,2.921,2.398,3.272,-1.271,-0.0498,1.13,1.15,6.142,2.056,-3.446,-5.911,-15.31,4.093,7.902,5.931,0.7014,-8.108,-4.98,-0.9326,2.084,0.3294,0.5188,13.13,4.371,3.312,-2.158,-1.823,1.328,0.8077,-0.512,1.616,1.095,0.7934,-1.655,0.6599,5.683,3.669,1.923,-3.188,0.7979,5.05,5.07,3.84,-0.6353,-6.339,-0.1673,4.76,13.39,-5.495,-3.76,-0.1746,6.103,2.161,-11.11,-6.27,-4.957,2.558
1797,1.01,0.5885,5.234,2.882,0.4341,2.48,1.13,1.15,6.623,1.126,-1.279,-3.11,-16.53,2.781,6.407,7.12,1.987,-6.848,-5.369,-2.507,0.5217,0.3596,-0.4754,13.99,3.733,0.2591,-4.068,-3.059,1.799,-1.987,-2.574,0.0881,-1.703,1.771,-2.312,-0.0427,4.893,4.179,3.794,-4.49,0.9502,5.05,5.07,1.962,-1.597,-4.115,-0.7641,4.606,8.104,-3.088,-3.165,1.778,3.334,1.927,-12.05,-3.737,-3.64,2.467
1798,1.01,4.257,-3.438,4.412,-0.6926,0.2819,1.13,1.15,5.397,2.714,-3.897,-3.285,-16.19,1.62,6.039,9.72,1.039,-5.508,-4.634,-1.644,4.29,2.465,-1.629,16.83,4.735,3.014,-3.907,0.3865,1.16,-2.922,0.1998,1.943,-0.6845,1.393,-3.408,-0.4238,3.116,1.669,2.619,-3.553,-1.554,5.05,5.07,3.254,-6.009,-4.938,0.1151,6.152,10.07,-4.415,-2.887,-0.0699,-0.5018,0.6121,-9.809,-2.696,-0.5844,3.428
1799,1.01,0.7737,-2.592,3.937,1.356,0.0617,1.13,1.15,3.305,3.104,-2.881,-1.054,-17.52,1.257,5.226,4.835,2.88,-6.144,-4.22,-5.092,1.964,-0.502,-0.9941,15.05,3.687,0.2957,-3.317,-4.052,2.251,-3.137,-4.014,2.216,-0.359,0.7478,-0.729,-0.5119,5.989,4.195,2.471,-4.14,-0.9276,5.05,5.07,5.833,-5.823,-7.361,-1.037,4.108,10.81,-2.979,-7.461,0.5615,3.986,0.8338,-11.7,-6.12,-6.729,2.632
1800,1.01,1.345,0.919,3.49,-0.303,-3.21,1.13,1.15,6.086,1.612,-2.166,-3.792,-14.77,0.5095,4.905,6.992,0.8125,-7.292,-6.058,-3.341,2.406,-0.0165,-1.614,13.26,0.7385,4.597,-0.3815,-2.319,3.571,-1.806,2.209,-0.2463,0.2797,0.2637,-1.297,-2.193,4.787,3.391,2.141,-1.756,-0.5107,5.05,5.07,0.396,-2.002,-5.467,-1.278,4.327,10.7,-1.75,-2.981,-0.4059,3.353,1.828,-10.82,-4.926,-8.508,2.55
1801,1.01,2.618,-0.0981,2.38,3.611,-2.583,1.13,1.15,4.987,0.1247,-3.954,-4.635,-14.54,2.456,4.461,5.682,2.364,-4.914,-4.451,-3.364,2.889,1.865,-3.076,15.65,3.327,-0.0771,-6.512,-2.691,1.862,-1.442,-0.066,-0.1285,0.3646,1.2,-1.621,-1.764,4.739,4.548,4.964,-4.036,0.5468,5.05,5.07,3.199,-2.551,-4.023,0.0243,5.572,6.851,-4.25,-4.668,0.005,0.786,0.3309,-12.36,-5.811,-7.51,4.098
1802,1.01,-0.3803,-1.285,2.819,-0.6906,-2.466,1.13,1.15,5.402,2.399,-1.47,-3.989,-17.47,1.377,5.739,6.933,2.042,-6.392,-2.704,-2.532,3.727,1.735,-0.4967,13.08,3.253,-1.376,-3.798,-3.076,0.0295,-4.096,-2.662,0.3488,-1.755,-0.7142,-1.972,0.7484,4.494,2.916,4.875,-3.582,2.26,5.05,5.07,3.322,-0.8801,-7.38,-1.18,2.273,10.6,-3.257,-5.233,1.271,2.456,2.682,-12.3,-3.907,-7.315,5.062
1803,1.01,1.971,-3.614,4.273,-2.834,-0.7177,1.13,1.15,2.858,2.733,-1.784,-4.389,-17.93,3.132,4.4,5.009,1.586,-7.489,-5.984,-1.026,3.504,-0.3281,0.0102,13.99,3.94,0.2276,-4.664,-1.562,1.972,-1.201,0.2229,-1.513,0.9211,-0.1615,-2.227,0.4627,6.343,4.187,3.465,-2.086,0.5579,5.05,5.07,3.539,-4.897,-4.898,1.392,5.057,11.65,-2.611,-1.71,1.668,3.737,2.498,-11.48,-4.426,-6.399,1.731
1804,1.01,2.06,4.752,5.792,0.7353,-0.464,1.13,1.15,3.081,0.4634,-2.092,-4.93,-17.76,3.553,4.002,6.586,1.896,-6.574,-2.106,-1.798,1.24,0.7741,-0.921,13.3,3.086,1.273,-0.1034,-2.459,0.8614,-6.208,-0.4301,-3.143,0.1965,-0.7507,-4.775,-1.201,7.373,5.673,2.541,-0.4634,-2.541,5.05,5.07,6.799,-0.3082,-3.378,1.782,2.813,10.96,-4.779,-2.474,-0.995,5.833,3.533,-10.71,-4.426,-8.452,1.181
1805,1.01,3.676,-1.139,4.864,-2.387,-2.428,1.13,1.15,5.226,-0.0574,-2.453,-4.749,-15.33,3.723,6.608,6.844,0.6768,-6.253,-5.51,-2.293,2.532,0.5802,-0.3843,16.03,5.089,-0.2937,-5.205,-2.188,2.615,-3.889,-2.041,0.6563,-0.8965,-0.835,-3.632,-2.168,5.145,3.924,3.125,-5.432,-1.593,5.05,5.07,4.807,-0.2909,-6.573,-1.301,4.167,7.994,-6.551,-4.916,-1.568,2.116,2.047,-11.41,-6.369,-8.219,3.937
1806,1.01,2.018,-2.41,4.922,-1.384,-2.31,1.13,1.15,2.499,2.561,-2.251,-5.726,-16.22,2.033,4.303,5.835,1.109,-5.63,-6.575,-4.52,-0.3965,1.492,-3.147,14.47,1.344,-0.7377,-3.857,0.8875,2.857,-4.672,-0.9178,-0.9043,0.3928,-0.827,-3.578,-1.904,5.409,5.662,3.334,-3.814,1.548,5.05,5.07,3.041,-3.887,-2.611,0.2374,4.273,9.525,0.014,0.0208,0.487,5.231,2.82,-11.73,-4.469,-6.409,0.33
1807,1.01,2.989,1.705,3.369,1.676,0.2216,1.13,1.15,4.351,0.8254,-4.307,-4.558,-18.05,1.824,4.933,4.207,1.227,-7.563,-4.052,-4.771,0.8431,1.122,-1.939,13.81,2.912,1.977,-3.342,-2.456,1.442,-2.427,1.949,1.781,1.145,0.0344,-4.756,-1.548,4.508,7.061,2.257,0.407,1.939,5.05,5.07,3.637,-3.878,-4.602,-0.7485,7.5,12.89,-1.76,-3.242,2.961,3.659,1.804,-10.17,-5.587,-7.4,4.012
1808,1.01,1.394,1.895,3.69,0.7597,-3.21,1.13,1.15,3.954,0.4597,-3.958,-5.911,-17.75,4.443,3.513,5.045,2.241,-5.086,-4.568,-2.772,1.989,-0.2104,-1.486,16.01,3.873,1.631,-3.246,-0.7421,2.377,-3.325,-3.085,-1.873,-1.633,-2.03,-2.576,-1.475,4.707,3.981,1.256,-2.788,2.384,5.05,5.07,3.519,-4.078,-6.887,-0.9342,4.268,5.651,-1.989,-5.568,1.566,3.205,1.54,-13.08,-4.484,-4.927,3.695
1809,1.01,1.624,-0.0258,3.038,1.499,-2.926,1.13,1.15,4.587,-0.522,-1.989,-4.299,-17.48,2.929,6.774,6.224,2.169,-6.354,-6.188,0.1503,1.369,1.538,-1.132,14.93,3.872,0.9785,-1.743,0.1235,0.7425,-3.989,-2.169,-2.418,-2.498,0.4087,-2.858,-1.035,6.109,4.789,1.152,-3.01,2.71,5.05,5.07,2.886,-3.622,-7.465,-0.5253,7.088,6.196,-3.017,-6.436,2.275,2.674,2.09,-10.45,-5.029,-6.452,3.824
1810,1.01,2.955,-2.287,4.777,-0.5524,-0.8297,1.13,1.15,3.331,0.6104,-0.8838,-4.456,-14.77,1.131,7.451,6.225,0.3699,-7.506,-4.611,-2.065,4.741,0.0005,-2.295,13.94,4.621,2.051,-4.61,-2.23,0.9392,-0.2228,-0.5419,0.0636,-1.627,1.044,-4.126,-0.5293,5.247,6.803,3.987,-2.6,-0.1938,5.05,5.07,4.725,-2.549,-4.332,-1.573,1.2,11.18,-1.701,-7.3,0.7557,1.895,3.116,-11.62,-7.612,-5.574,3.051
1811,1.01,1.438,-1.961,3.315,0.0181,2.816,1.13,1.15,6.603,0.3657,-2.681,-4.784,-18.52,3.286,5.891,5.181,-0.4288,-6.927,-3.822,-2.68,2.383,3.314,-0.7439,12.33,4.37,1.464,-1.481,-1.793,0.53,-1.793,-2.933,1.609,0.7623,1.102,-5.644,0.0983,5.739,7.426,2.419,-5.045,0.2961,5.05,5.07,4.618,-5.7,-7.161,-1.382,4.374,9.416,-3.695,-2.828,2.392,4.039,2.919,-11.51,-5.246,-6.486,3.388
1812,1.01,1.846,0.9773,6.139,0.6087,0.2366,1.13,1.15,4.416,2.082,-3.019,-4.397,-20.28,3.891,2.978,5.104,2.382,-6.918,-4.074,-4.072,0.931,0.3905,-0.5368,15.16,-0.5451,0.0747,-1.878,-1.074,2.71,-4.389,-3.962,0.5151,-1.563,-2.672,-5.463,-2.16,3.512,6.42,3.211,-1.966,2.858,5.05,5.07,0.8708,-0.9679,-5.471,1.795,4.092,10.36,0.3338,1.213,1.205,3.301,3.256,-10.7,-5.132,-2.764,4.446
1813,1.01,1.2,0.876,2.932,0.2976,-2.53,1.13,1.15,4.302,0.9261,-1.935,-3.495,-16.15,-0.3754,7.075,8.004,2.017,-6.877,-6.737,-2.49,2.157,0.2539,-1.865,13.28,2.048,1.675,-2.645,-0.5793,0.5908,-0.0196,2.423,0.0388,2.162,3.211,-5.344,-2.664,4.918,5.783,3.875,-3.482,-2.273,5.05,5.07,4.069,-2.892,-5.748,-3.523,5.528,11.74,-6.934,-6.858,0.9962,2.939,1.155,-10.38,-5.24,-5.4,2.259
1814,1.01,1.04,-3.961,4.234,3.106,0.4304,1.13,1.15,4.201,1.624,-3.002,-3.466,-15.79,0.1115,2.466,8.572,0.0003,-8.445,-2.404,0.6551,3.07,-0.6309,-0.3329,11.97,3.244,2.154,-2.748,1.49,-0.6465,-2.437,1.242,-0.0498,-1.614,-0.1968,-2.165,-1.763,5.491,6.187,4.584,-2.323,2.117,5.05,5.07,2.307,-3.184,-6.578,-1.283,4.263,7.957,-6.459,-3.327,2.472,3.953,3.706,-12.09,-4.742,-7.961,0.2351
1815,1.01,2.543,0.2665,5.019,1.904,-1.581,1.13,1.15,2.602,1.685,-2.952,-4.011,-17.34,2.786,4.867,5.987,1.107,-7.633,-4.964,-4.002,2.331,2.412,-2.121,14.95,4.291,-0.7971,-2.883,-1.316,0.9502,-1.208,1.213,-0.5467,-1.158,-0.1623,-0.3547,-1.516,4.781,5.288,1.874,-2.193,1.802,5.05,5.07,6.375,-3.168,-5.279,-0.5625,6.098,8.537,-4.293,-2.984,0.5104,3.47,1.772,-11.87,-3.672,-3.856,2.986
1816,1.01,0.4324,0.6824,4.805,-0.4002,-1.955,1.13,1.15,0.246,0.3499,-1.655,-3.613,-15.36,2.558,6.783,5.783,2.477,-6.031,-3.766,-2.903,0.6779,-1.339,-1.642,16.5,3.173,1.43,-2.627,-0.0445,2.45,-2.453,-3.764,0.5766,0.0349,-1.294,-2.105,0.2339,3.581,7.92,1.441,-4.225,2.237,5.05,5.07,7.83,-2.748,-5.899,0.7987,3.118,6.44,-2.195,-1.66,0.4423,1.833,1.919,-11.93,-3.478,-5.111,3.429
1817,1.01,1.046,1.797,5.91,0.3646,0.9296,1.13,1.15,2.286,-1.281,-2.161,-3.593,-16.9,-0.2034,5.499,2.441,2.103,-5.789,-5.061,-2.803,0.8189,-0.2707,0.6399,13.16,1.941,-1.0,-1.051,-4.096,0.2903,-4.148,1.078,-0.2258,1.87,0.7736,-1.027,-1.016,3.591,4.523,3.667,-2.892,1.833,5.05,5.07,4.787,-7.266,-4.341,0.3824,3.255,4.115,-4.956,-6.081,2.513,2.21,1.35,-11.61,-6.802,-9.38,3.302
1818,1.01,3.22,-0.548,2.164,-1.9,0.0944,1.13,1.15,6.417,-2.44,-2.092,-4.175,-17.68,2.102,6.3,6.961,2.002,-6.393,-4.103,-4.796,3.529,0.1721,-0.8595,12.49,3.233,0.2198,-5.065,-0.3678,0.3957,-0.6418,-0.984,0.6945,-0.54,0.0486,-4.044,-1.505,7.834,5.497,2.054,-1.761,3.355,5.05,5.07,4.095,-5.096,-7.453,-0.4547,5.209,7.072,-4.902,-8.477,0.2084,3.14,3.253,-10.41,-3.974,-3.253,2.539
1819,1.01,3.392,1.076,4.603,-0.9596,-0.3376,1.13,1.15,4.398,1.681,-2.391,-3.836,-17.19,1.498,5.098,5.77,1.422,-7.836,-0.9358,-4.814,1.085,1.153,-1.294,14.52,1.722,1.895,-2.575,0.5413,2.618,-3.58,-2.095,2.027,-1.655,-0.8403,-4.508,-0.6887,5.965,5.17,2.274,-5.763,1.413,5.05,5.07,3.724,-3.117,-6.874,0.1385,4.844,8.856,-4.82,-3.982,1.319,4.614,2.371,-12.94,-3.791,-6.763,2.351
1820,1.01,2.206,2.34,2.847,-2.192,0.1209,1.13,1.15,3.692,-0.2136,-3.372,-2.807,-17.88,1.109,5.587,4.289,2.9,-9.219,-2.096,-0.6782,0.3245,0.025,0.4757,13.43,2.127,1.48,-3.72,-3.569,-0.3499,-3.947,-0.2035,-0.081,-0.5313,-0.7364,-1.991,-0.7096,5.253,5.616,5.04,-3.461,1.638,5.05,5.07,2.791,-4.523,-2.353,2.308,1.156,3.953,-3.482,-3.683,-1.425,2.441,2.365,-12.85,-5.12,-5.684,3.392
1821,1.01,0.9562,-1.629,2.768,0.5472,-0.6927,1.13,1.15,5.079,2.645,-1.875,-4.816,-17.62,0.0668,6.611,4.02,0.6699,-7.468,-3.336,-4.618,1.329,1.63,-0.0092,11.97,2.256,-0.0944,-0.9204,0.5676,1.823,-3.462,-0.0324,-1.368,-0.9821,-2.136,-4.044,-1.702,5.391,3.668,4.644,-2.384,1.304,5.05,5.07,5.821,-3.297,-6.112,0.7933,5.55,4.296,-3.297,-3.403,0.3163,3.543,3.508,-11.78,-5.057,-4.613,2.392
1822,1.01,4.914,0.1687,4.697,-2.478,-0.4496,1.13,1.15,3.089,1.117,-3.548,-2.281,-14.68,3.562,6.824,6.217,1.029,-7.97,-3.038,-2.924,0.2589,2.399,-1.06,13.81,3.912,1.01,-3.902,-0.7625,0.6408,-1.518,-1.585,-0.5161,-0.5024,-1.814,-4.356,-0.8361,6.934,8.666,4.088,-5.105,2.37,5.05,5.07,3.724,-3.293,-2.944,-0.6356,7.609,7.465,-7.334,-1.868,1.314,3.953,2.95,-12.05,-5.201,-5.353,3.129
1823,1.01,2.16,0.0698,4.878,-0.6422,-0.9617,1.13,1.15,3.186,2.393,-1.789,-4.01,-17.58,3.467,6.474,6.584,-0.4618,-6.449,-5.623,-1.026,0.7342,1.354,-0.9786,14.1,3.044,-2.589,-5.051,-0.1225,-0.4283,-1.694,1.103,-1.272,-2.93,0.5127,-4.982,-1.734,5.44,6.713,4.851,-2.518,1.299,5.05,5.07,5.129,-3.878,-6.36,-1.199,3.911,7.917,-4.021,-4.312,0.0672,1.865,3.154,-11.91,-3.858,-4.402,4.23
1824,1.01,1.531,-2.013,3.476,2.101,-1.885,1.13,1.15,5.967,0.701,-2.658,-3.122,-17.24,2.11,6.799,8.916,4.935,-7.768,-3.103,-2.68,2.206,4.155,-1.186,11.97,5.185,-0.4522,-2.889,-1.492,0.054,-1.394,2.74,-0.6034,0.8815,-2.267,-2.24,-1.217,4.103,5.279,3.47,-2.511,-0.1976,5.05,5.07,3.404,-5.887,-6.08,-1.583,1.987,8.611,-1.993,-0.3065,1.593,2.542,2.812,-11.17,-4.558,-6.628,3.785
1825,1.01,3.412,-0.2953,2.405,3.005,0.3647,1.13,1.15,1.8,-0.8111,-3.212,-5.568,-15.3,3.999,4.864,6.05,2.534,-7.039,-6.746,-4.32,2.397,-1.238,-1.289,14.59,5.762,1.122,-3.741,-3.064,3.763,-2.1,-0.2084,1.483,1.375,2.072,-3.228,-0.5648,4.491,7.799,2.609,-3.966,0.2942,5.05,5.07,5.858,-5.724,-7.947,0.6464,5.71,4.98,-0.0915,-6.674,0.1321,4.225,2.944,-12.66,-8.691,-6.755,2.072
1826,1.01,0.8283,-2.138,3.617,1.797,-1.25,1.13,1.15,2.079,1.864,-1.03,-5.168,-16.51,1.186,6.14,4.036,1.062,-5.598,-4.266,-6.507,1.595,2.887,0.5086,13.6,1.807,1.796,-0.3608,-2.652,2.641,-3.103,-0.4964,-1.661,-2.008,0.8912,-3.3,-1.526,5.903,2.404,2.543,-4.282,2.843,5.05,5.07,5.443,-4.069,-7.241,0.4177,5.669,5.376,-3.593,-7.985,1.803,4.881,4.253,-12.86,-2.928,-4.217,3.846
1827,1.01,2.386,-1.493,3.811,-0.0466,1.567,1.13,1.15,1.765,2.355,-3.581,-6.091,-17.27,-0.0305,5.492,4.589,0.1392,-6.497,-4.078,-4.428,3.013,2.402,-1.242,13.26,1.222,1.228,-3.16,-1.067,2.023,-2.823,2.864,1.083,-0.0881,0.2507,-1.469,-1.314,6.439,8.054,2.984,-2.706,0.8754,5.05,5.07,4.398,-3.816,-2.163,-1.328,6.823,9.355,-4.891,-3.093,-0.2658,1.75,3.319,-11.3,-4.628,-1.263,4.025
1828,1.01,3.651,-1.683,0.1648,-2.162,-0.9341,1.13,1.15,5.461,1.183,-3.318,-2.711,-17.14,2.522,6.349,7.225,1.574,-4.998,-4.139,-2.442,0.0767,-1.68,0.0895,13.94,4.196,-0.5939,-0.928,-2.187,2.828,-4.435,0.0723,0.0562,0.0297,-0.0631,-2.197,-0.3253,5.38,4.845,3.247,-3.847,1.906,5.05,5.07,5.129,-2.516,-7.248,-2.053,3.852,7.706,-4.755,-6.531,-0.1362,3.092,0.8309,-11.56,-4.018,-6.095,3.381
1829,1.01,1.135,-0.5886,3.249,-0.3806,-1.419,1.13,1.15,3.022,-0.7678,-1.226,-6.04,-19.18,2.74,7.054,6.012,-0.8628,-6.658,-3.798,-0.2414,2.008,1.041,-1.236,15.29,3.223,1.286,-2.585,-3.319,0.0686,-0.9975,-0.1789,-0.6228,-1.927,1.781,0.1791,-1.303,6.648,7.577,1.891,-1.162,1.14,5.05,5.07,4.234,0.3806,-6.403,0.3771,6.841,4.806,-3.162,-8.65,0.3524,3.921,3.59,-11.74,-4.463,-3.547,2.922
1830,1.01,3.134,-1.221,1.554,0.8134,-0.0036,1.13,1.15,4.987,1.13,-0.9468,-3.452,-18.64,2.544,6.229,7.47,0.8454,-5.426,-5.584,-1.028,1.132,-1.446,-1.448,15.75,3.729,0.1922,-2.753,0.2834,2.164,-0.753,0.7065,0.2933,-3.085,-0.5293,-2.156,-0.8379,5.25,6.856,3.164,-3.721,0.0655,5.05,5.07,2.135,0.6954,-3.356,2.027,5.669,5.362,-4.702,-6.069,1.305,1.352,1.635,-11.23,-4.703,-5.694,1.808
1831,1.01,2.488,-0.5911,-0.0272,-0.4251,-1.595,1.13,1.15,3.097,-2.516,-2.388,-1.963,-17.16,2.62,5.663,6.775,0.2655,-6.129,-1.444,-3.304,2.134,0.3559,-4.563,16.79,1.681,1.17,-4.985,-0.7767,0.4585,-2.074,-1.874,0.3354,0.5888,-2.788,-4.212,-0.6757,6.718,5.267,2.815,-0.8479,-0.4231,5.05,5.07,3.65,-4.764,-5.226,-0.0806,3.61,10.68,-6.418,-3.402,0.9986,3.359,2.759,-12.81,-4.702,-8.96,-1.207
1832,1.01,3.331,-0.7435,2.787,2.475,-0.5585,1.13,1.15,4.293,0.2043,-4.154,-4.842,-14.48,0.788,5.378,5.71,2.598,-6.914,-3.786,-4.4,1.845,1.806,-2.11,14.99,2.171,-1.473,-4.066,-1.73,0.6839,-3.818,1.171,1.282,-0.8842,0.0314,-4.313,-2.41,4.922,5.261,3.703,-4.449,1.947,5.05,5.07,2.506,-3.044,-4.066,2.181,3.406,8.119,-2.853,-4.976,-0.6148,3.603,2.703,-11.21,-6.861,-3.373,1.211
1833,1.01,1.812,-5.343,4.315,-0.682,-0.6079,1.13,1.15,2.771,0.1449,-2.434,-4.947,-17.57,1.4,5.869,5.877,3.796,-6.378,-3.035,-4.472,-0.3335,-1.221,-1.675,14.08,3.05,1.191,-1.829,0.0174,1.505,-4.699,1.577,-0.416,-0.1802,2.302,-1.221,-0.0644,5.977,5.315,3.414,-2.27,-0.4975,5.05,5.07,6.107,-4.119,-4.603,-0.0386,2.866,7.778,-2.897,-6.351,2.012,4.726,1.822,-12.18,-3.094,-7.49,4.408
1834,1.01,0.1458,3.443,4.167,2.315,-2.557,1.13,1.15,3.9,-0.8114,-1.752,-2.998,-17.92,3.259,6.285,6.264,-0.9408,-6.739,-6.261,-5.101,1.998,4.14,-1.326,14.64,4.71,1.183,-2.136,0.0324,0.9421,-5.176,-0.121,0.5752,-1.766,-3.444,-3.698,-0.2214,5.44,6.634,3.151,-4.343,1.694,5.05,5.07,5.787,-4.166,-8.114,1.068,4.189,10.56,-4.442,-1.959,1.98,4.646,2.322,-12.73,-6.771,-4.711,3.269
1835,1.01,0.8681,0.8413,3.972,3.043,-3.976,1.13,1.15,4.992,1.037,-3.268,-1.896,-16.84,0.4048,5.367,8.512,0.2072,-8.903,-3.216,-2.13,2.106,0.7861,-1.336,15.07,2.073,-0.4744,-4.413,-0.4918,0.7862,-4.3,-0.6689,-1.637,-1.315,1.553,-2.362,-2.414,2.856,5.047,2.174,-2.053,-0.9637,5.05,5.07,4.497,2.143,-4.268,-2.065,5.373,5.233,-2.114,-5.238,0.1308,3.594,0.6102,-10.62,-3.53,-8.735,2.975
1836,1.01,1.005,-2.962,3.297,-0.274,-2.007,1.13,1.15,3.522,0.0056,-2.144,-4.152,-18.24,3.139,5.43,6.667,1.113,-7.311,-2.707,-3.205,4.52,-1.75,0.4957,15.56,1.228,-0.3865,-4.11,-2.548,0.4691,-2.731,-3.052,1.833,-1.71,0.7245,-4.665,0.0431,5.994,5.326,3.561,-3.687,1.533,5.05,5.07,3.223,-6.012,-3.771,-0.8873,6.932,9.563,-4.563,-5.424,1.192,3.685,2.151,-10.73,-3.59,-4.413,1.074
1837,1.01,2.828,1.573,1.255,1.69,-0.6595,1.13,1.15,2.846,-2.118,-3.232,-5.306,-14.95,4.463,5.41,5.25,-0.0799,-6.104,-5.393,-4.067,1.169,1.248,-3.24,15.43,3.398,-0.5827,-2.17,-2.908,1.886,-0.8272,-2.369,1.223,2.138,-1.6,-1.765,-1.905,4.845,3.185,2.769,-2.262,1.032,5.05,5.07,5.335,-1.104,-5.572,-0.2788,3.283,7.24,-5.761,-4.326,-0.0594,3.781,0.6302,-10.54,-7.578,-5.468,2.312
1838,1.01,2.214,-1.663,4.185,0.8322,-0.1565,1.13,1.15,3.807,-1.492,-0.7779,-1.633,-18.25,3.354,4.712,3.512,1.752,-8.513,-5.213,-3.69,-1.135,2.642,-0.8599,13.68,4.395,-1.45,-3.161,-1.073,1.64,-1.426,-1.467,-0.1666,0.8854,-2.402,-1.319,-0.0725,3.92,7.711,4.298,-4.722,3.417,5.05,5.07,2.841,-5.083,-3.749,1.185,4.336,5.925,-4.135,-1.318,1.383,3.265,3.038,-11.46,-5.092,-7.735,3.489
1839,1.01,4.404,3.397,4.091,-0.8067,-1.376,1.13,1.15,4.069,0.5377,-2.069,-4.778,-14.81,1.507,3.524,6.403,-0.2277,-6.265,-4.982,-3.992,1.097,2.358,-2.653,11.96,3.882,0.089,-2.315,-0.6417,0.7808,-2.321,-0.4934,-2.274,1.417,-0.9918,-1.354,-1.292,5.678,2.998,2.91,-1.195,2.333,5.05,5.07,4.341,-2.805,-6.511,0.2851,7.311,8.143,-3.513,-0.3943,-1.475,3.175,1.567,-11.91,-4.024,-6.545,3.586
1840,1.01,4.295,-1.259,3.722,1.013,1.986,1.13,1.15,3.85,0.7759,-4.045,-3.672,-18.07,3.504,6.14,7.778,0.0594,-4.757,-4.699,-1.378,1.722,-0.2302,-0.9808,12.99,4.124,-0.8239,-3.747,-3.547,1.843,-2.451,1.949,0.0737,2.059,0.9543,-1.564,-0.1497,4.956,7.205,4.747,-3.768,1.722,5.05,5.07,5.891,-3.479,-7.655,1.489,5.879,10.06,-4.756,-4.004,1.268,1.512,1.389,-12.03,-4.669,-8.164,3.499
1841,1.01,0.7008,-3.447,5.202,-1.822,-1.016,1.13,1.15,3.465,0.7766,-0.9077,-5.993,-17.92,0.863,4.649,6.21,1.49,-5.676,-2.301,-4.38,1.07,1.069,0.1666,14.25,5.226,2.763,-5.551,-2.67,1.332,-0.5421,3.112,-0.9234,-0.9212,1.177,-2.908,-1.798,6.173,6.38,4.594,-3.38,3.199,5.05,5.07,4.005,-3.326,-3.327,1.138,5.197,9.184,-3.941,-2.116,-0.5633,4.395,2.135,-13.82,-5.371,-6.595,3.795
1842,1.01,3.219,-3.137,2.968,-0.416,-2.863,1.13,1.15,5.233,-0.1745,-2.665,-4.719,-16.53,0.8953,6.377,5.303,0.5961,-6.46,-2.925,-0.2507,0.796,0.3674,-3.248,12.8,4.714,1.129,-2.417,-2.337,2.153,-3.915,-0.3642,0.3995,-1.233,0.4364,-5.385,0.2622,3.219,3.713,1.447,-3.63,-1.142,5.05,5.07,6.732,-1.788,-5.263,-0.5698,2.936,8.856,-2.514,-1.478,1.19,5.071,1.196,-11.28,-4.358,-6.329,1.436
1843,1.01,1.721,-2.983,2.817,-1.656,-3.787,1.13,1.15,3.678,1.074,-2.096,-4.701,-20.31,3.17,6.288,5.385,3.031,-6.789,-5.693,-2.207,1.549,0.1242,-0.6093,14.09,4.098,1.524,-2.413,2.802,-0.1842,-4.448,-1.007,-0.233,-1.05,0.5946,-2.29,-1.38,5.689,6.094,0.7231,-2.398,-0.7517,5.05,5.07,4.44,-4.858,-5.263,0.0372,3.462,7.789,-4.486,-4.38,-0.0659,2.617,0.5362,-12.47,-5.212,-7.952,3.684
1844,1.01,2.308,-0.4559,2.006,-1.821,-1.607,1.13,1.15,4.186,0.9537,-1.544,-5.049,-15.94,2.111,5.776,6.259,1.078,-5.716,-4.056,-3.561,2.051,-1.879,-1.329,16.1,1.179,0.3191,-3.473,-0.3303,0.7821,-2.663,3.332,-0.2863,-2.106,-1.685,-4.161,-2.392,4.592,4.36,3.341,-2.349,0.4298,5.05,5.07,5.764,-6.278,-5.466,-0.6262,6.515,11.69,-1.332,-4.5,0.7632,3.032,2.605,-11.99,-7.271,-8.006,1.769
1845,1.01,1.549,2.703,4.78,0.6376,0.6628,1.13,1.15,4.412,1.833,-2.639,-2.179,-15.54,3.318,5.778,5.452,1.428,-4.888,-6.115,-3.173,2.537,-0.8297,-2.789,13.74,4.089,0.5606,-4.343,-0.637,3.649,-1.331,1.096,1.043,-1.229,-2.536,-2.589,-1.46,3.192,9.268,3.515,-0.609,-0.6122,5.05,5.07,3.662,-0.6475,-5.714,-1.733,4.759,11.44,-0.1532,-5.171,0.6793,0.7628,3.104,-13.16,-5.421,-4.577,3.708
1846,1.01,4.224,0.4078,3.133,0.8694,-1.956,1.13,1.15,6.159,1.073,-3.934,-4.198,-15.83,2.525,7.626,8.362,0.2197,-8.264,-4.684,-3.115,4.401,3.363,-2.19,11.26,2.745,-1.002,0.0412,-3.68,1.626,-4.002,-0.7252,-1.04,2.265,-3.106,-2.185,-0.1283,5.313,6.693,1.98,-2.503,-0.3394,5.05,5.07,4.978,-2.703,-4.363,0.8405,2.438,6.843,-2.432,-6.047,0.0807,2.385,1.782,-13.28,-7.167,-5.875,4.619
1847,1.01,0.8142,1.843,4.55,-1.505,0.2073,1.13,1.15,2.709,-0.7975,-3.36,-4.624,-14.89,1.92,6.732,5.344,0.1196,-5.55,-3.418,-2.663,1.414,1.031,-2.367,13.25,4.82,1.293,-1.251,-1.579,1.63,-3.418,0.8235,1.637,-3.266,-0.7257,-0.4617,0.3805,4.511,6.754,4.695,-1.105,4.706,5.05,5.07,5.274,-3.547,-6.835,1.531,2.231,3.903,-2.97,-3.466,0.5626,4.485,3.687,-11.54,-5.826,-4.576,2.427
1848,1.01,2.426,0.0121,2.22,-0.5174,-1.014,1.13,1.15,4.509,-0.0359,-3.024,-6.417,-15.9,1.147,6.344,3.24,0.0477,-7.782,-3.722,-1.674,0.4508,-0.4093,-3.626,13.78,3.721,-1.399,-2.975,0.6544,2.278,-2.477,-2.345,1.264,-2.406,-1.554,-2.792,-1.545,6.617,5.767,3.007,-2.25,-1.919,5.05,5.07,5.451,-3.497,-4.902,-1.76,4.155,9.619,-3.733,-2.407,1.261,2.344,2.595,-10.85,-4.616,-3.028,1.954
1849,1.01,3.618,0.1138,2.497,1.998,-0.2985,1.13,1.15,4.456,0.8631,-2.424,-4.423,-17.95,2.38,5.877,7.862,2.305,-7.654,-5.184,-2.979,2.045,0.764,-3.802,14.74,3.779,2.002,-3.162,-1.49,0.5972,-2.231,2.305,1.295,-0.5568,-1.573,-4.584,-0.8914,4.851,6.971,3.853,-3.871,1.813,5.05,5.07,3.279,0.8903,-5.537,1.719,4.641,5.778,-4.479,-3.961,-0.1813,3.869,3.202,-12.27,-5.858,-8.484,2.605
1850,1.01,2.409,-4.432,1.335,0.8507,-3.498,1.13,1.15,6.189,2.428,-3.426,-6.032,-17.62,2.731,5.099,9.046,1.254,-4.854,-1.06,-1.145,2.354,-0.3553,-1.607,14.16,3.645,-0.1619,-2.74,-2.54,0.6622,-3.346,0.8049,0.3736,-0.9114,0.637,-1.393,-0.7073,6.884,7.232,0.33,-3.231,-1.593,5.05,5.07,4.373,-2.955,-5.218,-0.8221,6.116,5.839,-5.141,-2.046,-0.8055,2.524,2.464,-13.99,-7.588,-4.717,2.558
1851,1.01,3.315,1.433,4.299,0.4363,-0.833,1.13,1.15,2.588,2.747,-2.529,-5.396,-15.98,2.527,7.194,6.364,0.9503,-5.357,-4.536,-1.659,0.9435,0.012,-1.456,15.9,3.477,0.2599,-4.47,-2.15,0.6439,-4.585,2.063,0.1484,-1.641,2.438,-2.465,-0.3242,5.367,5.872,3.878,-2.823,0.0762,5.05,5.07,4.791,-2.483,-5.188,0.0471,1.027,8.79,-7.359,-4.355,1.546,3.03,2.973,-13.44,-6.291,-4.607,2.798
1852,1.01,2.614,4.043,3.309,1.574,-0.5198,1.13,1.15,3.802,-0.2211,-0.0522,-5.202,-16.98,3.066,5.678,6.34,3.517,-8.324,-5.742,-0.1162,-0.6676,-0.9261,-1.89,12.26,3.72,1.211,-2.278,-4.856,1.834,-4.429,0.4189,-0.1133,0.6217,-1.779,-1.072,-1.519,4.162,7.061,5.13,-3.785,1.755,5.05,5.07,4.634,-2.346,-5.969,0.6965,4.225,5.01,-2.992,-5.189,1.094,1.163,3.116,-11.36,-3.929,-8.22,1.676
1853,1.01,3.506,-3.181,2.842,0.2302,-0.6419,1.13,1.15,4.668,-0.989,-2.427,-5.212,-16.49,0.61,4.952,4.415,3.761,-5.165,-6.728,-3.118,2.292,2.291,-1.736,13.34,1.605,-1.061,-1.463,-1.07,0.9295,-3.597,1.737,1.564,-0.2855,0.7697,-1.367,1.324,5.216,4.24,3.467,-5.806,0.862,5.05,5.07,2.039,-4.171,-4.9,0.7229,4.367,9.185,-1.675,-5.479,0.7554,0.5125,0.2957,-12.49,-4.195,-5.41,1.135
1854,1.01,2.968,-1.42,0.6784,-1.056,-1.564,1.13,1.15,4.35,2.397,-0.2327,-4.367,-16.88,2.749,7.053,4.644,0.5551,-8.751,-4.596,-2.652,1.969,0.3732,-1.315,13.11,3.14,0.5161,-1.861,-0.8698,0.3264,-4.254,-1.604,-3.064,-1.602,-2.054,-3.884,-0.2912,6.769,6.372,2.059,-3.266,2.514,5.05,5.07,4.244,-3.839,-8.128,-0.5567,6.832,9.782,-2.869,-4.919,-1.104,2.059,2.807,-10.83,-6.305,-4.641,2.786
1855,1.01,1.979,-1.335,1.779,-1.131,-0.8796,1.13,1.15,4.446,-1.362,-4.057,-3.217,-16.71,0.9874,6.141,4.042,0.0175,-4.746,-4.29,-2.278,0.0639,1.487,-1.265,14.43,5.543,-0.55,-3.146,-1.02,2.355,-4.092,4.206,-0.8304,1.149,-0.4823,-0.8076,-0.8134,6.287,4.815,3.381,-3.637,0.4708,5.05,5.07,2.327,-5.691,-6.199,3.209,5.637,9.598,-6.174,-6.422,-0.0632,3.117,1.858,-11.77,-3.907,-8.583,1.09
1856,1.01,1.434,-3.456,3.095,-0.3711,-5.572,1.13,1.15,1.688,-2.099,-3.126,-4.233,-13.21,3.707,7.524,3.651,3.6,-6.76,-4.391,-3.651,1.012,1.213,-0.9325,14.88,3.063,0.9704,-4.318,1.214,1.089,-2.489,-0.3269,-0.5125,-0.4753,-2.507,-1.09,-1.637,6.047,5.496,0.7788,-4.397,1.1,5.05,5.07,2.789,0.2894,-5.429,1.418,4.311,7.662,-3.719,-2.154,-0.3225,3.325,1.636,-12.02,-5.797,-5.328,2.553
1857,1.01,1.836,-0.7842,4.453,-0.5295,-2.291,1.13,1.15,3.57,0.1651,-2.02,-4.586,-16.55,2.939,6.106,3.993,0.9951,-7.677,-4.438,0.1117,2.83,-0.1011,-2.485,14.11,4.977,-3.074,-5.878,-2.999,3.791,-1.372,0.4002,-1.393,-0.9154,-1.381,-4.135,-0.638,3.086,3.929,0.317,-3.087,-0.1843,5.05,5.07,5.943,-4.575,-7.15,-1.857,6.524,7.28,-2.162,-3.146,0.3002,4.004,1.745,-12.0,-2.722,-8.939,4.101
1858,1.01,0.2387,-2.943,3.276,1.006,-3.074,1.13,1.15,3.698,1.628,-2.167,-1.955,-14.25,1.939,5.173,6.765,-0.065,-7.74,-3.93,-5.248,3.266,1.256,-3.496,12.48,4.827,-2.347,-4.008,-0.7084,3.011,-4.034,-2.151,-0.7743,-1.197,-0.7945,-1.477,-2.145,4.641,6.159,3.358,-4.032,-0.3011,5.05,5.07,3.976,-5.052,-3.522,2.473,5.594,7.344,-2.741,-1.581,0.4397,2.189,1.646,-11.57,-4.686,-6.198,2.873
1859,1.01,2.131,-1.243,3.317,2.559,-0.7011,1.13,1.15,5.202,2.593,-2.243,-6.439,-17.55,1.837,3.783,6.831,2.125,-9.139,-2.916,-3.315,2.283,1.043,-0.3631,14.06,3.19,0.5972,-3.05,0.1328,1.241,-2.709,0.0723,0.2601,-3.206,1.511,-1.707,1.316,5.746,4.589,1.479,-4.341,-1.437,5.05,5.07,4.617,0.3064,-4.967,-2.188,4.485,10.07,-4.194,-2.536,0.5498,1.919,1.962,-11.49,-3.983,-5.124,2.568
1860,1.01,2.767,6.542,4.33,-0.4855,-3.205,1.13,1.15,5.189,1.483,-1.968,-4.421,-19.1,0.3736,5.227,5.312,0.7057,-8.419,-4.821,-3.09,2.724,-0.7061,-0.6188,15.42,4.426,0.6621,-1.724,-1.813,0.9829,-3.82,-3.291,-0.6013,-0.4019,-1.873,-1.499,-1.308,5.519,7.184,4.842,-3.143,2.359,5.05,5.07,4.421,-2.272,-9.567,-0.8318,3.045,5.862,-0.2269,-5.213,-0.4114,0.5328,0.964,-11.78,-6.481,-8.52,2.918
1861,1.01,0.6544,-1.133,1.267,-0.2273,-1.829,1.13,1.15,6.147,0.6147,0.511,-4.657,-16.0,1.77,5.982,6.401,0.9944,-5.568,-3.378,-3.804,0.5513,2.683,-2.706,15.23,3.575,-0.5073,-4.005,-1.492,-0.9189,-2.906,3.948,0.2813,-1.543,0.0225,-3.186,-1.865,4.797,4.257,3.393,-3.46,0.1323,5.05,5.07,4.792,0.0365,-5.661,-2.652,3.397,7.688,-1.017,-2.535,-1.122,3.008,1.948,-10.5,-2.454,-10.22,3.415
1862,1.01,0.6559,0.4273,3.432,-1.457,-1.609,1.13,1.15,5.43,0.2122,-1.858,-3.094,-17.73,1.69,5.264,5.171,3.116,-7.416,-4.356,-2.28,0.1607,-0.6292,-0.4354,12.48,2.828,0.8342,-2.313,-0.3651,0.116,-3.855,-2.431,-0.5737,-1.047,0.938,-1.361,-0.385,5.845,5.427,2.501,-2.89,2.337,5.05,5.07,3.531,-7.567,-4.696,-0.4261,4.453,6.234,-4.167,-6.299,1.881,3.195,1.733,-14.06,-5.105,-4.24,3.103
1863,1.01,3.108,-2.022,2.006,0.1616,-2.316,1.13,1.15,5.51,1.712,-2.213,-1.389,-15.2,4.367,5.461,6.006,2.276,-7.843,-3.32,-3.019,3.711,0.3109,-0.7724,13.45,4.04,-1.666,-5.514,-2.871,0.4112,-4.085,0.6098,0.0551,-2.981,2.136,-4.953,-0.2454,4.367,5.663,3.109,-5.511,-1.115,5.05,5.07,2.431,-2.735,-6.568,1.22,4.849,4.814,-0.7686,-4.758,0.5144,3.626,0.9348,-13.02,-2.301,-6.01,1.308
1864,1.01,3.993,1.566,3.264,0.7198,-1.005,1.13,1.15,2.632,0.5323,-2.881,-4.104,-16.96,-0.267,6.697,5.649,2.975,-5.443,-3.458,-2.052,0.4573,0.0249,1.08,13.8,4.404,-0.5761,-3.93,-4.44,2.331,-1.711,-0.8101,-0.0185,-0.594,-0.6308,-2.863,-1.035,5.108,4.83,2.069,-3.48,0.7593,5.05,5.07,5.271,-1.428,-5.173,-0.8636,2.097,8.402,-2.881,-2.061,0.5705,2.256,1.373,-12.53,-2.305,-9.508,1.175
1865,1.01,0.1369,1.255,2.285,1.362,-2.326,1.13,1.15,3.64,-0.441,-1.998,-3.117,-14.81,2.132,7.598,6.034,-0.0969,-9.551,-3.5,-2.734,2.836,-1.432,-2.43,14.59,3.856,-0.3256,-3.606,0.4446,1.514,-4.915,-1.251,-2.48,-0.0569,0.6383,-2.347,-1.66,6.598,4.259,4.784,-2.299,-0.2817,5.05,5.07,3.682,-5.773,-3.702,-0.2459,2.266,4.996,-6.533,-4.956,-1.466,3.311,1.87,-11.58,-5.919,-5.726,1.935
1866,1.01,-0.6988,-2.536,3.78,0.0438,1.953,1.13,1.15,3.626,2.156,-4.073,-4.973,-17.29,1.472,6.687,7.367,-0.4083,-7.658,-4.779,-1.937,1.235,0.4096,-1.808,13.95,2.001,-0.624,-3.831,-0.4289,2.569,-3.49,-4.173,-0.0057,-1.575,-1.745,-3.511,0.5313,5.564,6.789,1.738,-4.544,0.2767,5.05,5.07,1.135,-6.579,-3.973,0.0577,4.991,10.9,-6.45,-4.697,-1.033,1.535,0.6769,-12.5,-3.585,-5.167,1.26
1867,1.01,2.051,1.311,3.048,0.0106,-2.948,1.13,1.15,4.767,-0.7962,-2.121,-4.187,-17.42,0.5884,1.845,6.729,1.227,-5.437,-5.475,-4.247,4.323,0.4551,-3.238,13.65,3.838,-0.6198,-3.013,-2.078,-0.1225,-4.168,0.4506,0.0608,-4.123,0.8426,-1.396,-0.7691,4.363,5.887,2.385,-2.762,0.924,5.05,5.07,4.555,-2.827,-7.928,-0.4748,4.805,8.647,-4.849,-4.963,-0.0869,1.907,2.891,-13.15,-6.44,-7.777,2.36
1868,1.01,0.6032,0.0748,4.274,0.5855,-0.7347,1.13,1.15,3.466,0.9154,-0.7156,-3.643,-16.39,1.832,4.065,4.555,2.278,-8.383,-5.102,-4.257,2.841,1.203,0.2188,12.76,2.841,0.1248,-3.966,-0.3527,0.9748,-4.808,-0.5955,-0.5797,-2.116,2.106,0.1958,-0.538,7.44,4.536,1.836,-2.727,1.654,5.05,5.07,3.545,0.7413,-4.981,-2.213,3.443,7.217,-4.971,-7.561,0.1493,3.785,1.956,-13.04,-3.268,-7.92,2.098
1869,1.01,3.791,-0.6166,4.139,-0.3032,-2.282,1.13,1.15,2.774,-0.741,-4.136,-5.496,-15.16,2.699,6.699,6.259,2.188,-8.539,-2.554,-2.457,3.686,-0.8832,-0.0089,15.19,2.348,-0.1179,-4.135,-1.349,1.047,-3.317,1.221,2.606,-1.894,0.3099,-0.841,-0.9479,5.702,2.02,3.498,-4.174,1.813,5.05,5.07,3.906,-6.876,-5.095,-0.36,4.889,8.617,-3.734,-3.124,-0.8006,2.244,1.661,-10.71,-4.936,-8.642,1.472
1870,1.01,2.741,-0.0486,2.605,0.8037,-2.639,1.13,1.15,3.853,-1.586,-3.862,-5.382,-15.17,-1.043,7.849,6.081,2.981,-6.606,-5.738,-3.311,2.193,0.0155,-2.403,13.78,3.16,-2.91,-3.457,-0.2019,2.919,-0.2414,-4.587,-0.6248,-0.0517,-1.476,-1.36,-1.778,4.3,3.511,1.109,-4.189,0.3607,5.05,5.07,2.501,-6.032,-4.888,-2.072,4.389,8.964,-3.28,-2.481,0.24,3.404,1.614,-11.01,-7.651,-6.571,1.678
1871,1.01,0.7588,-1.718,5.122,-1.135,-1.288,1.13,1.15,4.504,0.7644,-3.388,-4.339,-18.42,2.327,4.825,5.405,0.3141,-5.836,-5.434,-4.065,-0.0076,1.296,-2.096,15.64,3.426,0.9663,-4.216,-0.8123,2.725,-3.939,-0.7692,0.0579,0.5564,-1.422,-1.285,-0.4766,5.307,7.301,5.004,-4.536,0.0328,5.05,5.07,3.928,-1.513,-4.737,0.5567,3.112,9.177,-2.713,-5.731,0.2774,1.897,1.136,-13.82,-5.566,-4.228,1.95
1872,1.01,1.13,-3.143,2.601,-0.2752,-0.6096,1.13,1.15,3.792,0.2559,-1.707,-4.52,-16.83,2.13,4.633,4.984,0.2281,-6.817,-5.517,-1.495,0.7813,0.1301,-0.2944,14.52,4.745,0.5642,-3.382,-2.622,1.599,-1.498,-0.4575,-0.1198,1.203,-1.829,-1.58,-1.774,2.855,3.395,0.8856,-3.716,-1.671,5.05,5.07,3.553,0.0367,-3.861,-0.4521,2.788,12.09,-6.925,-8.937,1.087,2.942,2.329,-13.56,-6.183,-4.781,2.796
1873,1.01,1.685,0.2612,4.034,-2.221,0.4874,1.13,1.15,3.973,-0.4615,-1.186,-2.24,-13.46,1.165,5.749,7.075,-0.4156,-6.807,-4.692,-2.012,1.565,1.477,-2.423,12.49,3.255,-0.1132,-6.283,-7.038,2.819,-6.619,0.7362,-1.88,0.4825,1.161,-2.024,-2.73,4.221,6.862,2.837,-4.982,0.7068,5.05,5.07,1.701,-7.443,-6.156,0.0335,2.375,9.427,-3.011,0.4276,-1.123,1.093,2.709,-12.98,-3.248,-6.751,2.254
1874,1.01,3.476,-2.707,3.291,-1.528,-2.97,1.13,1.15,2.515,-0.9724,-3.294,-6.586,-18.11,2.963,5.485,5.572,2.352,-7.995,-3.427,-1.76,2.62,0.7289,-0.7694,10.74,2.275,-1.441,-3.687,-2.555,1.419,-5.68,-3.389,0.4215,-0.2311,-1.85,-4.385,-2.901,4.68,7.443,3.573,-5.474,-0.1334,5.05,5.07,2.93,-2.396,-6.473,-0.3214,4.349,7.158,-4.58,-0.9291,-1.521,2.092,2.396,-12.91,-7.246,-7.684,2.469
1875,1.01,1.774,-4.372,5.08,0.6307,0.3816,1.13,1.15,3.713,-0.4861,-1.926,-5.163,-16.41,0.778,5.713,6.245,0.3464,-7.391,-5.186,-5.887,1.124,-0.8752,-0.3478,14.69,3.49,1.276,-2.015,-1.015,0.4575,-4.617,2.231,-0.0444,-1.744,-0.4879,-2.488,0.2586,5.686,4.115,2.523,-1.167,1.611,5.05,5.07,2.823,-5.624,-8.314,1.546,3.374,7.701,-3.561,-6.145,-0.5732,2.777,2.225,-14.01,-3.615,-4.749,4.848
1876,1.01,1.156,-4.241,3.309,-0.0678,2.487,1.13,1.15,3.433,-0.2193,-3.83,-2.906,-16.51,1.872,7.806,2.718,2.189,-6.975,-3.972,-4.043,2.035,0.4114,-3.613,15.76,2.51,-0.8183,-1.895,-1.544,0.8984,-2.173,-0.107,-0.9174,-0.6915,-1.053,-2.21,-1.998,2.768,4.778,4.674,-4.513,1.179,5.05,5.07,2.37,-1.079,-6.518,1.762,3.033,7.81,-2.243,-6.259,0.2048,0.4557,2.741,-12.5,-5.091,-3.638,2.684
1877,1.01,1.726,-0.442,0.8549,0.4989,-0.3055,1.13,1.15,4.169,-2.021,-1.161,-3.837,-17.96,2.242,4.791,5.866,1.652,-5.806,-5.714,-2.933,3.059,-0.3578,-2.627,14.94,4.95,-1.875,-0.4909,-2.359,1.205,-1.842,-0.2205,-0.2003,-0.7125,0.6316,-2.7,-1.066,5.405,4.839,-0.0832,-4.193,0.0308,5.05,5.07,3.56,-5.351,-6.277,-2.497,5.434,6.602,-3.102,-0.162,1.546,4.161,1.553,-12.77,-6.054,-5.707,3.04
1878,1.01,3.131,-1.878,2.078,2.001,-1.615,1.13,1.15,2.68,-0.7082,-2.766,-4.011,-17.03,3.759,6.325,6.517,2.18,-8.552,-3.745,-3.242,1.324,-1.2,-0.9887,12.84,2.19,-0.3943,-3.888,-2.124,2.968,-3.178,-1.088,0.726,1.814,-0.4726,-3.005,-1.517,3.657,6.885,1.712,-3.465,1.609,5.05,5.07,3.017,-2.349,-5.602,-2.201,3.266,8.922,-3.792,-3.557,1.25,1.874,3.221,-12.29,-5.58,-1.401,0.9813
1879,1.01,-0.0967,-4.846,3.065,-0.9267,-0.6119,1.13,1.15,4.225,1.966,-3.213,-5.146,-15.89,3.017,5.184,5.149,1.666,-6.504,-4.142,-6.42,-0.5773,-1.242,-4.173,12.18,3.931,0.7872,-2.375,-3.264,1.161,-2.469,-0.9923,1.82,0.0779,-1.062,-3.219,1.15,4.312,5.222,5.961,-3.77,0.757,5.05,5.07,6.288,-3.038,-5.731,0.2735,6.566,8.474,-4.736,-1.13,-0.4505,2.379,2.028,-11.74,-4.277,-7.721,5.176
1880,1.01,0.4073,-1.946,1.458,-1.087,-1.52,1.13,1.15,1.178,0.5582,-1.401,-2.148,-16.38,3.151,6.985,6.6,0.6102,-6.564,-3.394,-2.851,2.617,-2.247,-1.749,12.72,3.645,-1.964,-4.624,-2.235,1.827,-2.083,-0.6188,-1.746,-0.6944,-0.8034,-3.9,-1.376,4.22,3.672,3.676,-1.999,1.931,5.05,5.07,5.408,-5.41,-8.243,-1.932,6.495,10.77,-3.34,-3.61,-0.7691,6.539,1.808,-13.49,-5.024,-6.021,3.223
1881,1.01,0.4615,4.982,5.026,-2.374,-2.597,1.13,1.15,3.272,-0.5565,-2.278,-3.738,-15.73,1.299,6.354,8.18,-0.161,-7.274,-3.054,-2.229,3.373,-0.453,-0.7913,13.54,1.759,0.6433,-0.8842,-4.47,2.432,-4.797,1.444,2.924,-1.154,-2.934,-6.151,-0.0628,4.686,5.453,2.268,-4.215,2.222,5.05,5.07,2.731,-4.819,-6.555,-1.914,2.471,7.43,-3.48,-4.393,-0.6085,2.337,2.173,-10.92,-4.431,-8.672,3.935
1882,1.01,0.1207,1.62,6.04,0.3108,-1.629,1.13,1.15,5.958,1.88,0.5623,-5.172,-15.29,0.6994,6.237,5.875,0.3692,-5.831,-4.66,-4.389,1.172,-1.478,-3.569,13.67,4.518,-2.059,-3.895,-1.952,2.426,-5.485,-2.556,-3.517,0.0506,-1.584,-1.049,-2.745,5.352,5.831,0.6407,-4.253,-2.322,5.05,5.07,2.213,-3.136,-7.462,-1.474,5.17,3.094,-4.802,-4.564,1.42,4.076,2.512,-13.79,-5.021,-2.167,2.126
1883,1.01,2.173,0.2775,4.801,0.4774,-1.729,1.13,1.15,2.32,0.4644,-0.3277,-4.848,-15.26,3.212,3.881,6.226,-0.8177,-5.398,-4.704,-2.532,0.348,-1.311,-2.829,13.0,2.467,1.15,-1.297,-0.8493,1.565,-2.829,-3.175,0.8616,0.0356,-2.946,-2.557,-3.412,4.592,4.979,0.9671,-2.948,2.426,5.05,5.07,3.115,-2.562,-8.208,0.0458,4.063,7.205,-3.102,-4.075,0.5918,2.348,1.572,-12.82,-4.041,-6.927,3.336
1884,1.01,1.964,0.4231,0.5765,-1.794,-0.2702,1.13,1.15,2.93,1.023,-2.237,-3.659,-16.68,1.292,5.35,4.769,3.132,-8.93,-4.213,-3.311,1.675,-2.152,0.1691,15.91,2.49,-1.256,-2.319,-2.51,2.122,-1.36,-1.964,-0.7779,-0.2545,-0.7734,-0.1569,-0.7982,3.597,5.691,3.157,-3.037,-0.969,5.05,5.07,1.703,-2.225,-5.397,1.792,6.919,5.475,-4.599,-3.712,-1.145,1.152,-0.1566,-11.72,-5.929,-3.214,3.955
1885,1.01,1.081,-2.193,3.374,-1.437,-2.503,1.13,1.15,3.728,-1.175,-1.471,-3.228,-16.52,1.985,4.839,5.506,3.213,-7.394,-2.739,-1.913,1.034,0.8529,-2.714,14.78,3.739,0.9984,-2.111,-3.789,2.888,-3.621,0.1136,-1.274,-0.5798,0.3625,-3.592,-0.5824,4.109,5.79,1.251,-4.486,-0.2271,5.05,5.07,4.838,-2.48,-3.997,0.3304,3.66,8.749,-1.31,-5.929,1.279,1.942,1.55,-12.16,-5.091,-8.701,2.083
1886,1.01,1.623,-2.284,5.025,0.0446,-3.306,1.13,1.15,4.598,3.344,-1.506,-5.991,-18.22,2.593,5.669,4.308,3.267,-7.673,-5.537,-3.081,0.2047,-1.864,0.2155,16.8,4.647,0.5561,-2.616,-2.081,1.613,-4.882,-3.643,0.1512,0.4319,-1.166,-3.249,0.2405,3.27,4.837,5.494,-3.258,-0.0092,5.05,5.07,3.641,-3.594,-4.446,0.6441,5.01,6.956,-4.148,-2.388,-0.3868,2.139,3.009,-12.55,-4.67,-5.925,2.951
1887,1.01,2.29,-1.9,2.509,-2.806,-1.227,1.13,1.15,3.358,-1.02,-2.889,-3.346,-15.62,1.876,4.229,3.992,0.5216,-7.841,-4.054,0.1091,3.303,2.994,-1.85,15.66,3.999,1.02,-5.491,-1.261,1.628,-4.092,-1.955,-0.1347,-1.257,0.3496,-3.812,-0.0413,6.26,5.092,2.495,-2.716,2.006,5.05,5.07,1.087,-3.706,-3.959,-1.545,6.086,5.469,-4.426,-3.132,0.6833,1.515,0.3793,-13.12,-6.59,-5.017,1.321
1888,1.01,2.182,-1.559,1.622,1.161,-1.148,1.13,1.15,3.479,3.151,-3.651,-5.139,-16.15,1.995,5.646,7.52,0.4994,-5.786,-2.849,-2.138,3.545,0.4239,-1.23,14.24,5.284,0.3228,-2.959,-1.494,0.3608,-2.758,-1.013,-0.1982,-3.351,0.1461,-1.231,-1.071,5.466,3.807,2.351,-2.471,0.713,5.05,5.07,2.739,-1.061,-5.241,-2.279,3.996,8.041,-5.029,-4.305,-0.7761,2.394,2.207,-13.09,-6.089,-4.865,3.496
1889,1.01,0.2406,-0.752,2.431,-2.912,-0.2243,1.13,1.15,5.477,-0.9231,-2.144,-4.97,-15.98,3.562,6.165,5.774,0.3498,-7.353,-4.221,-1.877,3.12,1.785,-1.432,14.11,3.705,-0.5821,-0.5499,-3.945,-0.016,-2.461,2.05,0.3724,-2.772,-0.6429,-3.309,-1.764,6.56,3.84,6.511,-4.803,0.495,5.05,5.07,1.777,-3.585,-7.013,-3.171,3.883,4.424,-5.471,-4.063,0.878,2.343,2.197,-13.08,-5.126,-4.789,2.256
1890,1.01,3.99,-1.319,4.609,-0.9574,-1.793,1.13,1.15,3.763,2.547,-1.677,-3.676,-15.64,2.216,4.484,5.503,0.256,-6.129,-5.436,-2.115,0.1905,-0.6104,-2.206,12.03,3.401,1.171,-4.211,-2.571,1.795,-3.896,-1.137,0.7818,0.2814,-2.499,-2.66,-1.384,6.384,3.376,2.245,-5.118,0.7594,5.05,5.07,5.719,-6.174,-4.001,-0.4927,6.071,8.569,-1.626,-4.983,0.5235,1.675,0.6922,-12.53,-5.796,-5.708,2.019
1891,1.01,2.34,-2.884,5.627,-1.929,-1.353,1.13,1.15,4.163,1.487,0.265,-3.827,-16.6,-0.9903,3.702,5.323,-0.6292,-5.373,-4.106,-1.818,2.838,2.679,0.6452,14.68,3.502,1.148,-3.653,0.4651,2.425,-2.063,0.9323,-0.021,-1.051,2.399,-2.595,-2.499,5.982,7.846,0.5804,-2.022,0.0944,5.05,5.07,5.784,-4.463,-7.671,0.3122,5.366,8.406,-3.898,-4.021,1.024,0.5447,0.2234,-12.62,-4.013,-7.836,2.152
1892,1.01,3.58,-4.53,1.515,-1.954,-2.586,1.13,1.15,3.787,-0.1183,-3.692,-3.516,-16.02,-0.2177,4.588,6.035,2.51,-4.32,-2.686,-3.931,1.733,1.816,-2.629,11.39,2.888,-3.128,-2.952,-2.201,0.4283,-3.764,-1.667,-0.0761,1.651,-3.296,-2.104,-1.662,4.945,5.362,4.407,-4.694,1.005,5.05,5.07,2.508,-6.133,-6.034,0.3216,4.477,8.551,-7.919,-5.574,0.4083,2.886,0.7305,-11.42,-5.124,-1.791,2.042
1893,1.01,0.6484,-2.554,5.448,1.038,-0.2548,1.13,1.15,0.7524,0.0549,-4.142,-4.558,-17.86,3.73,7.073,8.012,2.168,-7.927,-4.863,-1.828,2.439,-1.228,-3.326,14.53,1.302,1.381,-2.126,-1.891,1.611,-2.056,-0.8553,-1.308,-1.466,1.628,-2.432,-0.9999,5.08,3.554,2.868,-4.217,2.07,5.05,5.07,3.137,-2.171,-5.359,-0.9331,5.424,8.572,-5.805,1.211,1.64,3.994,0.0563,-14.05,-7.081,-4.803,0.8678
1894,1.01,3.138,2.312,2.667,2.036,-0.6719,1.13,1.15,5.497,0.951,-1.815,-3.191,-18.68,3.449,5.275,4.131,0.268,-3.931,-4.571,-0.6302,2.643,-2.783,-2.978,14.65,4.428,-2.036,-3.346,-3.447,-0.3859,-2.895,1.043,-0.3896,-1.915,-0.1445,-1.96,-3.164,5.674,7.099,2.12,-3.515,1.127,5.05,5.07,4.935,-3.069,-7.856,-0.2641,3.512,7.163,-6.312,-3.133,-1.422,2.89,0.9228,-11.82,-5.046,-4.962,2.827
1895,1.01,1.613,-1.622,2.302,-1.747,-3.92,1.13,1.15,5.143,1.117,0.1171,-3.609,-16.69,2.966,4.118,4.929,2.242,-7.117,-4.28,-2.277,1.643,0.1669,-4.494,15.05,3.03,-1.443,-5.995,-0.5971,1.312,-4.638,-1.077,0.3979,-4.904,-2.563,-2.241,-3.042,5.131,4.096,3.841,-4.682,-0.263,5.05,5.07,5.655,-3.712,-4.229,1.884,3.284,8.642,-5.477,-1.51,-1.787,2.189,0.9528,-13.1,-3.778,-6.959,3.301
1896,1.01,2.004,-2.415,2.594,2.344,0.2236,1.13,1.15,3.385,1.987,-3.713,-4.231,-15.93,1.724,4.905,8.75,0.409,-7.448,-1.857,-1.775,3.481,0.9005,-3.318,12.89,5.752,-1.657,-3.817,-1.956,2.338,-1.427,0.0592,-1.516,-4.75,-0.0131,-2.624,-2.67,6.132,2.933,1.911,-5.003,3.019,5.05,5.07,3.507,-4.368,-2.939,-1.903,3.81,6.92,-4.607,-5.527,-0.0455,1.51,2.441,-11.64,-5.143,-8.181,0.6729
1897,1.01,0.8817,-2.162,2.907,0.7856,-2.014,1.13,1.15,5.818,-1.518,-1.218,-3.22,-15.75,2.529,4.404,3.108,-0.1531,-7.247,-5.755,-3.369,-0.8217,0.224,-2.997,15.35,1.828,-0.5651,-4.217,-4.451,0.0246,-3.304,0.1163,-2.022,0.4241,-1.701,-3.111,-2.422,6.45,3.779,3.189,-3.159,1.405,5.05,5.07,3.911,-1.422,-5.409,0.2453,3.068,7.335,-2.165,-0.0817,-0.2802,3.773,2.355,-12.41,-6.64,-9.952,2.064
1898,1.01,2.71,-1.266,2.926,-0.5056,0.2022,1.13,1.15,4.714,1.201,-3.352,-1.412,-16.37,1.357,5.403,4.984,1.915,-4.437,-6.783,-1.992,1.907,-0.6663,-3.701,13.56,1.809,0.8548,-1.822,-3.643,1.829,-3.11,0.9362,1.684,-2.827,-1.574,-6.7,-1.091,5.441,5.235,3.082,-2.915,0.3066,5.05,5.07,5.655,-4.117,-8.388,-0.3316,5.862,8.119,-3.34,-4.932,0.1097,3.881,1.404,-12.47,-5.366,-6.764,3.233
1899,1.01,1.914,-3.69,2.827,1.677,-3.16,1.13,1.15,1.032,-2.337,-5.43,-2.788,-16.88,0.9746,4.429,6.704,2.926,-6.776,-5.794,-2.109,3.381,-2.109,0.1097,10.2,2.094,0.4173,-1.717,-1.286,-1.176,-5.254,-4.123,0.3692,-0.9402,-0.088,-3.01,-2.163,6.721,7.52,3.292,-3.852,-0.9553,5.05,5.07,2.87,1.097,-6.172,1.023,4.701,5.701,-4.186,-5.013,0.3639,1.395,4.148,-11.42,-4.213,-0.1888,2.619
1900,1.01,1.547,-0.8167,4.058,-0.1409,-4.133,1.13,1.15,2.626,1.776,-1.113,-5.168,-16.32,2.443,5.207,5.407,-0.5542,-10.71,-4.628,-4.836,0.7426,1.094,-1.788,12.92,4.22,-0.4245,-2.667,2.089,2.214,-1.027,-0.9436,-0.0076,-0.8158,-2.307,-0.9576,-1.736,3.419,2.441,3.34,-4.378,-0.1628,5.05,5.07,3.068,-3.637,-8.349,-1.656,3.017,5.906,-4.566,-7.76,1.287,2.57,2.2,-12.89,-6.177,-6.1,1.954
1901,1.01,0.6573,-0.5166,2.295,-3.741,1.527,1.13,1.15,6.421,-0.4405,-4.659,-1.679,-15.94,0.4858,7.268,6.631,3.223,-6.596,-6.292,-1.841,2.525,-0.3611,-3.202,11.85,4.603,0.5096,-3.177,1.108,-0.4814,-4.234,-0.7153,-1.098,0.9362,1.564,-3.894,-1.718,3.495,7.583,2.555,-6.079,0.5911,5.05,5.07,2.201,-2.451,-3.779,-0.2557,3.739,11.42,-3.668,-3.182,-0.2907,3.957,1.793,-12.65,-5.079,-9.372,1.105
1902,1.01,2.742,-0.4981,1.153,-1.757,-4.106,1.13,1.15,3.618,-2.34,-1.643,-3.615,-12.88,1.426,4.463,6.422,1.926,-6.476,-5.028,-3.345,6.278,0.2532,-1.54,14.69,4.095,1.713,-2.104,-2.133,-0.107,-2.291,-4.226,0.8643,-0.6486,-1.063,-4.598,-0.1548,3.978,7.837,2.294,-1.076,2.369,5.05,5.07,4.931,-5.819,-4.11,-1.062,3.348,10.73,-4.705,-3.768,1.43,3.768,2.444,-11.52,-2.189,-6.476,1.964
1903,1.01,2.008,-3.119,3.805,-1.688,-0.7961,1.13,1.15,2.818,3.206,-1.726,-5.186,-15.58,3.463,5.59,4.305,2.886,-6.221,-5.264,-1.596,0.8957,1.616,-2.429,12.75,3.773,1.882,-3.385,-3.965,2.797,-3.955,-1.384,0.2697,-3.079,-1.128,-3.493,-1.382,2.451,5.174,0.9256,-3.07,0.3087,5.05,5.07,3.233,-7.386,-3.022,-0.104,3.963,7.991,-4.883,-5.734,-0.5895,1.919,1.423,-12.71,-4.47,-6.999,3.144
1904,1.01,2.937,-0.2985,1.701,-1.648,-0.864,1.13,1.15,4.629,0.1768,-1.169,-6.593,-15.7,2.421,5.967,5.65,2.186,-7.426,-5.732,-3.35,1.647,0.4811,-2.732,14.33,0.2211,-0.1754,-2.766,-2.081,1.442,-5.059,-0.3037,-0.6114,-0.7649,-1.587,-2.261,0.0635,3.641,5.792,3.769,-4.147,0.7269,5.05,5.07,3.814,-3.902,-7.188,-1.404,3.482,9.964,-4.753,-6.583,0.5732,1.728,1.757,-10.34,-3.772,-4.519,1.331
1905,1.01,1.179,0.0341,3.496,-0.5931,-4.447,1.13,1.15,5.908,1.141,-3.204,-3.368,-15.97,0.4835,4.747,6.286,1.083,-8.312,-5.382,-3.219,1.878,2.158,-1.54,15.05,4.141,-1.258,-3.803,-2.295,-1.312,-2.689,-1.301,-0.8541,0.4295,-3.113,-4.66,-2.026,3.249,5.933,1.579,-2.09,0.0198,5.05,5.07,1.01,-2.03,-5.215,0.8671,3.928,5.338,-7.101,-5.272,-0.4351,4.055,1.022,-11.53,-4.604,-7.565,1.982
1906,1.01,0.0816,-0.4197,5.084,2.209,-2.991,1.13,1.15,1.718,1.481,-3.133,-5.134,-15.21,2.4,5.954,7.174,0.7379,-4.826,-4.152,-3.648,3.168,0.665,-2.012,13.95,3.74,-0.3536,-6.057,-3.442,2.129,-3.631,2.738,-0.96,-2.973,0.0945,-1.626,-0.2494,4.946,6.709,3.212,-4.162,2.463,5.05,5.07,5.158,-0.387,-6.017,-1.635,5.575,9.806,-4.315,-3.597,-0.3593,2.919,2.189,-12.09,-4.774,-3.864,3.952
1907,1.01,3.232,-1.254,3.852,1.909,-1.529,1.13,1.15,5.399,1.61,-0.7912,-4.249,-19.37,2.425,6.461,4.327,0.9085,-5.834,-4.293,-0.5327,2.99,-1.341,-2.348,12.7,5.16,-0.1031,-3.376,-2.278,1.101,-3.936,-1.002,0.9238,-1.249,-1.232,-0.7336,-1.978,4.953,3.663,3.006,-4.732,0.187,5.05,5.07,3.082,-3.578,-5.62,0.8194,4.856,8.655,-4.69,-5.339,-1.295,3.0,2.243,-12.01,-4.096,-7.185,1.295
1908,1.01,-0.1167,-3.026,4.437,-1.239,-0.7754,1.13,1.15,2.114,3.036,1.106,-1.496,-19.85,1.557,7.534,4.333,1.897,-5.485,-3.008,-1.926,2.502,-0.0509,0.3876,13.26,3.607,-0.3903,-3.919,-2.355,-0.1126,-1.745,1.557,-1.971,-0.2255,1.629,-2.258,-2.616,4.182,5.754,2.775,-3.509,1.862,5.05,5.07,5.197,-1.63,-4.796,-1.779,4.505,9.443,-2.439,-5.585,-0.6664,3.706,1.799,-12.32,-4.408,-3.421,3.17
1909,1.01,0.0226,-1.131,3.561,2.456,-2.535,1.13,1.15,4.244,0.7918,-1.983,-3.506,-17.68,2.554,4.074,4.743,-1.899,-7.003,-6.602,-2.578,1.515,1.059,-4.346,13.86,2.94,2.359,-4.971,-3.517,1.445,-2.902,-0.3957,1.27,0.2784,0.8859,-5.467,-1.351,5.884,3.58,3.988,-4.601,2.515,5.05,5.07,3.251,-4.41,-5.303,-2.224,3.483,9.734,-6.311,-2.566,-0.1477,3.351,2.564,-13.4,-5.374,-10.62,1.787
1910,1.01,2.084,-0.0835,0.3055,-0.8399,-1.842,1.13,1.15,4.879,1.652,-1.336,-2.571,-16.53,0.212,6.505,6.208,2.414,-8.236,-2.401,-0.4642,4.398,0.0528,-2.08,13.06,-0.3104,3.129,-3.882,-3.35,0.8993,-5.535,-4.113,-0.8011,-1.554,0.4272,-2.084,-0.8066,3.232,8.224,2.86,-4.415,2.345,5.05,5.07,3.832,-1.19,-4.979,-0.5346,3.723,7.6,-2.617,-4.653,-0.6405,0.8949,0.1549,-12.14,-3.136,-7.257,0.5729
1911,1.01,1.043,1.071,1.515,-0.0174,-0.8482,1.13,1.15,5.778,2.184,-1.318,-3.624,-18.62,3.134,5.58,6.903,-0.0807,-5.691,-4.685,-1.77,0.592,1.51,-1.12,14.18,1.31,-0.6687,-0.5247,-1.443,0.7902,-3.162,-0.6122,1.249,0.9359,2.721,-2.041,-0.078,4.633,5.092,2.32,-6.401,-0.2808,5.05,5.07,4.348,-0.7244,-4.713,0.5657,4.885,5.161,-4.474,-5.896,-0.7459,2.845,3.219,-11.92,-6.917,-5.665,2.681
1912,1.01,-0.0766,-0.4019,5.365,-2.604,1.168,1.13,1.15,1.787,1.186,-0.4735,-4.046,-16.69,1.332,5.857,5.845,1.519,-5.049,-3.922,-3.484,0.4859,0.6507,-2.782,14.2,5.064,1.491,-2.136,-0.9984,-0.7977,-4.482,0.9116,1.197,0.0139,-0.5533,-0.5914,-2.442,7.469,8.598,1.049,-1.975,-1.842,5.05,5.07,2.723,-4.2,-5.878,0.6168,5.762,3.302,-5.844,-4.348,1.711,1.79,1.546,-13.26,-5.625,-5.896,3.348
1913,1.01,3.399,-1.007,5.275,-0.7744,-1.056,1.13,1.15,4.774,-1.238,-1.004,-2.979,-18.66,1.359,5.749,4.951,1.839,-6.284,-3.546,-0.7367,2.504,-0.2072,-4.04,12.8,2.722,-0.458,-3.273,-0.2549,2.614,-4.108,0.009,-2.713,0.8223,-1.52,-1.373,-2.482,5.801,5.029,2.765,-3.941,-1.254,5.05,5.07,2.714,-3.498,-5.667,1.864,4.307,7.461,-2.054,-5.558,0.1871,2.144,1.825,-11.92,-6.297,-7.366,4.094
1914,1.01,4.858,-1.208,2.455,-2.754,-0.3389,1.13,1.15,4.568,2.834,-3.519,-3.425,-16.83,2.03,5.376,5.063,3.666,-6.077,-6.181,-4.682,2.994,1.275,0.245,14.58,5.707,-0.8321,-0.229,-1.504,1.333,-2.905,2.192,0.3075,-2.224,-1.704,-3.45,0.1072,5.565,6.314,1.962,-4.59,0.4599,5.05,5.07,3.444,-7.26,-4.864,1.015,5.656,10.45,-2.063,-3.519,-0.6109,1.018,1.457,-13.5,-6.805,-4.805,2.305
1915,1.01,-1.275,1.196,2.08,-0.9383,0.3557,1.13,1.15,4.842,2.551,-0.3832,-4.079,-18.19,2.49,5.977,5.354,3.212,-7.441,-5.541,-2.377,1.997,1.654,-3.563,16.85,3.805,-0.6152,-2.843,-2.997,2.422,-2.188,1.14,-1.758,-0.7523,-1.786,-5.138,-0.6794,6.199,5.376,1.832,-4.66,-0.7949,5.05,5.07,3.673,-2.2,-5.971,-0.662,4.976,4.98,-3.091,-3.124,0.3752,1.909,1.462,-12.03,-1.012,-5.636,2.631
1916,1.01,1.587,-1.568,4.951,-0.2291,-1.878,1.13,1.15,4.848,-0.0111,-3.952,-1.199,-17.12,1.193,6.926,4.389,0.9736,-4.066,-4.049,-1.508,1.012,-0.0907,-1.474,14.08,4.514,-1.705,-4.08,-2.141,1.128,-4.367,2.025,0.4007,-1.497,1.967,-2.788,-2.103,4.538,7.862,2.127,-4.186,2.178,5.05,5.07,4.314,-5.437,-5.163,-3.765,5.558,6.256,-1.477,-0.9063,0.787,3.596,0.9426,-12.71,-4.904,-5.433,1.286
1917,1.01,2.483,1.228,4.087,-1.366,-1.066,1.13,1.15,5.853,4.436,-0.7633,-4.204,-15.87,3.241,5.889,9.678,0.9281,-5.93,-4.303,-1.274,1.276,-0.0407,-2.873,13.93,2.679,-0.6431,-5.693,-0.639,0.9384,-1.439,2.039,0.0872,-2.091,0.1812,-2.321,-2.216,2.953,5.523,4.049,0.1452,-1.15,5.05,5.07,6.443,-3.167,-3.246,0.1908,7.607,11.69,-4.421,-6.932,1.975,3.598,2.914,-11.86,-4.907,-3.406,1.83
1918,1.01,0.2023,-1.471,2.937,1.292,-2.511,1.13,1.15,4.72,2.777,-2.836,-2.829,-16.16,0.198,7.783,5.348,0.1743,-9.926,-5.279,-2.621,-0.0508,1.249,-1.177,12.84,2.059,-0.6187,-2.753,-5.092,1.553,-2.435,-1.862,-0.7152,-0.93,-1.279,-3.28,-2.129,4.033,3.422,2.13,-3.826,4.546,5.05,5.07,2.867,-5.577,-8.38,-4.443,4.264,6.88,-1.499,-2.049,-0.3291,4.283,2.559,-11.74,-4.356,-3.492,1.371
1919,1.01,0.9641,-2.358,2.892,-2.456,-0.8735,1.13,1.15,2.471,2.416,-1.518,-5.345,-17.07,0.233,4.769,2.891,2.0,-6.851,-6.954,-5.63,0.5567,0.411,0.3517,14.39,5.587,0.9375,-0.9031,-3.809,1.653,-1.709,-2.674,0.687,-1.567,1.769,-2.619,-1.149,4.86,4.77,1.794,-3.372,4.425,5.05,5.07,2.065,-3.201,-7.646,-2.172,4.208,1.507,-3.799,-1.722,0.1829,2.465,0.8679,-11.69,-3.662,-2.403,2.2
1920,1.01,-1.27,-0.8354,3.749,-0.2838,0.2272,1.13,1.15,1.52,4.45,-3.39,-5.261,-17.23,2.684,5.184,3.365,1.935,-5.888,-1.532,-3.674,3.554,2.064,-2.509,13.65,3.095,2.155,-1.919,-2.358,2.056,-1.988,-1.926,-2.289,-0.1518,-0.7265,-3.567,-0.6743,5.749,4.685,0.8715,-3.951,-0.8245,5.05,5.07,2.318,-5.614,-4.608,-0.3863,3.934,5.972,-2.817,-2.254,-1.263,4.626,0.7446,-11.84,-5.215,-3.953,2.633
1921,1.01,1.321,0.1575,2.337,1.428,-2.542,1.13,1.15,4.343,0.4011,-5.946,-2.966,-17.16,2.272,4.756,2.694,0.6635,-7.4,-4.987,-2.004,0.7009,2.063,-3.964,15.03,5.408,0.2979,-4.783,-3.625,2.114,-4.794,0.8015,-1.691,0.5404,-0.868,-4.475,-1.146,5.234,3.636,3.016,-4.494,2.865,5.05,5.07,3.377,-4.563,-3.756,0.933,1.937,7.993,-3.097,-7.231,-1.176,3.194,1.584,-11.61,-5.317,-3.068,2.815
1922,1.01,-2.47,-3.984,2.261,2.037,0.3447,1.13,1.15,2.793,-0.2164,-2.71,-2.364,-16.24,1.326,6.791,4.918,-1.82,-7.456,-3.762,-2.752,1.334,-1.538,-3.306,13.69,3.706,-1.854,-2.481,-1.854,0.5767,-0.4323,-0.1676,-1.034,1.138,0.9296,-1.531,-2.173,4.861,2.868,4.425,-1.989,1.231,5.05,5.07,2.506,-2.843,-3.691,-0.9693,4.401,7.783,-2.026,-2.76,0.0892,1.549,3.55,-12.53,-4.851,-5.671,2.715
1923,1.01,0.5252,6.365,2.402,-0.6246,-0.3184,1.13,1.15,4.309,1.931,-0.6977,-2.79,-18.03,3.104,6.964,3.942,-1.354,-7.459,-3.577,-2.612,1.773,-1.066,-4.73,13.13,3.046,-1.016,-2.278,0.6901,3.639,-1.113,0.3401,1.814,1.403,-0.0127,-1.157,-0.2417,3.448,3.749,1.66,-3.365,3.6,5.05,5.07,0.4443,-4.667,-3.903,-0.8663,5.322,3.134,-5.79,-2.801,-0.0196,2.584,2.334,-12.11,-8.572,-7.792,2.376
1924,1.01,1.004,-3.157,2.656,-1.689,-1.45,1.13,1.15,2.577,-0.0134,-1.263,-2.394,-17.96,5.038,6.966,3.859,-1.169,-2.871,-4.929,-0.7993,2.34,-0.2166,-1.534,13.22,-0.1822,-0.4606,-4.21,-2.688,1.651,-4.418,-4.12,-0.7353,0.3147,0.7738,-1.622,-3.52,3.734,4.852,3.18,-4.652,2.961,5.05,5.07,3.061,-4.318,-6.875,2.33,3.264,9.62,-3.324,-5.717,-0.0856,3.85,1.658,-13.21,-5.802,-2.268,1.792
1925,1.01,2.966,-0.6651,3.492,0.6814,1.955,1.13,1.15,4.897,-0.0642,-1.851,-1.294,-14.43,1.849,4.627,4.491,2.302,-5.575,-5.542,-3.443,2.264,0.4124,-1.593,16.76,3.094,0.8751,-3.615,-2.118,2.011,-3.705,-2.962,-2.255,-1.43,-1.858,-1.838,-1.259,4.597,6.963,3.148,-3.659,0.6225,5.05,5.07,3.693,-2.908,-4.621,0.3998,4.876,11.87,-1.878,-5.129,0.1266,1.211,2.28,-12.06,-5.123,-5.237,5.902
1926,1.01,0.4125,-2.508,2.364,-1.625,-0.0237,1.13,1.15,4.983,3.099,-2.967,-2.726,-14.51,4.338,5.534,5.453,2.588,-6.211,-4.119,-1.64,0.2339,0.4305,1.433,11.71,1.299,0.5883,-5.548,-0.8487,-0.3661,-3.261,-1.137,0.5845,-0.6252,1.454,-4.386,-0.7158,3.066,4.168,4.222,-2.908,2.334,5.05,5.07,2.12,-4.766,-5.388,-0.1477,5.33,10.79,-1.877,-3.668,0.6921,3.66,0.5641,-12.54,-4.583,-7.132,3.639
1927,1.01,1.517,1.82,2.974,-2.345,0.2802,1.13,1.15,4.218,0.2749,-2.698,-4.466,-16.53,2.698,5.975,3.993,-0.2622,-5.842,-3.318,-0.8776,0.5276,1.211,-2.097,13.17,3.662,-0.6296,-3.384,-1.821,2.75,-5.023,0.8349,-2.182,-0.1287,1.481,-2.809,-1.573,5.827,5.866,3.936,-6.005,1.3,5.05,5.07,3.458,-1.209,-6.9,1.616,5.202,5.909,-4.998,-4.546,-0.0153,0.4808,3.893,-11.23,-4.66,-3.378,2.985
1928,1.01,2.365,-3.481,2.751,0.0468,-3.137,1.13,1.15,4.367,1.789,-3.067,-3.617,-19.16,1.023,4.112,5.587,1.189,-8.18,-6.225,-4.049,-0.6144,-1.102,-0.3414,13.88,0.9775,-0.5542,-1.792,-1.345,1.577,-3.19,0.3515,-0.7584,-1.013,-1.039,-3.537,0.5858,6.546,3.935,2.186,-4.543,0.9021,5.05,5.07,2.805,-3.583,-3.711,0.2042,5.664,4.246,-5.825,-5.846,0.3118,0.9327,-0.0851,-11.87,-4.694,-6.516,1.643
1929,1.01,1.185,-1.075,4.187,-0.7884,-0.5947,1.13,1.15,6.511,2.608,-0.2595,-4.71,-14.25,1.719,3.986,8.129,0.6234,-7.089,-2.475,0.5468,0.6658,0.5248,-2.783,14.14,2.553,-1.321,-3.297,-2.543,0.1269,-3.08,-0.0447,-1.983,-1.214,-0.0533,-2.707,-0.4269,4.99,3.801,3.717,-3.718,1.369,5.05,5.07,4.968,0.9439,-4.715,1.197,4.584,6.963,-7.649,-4.023,0.4621,3.911,2.326,-13.56,-4.949,-6.902,2.454
1930,1.01,2.271,-3.035,1.226,-0.2534,-1.034,1.13,1.15,4.465,-2.077,-3.776,-4.335,-14.75,2.729,7.967,6.706,0.5773,-7.529,-6.903,-4.431,-0.0894,3.334,-1.275,16.03,4.52,0.1965,-5.522,-2.31,3.311,-3.332,-2.438,-1.061,-1.538,1.796,-1.721,-0.6188,4.383,4.847,2.251,-3.887,1.847,5.05,5.07,3.107,-2.402,-5.524,-1.903,3.167,9.743,-1.533,-1.944,-0.1379,2.595,2.5,-11.31,-2.603,-5.648,4.043
1931,1.01,0.7715,-3.83,3.808,0.2445,-2.47,1.13,1.15,3.249,0.1667,-3.062,-3.641,-16.14,2.236,3.488,6.242,1.597,-6.377,-3.284,-2.415,3.263,-0.6004,-0.0639,14.64,1.569,0.6746,-3.207,-1.54,2.474,-2.009,-1.014,1.047,-3.596,3.164,-2.264,-0.3207,5.114,5.559,1.4,-3.401,0.8501,5.05,5.07,3.84,-4.918,-2.969,0.1226,3.184,8.758,-3.775,-3.063,-0.6795,1.315,2.536,-12.42,-3.109,-7.404,4.563
1932,1.01,0.6481,-0.2371,3.047,-0.2968,-0.5698,1.13,1.15,0.6377,-0.8616,-3.465,-4.376,-15.43,1.078,5.97,3.678,1.027,-5.417,-4.368,-4.508,1.332,2.232,-0.3009,11.88,4.173,-1.071,-4.897,0.7721,1.49,-1.465,2.242,-0.283,-1.003,0.0066,-3.845,-1.254,5.238,6.968,4.706,-1.018,3.043,5.05,5.07,0.4727,-3.535,-3.985,-0.6229,5.762,7.378,-2.411,-1.223,-0.5382,0.7615,1.899,-12.04,-7.181,-4.955,2.707
1933,1.01,2.008,-1.9,0.6307,-0.9072,-1.614,1.13,1.15,5.247,2.23,-2.369,-3.053,-15.11,2.626,5.388,8.822,2.17,-7.813,-4.443,-3.988,3.454,1.324,-1.992,12.8,1.638,-0.6098,-3.302,-2.007,0.6907,-1.689,-3.984,-0.403,-0.4737,-0.7447,-3.033,-0.609,2.753,2.438,3.884,-2.86,0.4585,5.05,5.07,3.248,-0.4176,-5.554,1.572,6.148,6.62,-5.736,-1.415,-0.6524,2.623,-0.322,-10.92,-5.454,-7.822,2.998
1934,1.01,3.304,-3.592,3.794,1.966,-1.673,1.13,1.15,4.928,0.2869,-3.121,-4.109,-14.65,-0.7745,4.502,6.628,0.8338,-5.113,-7.434,-1.595,1.198,-0.7442,-3.035,12.43,2.267,2.371,-2.919,-1.295,2.042,-5.235,-1.633,2.435,-1.086,1.967,-2.736,-0.3356,5.241,3.141,3.786,-2.667,-0.1118,5.05,5.07,1.637,-3.215,-7.014,-3.084,3.329,5.692,-3.957,-5.72,1.601,2.244,1.413,-14.08,-5.819,-4.79,1.499
1935,1.01,2.739,-1.321,2.401,3.129,0.6949,1.13,1.15,1.198,-1.423,-3.004,-1.946,-16.2,4.363,5.573,7.061,0.6248,-7.414,-2.053,-2.086,1.889,-2.823,-2.207,14.84,4.134,0.4232,-1.933,-3.164,0.1025,-2.832,0.6373,-0.1971,0.392,1.08,-4.438,-0.8851,5.994,6.394,2.878,-3.794,0.8778,5.05,5.07,3.996,-4.84,-5.706,0.2699,5.847,10.55,-4.211,-4.719,1.373,2.984,1.388,-12.88,-3.164,-5.868,2.61
1936,1.01,2.424,-0.8152,0.3636,-0.9399,-2.622,1.13,1.15,4.435,0.5264,-4.256,-2.706,-17.19,4.056,7.925,6.78,1.547,-3.979,-4.583,-1.939,1.573,-0.5985,-1.792,11.58,4.084,-2.09,-4.081,-0.5055,1.945,-3.941,-1.628,-1.28,-0.4427,2.751,-2.34,-1.844,5.767,3.601,2.324,-3.508,0.5006,5.05,5.07,2.165,-5.136,-6.102,-1.077,5.093,7.973,-5.84,-3.305,-1.051,2.061,1.706,-11.87,-3.221,-4.681,3.893
1937,1.01,1.433,3.14,4.363,1.174,-3.568,1.13,1.15,2.047,0.1054,-1.59,-4.052,-16.06,1.549,6.433,5.892,0.0838,-7.611,-8.238,-2.288,3.981,0.2985,-4.134,14.62,4.383,-0.5629,-2.594,0.0004,2.881,-1.911,0.2036,-0.6567,-1.622,-0.7661,-3.564,-2.022,3.837,4.891,2.008,0.5686,0.2387,5.05,5.07,3.164,-2.732,-4.441,-1.682,4.923,10.54,-6.212,-3.182,3.005,2.598,2.197,-13.71,-4.011,-4.029,0.6809
1938,1.01,3.474,-5.158,4.271,0.5245,-1.015,1.13,1.15,3.856,0.6499,-0.8802,-2.08,-17.64,2.435,5.358,7.29,1.557,-5.514,-5.307,-0.842,1.678,0.9633,-2.067,11.51,2.681,0.5951,-3.629,-3.473,-0.0647,-3.175,-0.3102,-1.384,0.4943,-0.0814,-2.567,-1.457,6.385,5.908,2.5,-4.203,-0.0939,5.05,5.07,4.129,-1.695,-5.18,-1.372,3.833,6.86,-2.169,-2.411,1.925,3.476,0.8995,-12.52,-6.803,-7.517,4.549
1939,1.01,-0.1721,-3.099,0.8256,1.306,-2.607,1.13,1.15,2.478,4.122,0.3806,-4.558,-15.91,1.279,5.072,5.503,1.843,-7.193,-3.983,-2.332,0.6238,1.236,-0.7536,13.03,0.7443,-1.955,-4.055,-2.984,2.736,-3.249,0.5229,-0.0349,-1.33,2.786,-3.937,-2.624,3.787,4.667,2.157,-3.848,1.247,5.05,5.07,1.101,0.984,-4.615,-1.413,4.889,7.296,-0.9325,-3.639,-0.2926,-0.668,1.15,-12.3,-3.577,-8.349,2.824
1940,1.01,2.47,-1.831,2.449,-0.6222,-0.1343,1.13,1.15,4.767,2.373,-1.743,-0.3346,-16.86,0.5769,4.872,4.673,1.188,-3.301,-4.006,-4.24,-1.517,1.86,-3.475,12.21,4.04,-0.4945,-4.795,0.1921,1.321,-3.538,-1.36,-0.2511,-2.458,1.293,-2.23,-2.529,4.247,3.865,3.425,-3.551,2.098,5.05,5.07,2.75,-1.922,-4.733,-0.1407,2.319,5.786,-2.761,-5.483,1.731,5.322,2.319,-12.12,-3.465,-5.266,1.233
1941,1.01,3.418,-1.65,5.066,-0.5295,1.432,1.13,1.15,4.255,0.2103,-3.675,-3.184,-17.52,3.757,3.949,4.626,1.562,-5.581,-6.344,-1.548,1.36,1.818,-1.631,14.06,3.591,0.5566,0.9065,-2.811,2.443,-3.354,0.0766,-0.8202,0.0024,-1.299,-2.949,-2.07,7.957,4.739,4.333,-3.731,-0.2939,5.05,5.07,5.381,-5.527,-4.008,0.3411,5.47,8.015,-4.473,-3.334,0.2007,0.7037,2.915,-12.62,-5.18,-4.903,2.981
1942,1.01,1.362,-0.7216,3.664,1.727,-0.233,1.13,1.15,1.783,-0.5746,-2.586,-1.898,-15.68,-1.418,8.478,6.439,3.016,-5.042,-4.271,-3.117,2.647,1.068,-4.825,13.44,0.3576,-1.307,-3.38,-3.875,0.4175,-2.905,-1.247,-1.599,-1.624,-1.482,-4.804,-0.4158,5.292,5.87,3.06,-4.273,0.9536,5.05,5.07,3.263,-2.479,-2.583,-0.9048,4.451,11.72,-2.08,-0.0264,-0.3101,0.6376,1.63,-12.61,-4.25,-5.847,3.106
1943,1.01,2.711,1.671,5.252,-0.9636,-0.9752,1.13,1.15,2.588,2.208,-1.946,-3.913,-16.61,0.176,7.554,4.575,-0.319,-5.153,-4.86,-3.242,1.092,3.316,-2.748,10.61,4.836,0.7328,-1.005,-2.15,1.786,-4.014,-2.185,-3.078,-1.274,-1.851,-0.9135,-0.3322,5.531,5.96,-0.8057,-4.057,-0.8882,5.05,5.07,4.655,-3.424,-3.345,0.9332,2.848,8.356,-3.961,-4.501,-0.7035,1.764,2.039,-12.37,-3.226,-6.124,4.219
1944,1.01,-0.3257,-2.499,3.728,-1.457,-1.456,1.13,1.15,3.8,-0.3232,-1.02,-3.181,-16.67,1.857,5.732,7.456,1.018,-5.303,-4.612,-2.972,2.588,-0.0567,0.8059,15.44,1.822,0.7348,-3.438,-1.236,-0.4756,-5.051,0.7002,0.8897,-2.193,-2.268,-4.091,-1.882,4.976,3.912,1.033,-4.84,1.09,5.05,5.07,4.214,-3.966,-5.836,0.2995,3.594,11.14,-4.113,-4.571,0.8898,3.487,2.359,-12.45,-5.917,-6.468,4.551
1945,1.01,2.258,-3.116,3.711,0.3398,-0.9353,1.13,1.15,4.232,0.2119,-3.845,-3.772,-15.71,1.026,5.938,4.227,0.1849,-7.829,-3.87,-2.761,0.7433,0.5333,-1.523,12.66,2.96,1.611,-1.46,-1.449,1.439,-4.643,2.11,-0.5072,-1.601,-1.544,-3.467,-0.6596,4.828,3.459,4.043,-3.521,2.016,5.05,5.07,4.098,-6.694,-6.442,0.8142,5.089,9.137,-6.564,-6.69,0.2597,2.428,0.7569,-11.19,-4.304,-4.493,0.6825
1946,1.01,1.108,3.033,-1.211,-3.158,-0.5062,1.13,1.15,5.088,0.5433,-4.328,-3.177,-16.49,3.431,6.375,5.791,0.5818,-8.358,-2.689,-1.502,3.147,-0.6023,-2.223,13.17,5.488,1.795,-4.129,-1.631,2.627,-4.173,-1.012,-0.4507,0.8724,2.483,-4.165,-2.125,4.477,5.681,1.048,-2.766,1.9,5.05,5.07,4.524,-2.128,-6.557,-2.419,1.857,8.508,-6.459,-6.921,0.5993,2.722,0.6149,-12.92,-3.95,-4.742,1.804
1947,1.01,2.002,3.275,4.802,-3.129,-1.63,1.13,1.15,4.202,3.202,-1.001,-3.372,-16.74,3.079,6.638,4.977,1.751,-7.347,-2.182,-2.245,0.7053,-0.0137,-1.348,14.35,3.251,1.862,-3.113,-0.8204,-1.516,-3.211,0.7427,0.5564,-2.005,-0.5744,-5.222,-3.044,6.181,5.361,3.13,-1.39,0.7973,5.05,5.07,4.524,-3.753,-6.002,-0.3042,3.195,6.138,-2.766,-5.448,-1.102,2.259,3.963,-12.06,-5.978,-3.686,1.799
1948,1.01,2.504,-2.924,3.53,-0.0338,-2.748,1.13,1.15,4.353,1.201,-2.869,-4.857,-16.8,4.351,6.194,7.047,1.513,-6.158,-5.728,-2.551,1.202,0.6403,-3.784,14.46,0.4266,-0.077,-1.093,-0.779,1.746,-1.076,-2.711,-2.975,-2.046,-0.3241,-3.277,-1.643,4.555,5.737,2.361,-1.79,2.564,5.05,5.07,0.1934,-5.538,-5.663,0.6933,3.285,9.352,-5.123,-3.394,-0.6846,5.851,2.997,-12.05,-6.508,-5.877,1.57
1949,1.01,1.508,0.4724,3.999,-3.973,-2.533,1.13,1.15,4.977,-0.8957,-2.997,-3.92,-13.56,2.549,7.661,3.34,2.583,-7.615,-4.103,-2.443,-0.3527,-1.641,-3.341,13.85,4.65,-2.885,-3.29,-1.973,2.021,-1.828,1.106,-0.439,2.121,-0.388,-2.926,-1.094,6.052,5.301,4.71,-3.056,-1.697,5.05,5.07,4.913,-3.135,-6.113,0.4969,6.603,9.536,-5.084,-5.654,1.081,5.041,1.93,-13.6,-4.746,-4.814,3.665
1950,1.01,2.845,-2.768,1.434,-0.4788,0.2545,1.13,1.15,2.495,-1.668,-2.722,-4.051,-16.26,-0.8206,4.609,7.02,0.0644,-5.872,-6.98,-2.75,0.3812,-2.313,0.0626,16.66,4.645,-0.1747,-5.182,-2.935,5.046,-3.953,-0.6758,-1.046,1.421,1.927,-3.066,-0.3644,7.014,5.576,4.832,-6.456,2.527,5.05,5.07,3.498,-9.208,-5.609,-0.1781,4.248,6.571,-6.935,-4.994,1.418,3.208,1.965,-12.73,-4.536,-5.107,2.568
1951,1.01,2.244,-1.957,2.383,-2.65,1.979,1.13,1.15,5.074,0.3003,-0.3833,-2.91,-16.4,2.245,4.327,4.225,0.3529,-8.094,-2.545,-2.668,-0.0129,-0.4427,-1.847,13.69,1.775,-0.5574,-3.86,-0.2873,0.0799,-1.568,3.275,-1.204,-1.433,-1.285,-1.362,-0.6128,4.536,4.554,2.364,-4.873,4.929,5.05,5.07,3.494,-4.372,-4.091,1.022,4.914,7.527,-5.752,-3.216,-1.101,1.113,0.2066,-12.87,-5.993,-6.801,3.531
1952,1.01,0.4488,0.7434,3.425,-1.848,0.6577,1.13,1.15,5.234,0.3787,-3.757,-2.9,-15.63,3.289,7.308,4.245,0.6809,-6.136,-5.002,-4.431,1.41,-1.699,-3.415,14.5,2.146,1.495,-3.673,-4.153,3.342,-4.222,-0.569,-2.896,0.0448,-1.869,-1.557,-0.8402,2.971,6.08,3.563,-1.487,-0.5328,5.05,5.07,4.33,-6.159,-4.246,1.114,3.208,6.748,-6.043,-3.961,1.236,3.697,2.764,-12.33,-3.012,-5.501,2.88
1953,1.01,1.792,-0.044,2.442,0.7803,-0.9984,1.13,1.15,3.465,-1.296,-4.464,-2.502,-15.93,1.862,4.509,7.055,1.872,-5.54,-2.742,-2.064,3.628,0.0636,-0.1524,14.63,3.244,-0.0773,-3.605,-2.699,2.599,-2.153,-2.019,-0.3261,-0.7472,0.7465,-3.188,-1.091,4.682,4.556,4.808,-0.4755,1.217,5.05,5.07,2.756,-7.223,-6.838,-0.2543,6.373,8.657,-4.119,-4.802,0.4238,0.5027,2.327,-11.17,-4.92,-5.366,0.9421
1954,1.01,2.443,-0.3824,2.534,2.426,0.6882,1.13,1.15,2.899,1.45,-0.2288,-3.282,-15.33,2.297,3.456,4.941,2.766,-8.094,-3.509,-1.661,2.76,1.501,-3.094,12.92,4.991,1.078,-3.146,-2.289,1.695,-1.784,4.643,0.8829,-2.034,-0.1092,-0.865,-0.4572,4.137,4.986,1.241,-1.068,0.2427,5.05,5.07,0.2368,-3.859,-7.407,1.252,5.749,2.466,-3.39,-5.375,-1.948,3.654,3.421,-11.75,-4.159,-3.501,4.239
1955,1.01,2.192,-2.141,1.97,-1.81,-1.551,1.13,1.15,3.109,-0.7577,-3.645,-4.891,-17.66,1.178,6.196,7.356,-0.0715,-5.227,-4.815,-4.182,2.753,-0.9222,-2.634,13.29,3.181,1.399,-3.296,-2.528,1.991,-3.597,-0.3646,-0.2755,0.0794,1.234,-3.787,-1.754,5.367,6.883,1.876,-4.112,-2.086,5.05,5.07,2.606,-2.666,-3.23,0.3126,1.211,9.52,-4.916,-4.14,-1.931,0.6761,1.636,-12.57,-5.061,-9.447,3.581
1956,1.01,0.9369,0.7669,6.264,0.3032,-1.612,1.13,1.15,3.374,-0.2407,-1.737,-2.709,-16.05,3.33,4.376,8.629,1.475,-6.514,-4.449,-3.322,2.909,-0.628,-0.5131,12.77,4.706,0.416,-3.387,-1.721,2.074,-3.723,-0.8742,-2.825,-1.436,-2.498,-2.905,-1.115,5.573,8.195,4.356,-2.677,2.919,5.05,5.07,2.223,-2.897,-6.722,2.054,5.702,7.507,-3.044,-5.477,1.508,2.135,1.567,-14.07,-5.709,-5.3,3.826
1957,1.01,0.4081,-1.53,4.642,1.701,-2.046,1.13,1.15,3.572,1.623,-1.471,-4.369,-16.2,4.075,5.819,7.578,0.7947,-6.538,-4.124,-1.209,3.699,0.1468,-1.603,14.94,3.962,2.868,-1.446,-0.4908,2.2,-3.845,0.3609,-0.4032,1.415,1.67,-4.309,-2.663,5.148,6.141,3.576,-3.708,1.145,5.05,5.07,5.615,-0.2765,-6.911,-2.617,4.877,8.26,-1.961,-2.557,-0.1841,1.898,3.162,-12.04,-4.736,-5.05,4.069
1958,1.01,-1.151,-1.562,5.706,-2.721,-0.7546,1.13,1.15,3.837,-0.7778,-1.814,-6.851,-17.6,3.259,4.76,6.076,1.963,-5.967,-5.425,-3.429,-0.273,-0.1168,-3.676,12.77,3.038,-0.8483,-1.078,-2.334,2.082,-4.349,-0.3583,0.7649,-0.4459,-4.049,-3.471,-2.946,4.36,6.099,2.065,-3.581,0.1376,5.05,5.07,1.423,-4.92,-5.627,-1.609,2.412,9.039,-2.57,-7.967,-0.4339,2.096,1.974,-12.6,-3.696,-6.682,1.88
1959,1.01,2.902,-1.334,1.365,0.8529,1.308,1.13,1.15,4.546,0.3991,-2.534,-4.185,-17.73,2.372,6.617,6.3,1.125,-6.201,-3.668,-2.035,0.9101,-4.989,-1.022,15.34,3.089,-2.005,-5.055,-1.477,3.953,-4.854,-2.741,-0.7919,0.3627,0.0832,-3.534,-1.412,6.032,6.043,1.603,-2.454,2.468,5.05,5.07,4.66,-4.433,-3.404,-2.784,2.274,5.124,-3.774,-5.849,2.003,3.388,2.064,-12.63,-5.507,-8.947,2.263
1960,1.01,1.042,-2.062,4.747,0.115,-0.2216,1.13,1.15,1.668,0.6167,-1.849,-3.813,-16.61,3.564,4.819,6.855,0.6179,-5.018,-5.693,-2.093,2.733,-0.1722,-2.4,11.52,3.878,1.153,-3.301,-2.37,2.183,-2.881,-2.315,-0.179,0.4256,-1.749,-3.674,-2.652,6.276,2.794,0.6807,-2.569,2.217,5.05,5.07,2.032,-6.466,-5.302,-2.853,3.204,7.129,-5.547,-4.86,-1.072,0.5313,1.591,-13.11,-8.436,-3.111,2.161
1961,1.01,1.113,-1.654,2.517,-0.7753,0.4393,1.13,1.15,4.95,2.129,0.0471,-2.041,-15.17,1.228,7.004,5.814,4.388,-7.893,-3.554,-3.545,0.5085,-0.2128,-4.337,15.57,2.807,2.184,-3.753,-3.091,-0.5418,-1.955,0.5791,-0.2246,0.7422,1.248,-1.285,-3.236,7.78,7.447,2.769,-4.267,0.7578,5.05,5.07,3.441,-1.082,-6.009,1.309,4.96,11.72,-4.54,-0.638,-0.0375,6.467,1.202,-12.76,-6.407,-9.853,1.822
1962,1.01,3.171,1.054,0.9943,0.6054,-1.922,1.13,1.15,3.756,0.1595,-2.561,-1.308,-16.26,1.478,4.648,6.427,2.608,-6.668,-4.868,-4.371,1.001,-0.122,-1.253,15.58,4.469,-1.066,-4.093,0.1556,-0.6696,-2.729,-4.248,-2.163,-1.583,0.6454,-3.476,-1.899,3.689,7.598,1.681,-2.532,2.869,5.05,5.07,5.928,-0.3903,-5.432,0.1741,3.465,3.828,-3.4,-6.521,-0.056,1.985,2.284,-12.76,-7.943,-9.457,3.89
1963,1.01,0.5628,-2.26,1.52,-2.623,0.2731,1.13,1.15,4.133,-0.3805,-2.274,-4.904,-17.04,0.3359,5.144,5.484,1.537,-5.92,-5.145,-1.422,1.86,-1.401,-1.932,12.57,3.646,-1.404,-1.765,-0.1993,2.065,-0.3532,2.495,-3.337,0.1937,-3.424,-3.478,-2.098,3.973,3.145,2.777,-5.217,-1.066,5.05,5.07,3.498,-3.439,-6.211,-3.067,3.315,5.83,-2.886,-3.586,0.3482,3.763,2.568,-10.87,-3.105,-4.118,1.723
1964,1.01,-0.7048,-1.827,2.92,-1.935,-0.956,1.13,1.15,4.059,-0.8593,-3.427,-3.763,-16.56,2.219,7.175,4.601,2.142,-6.211,-4.044,-3.759,1.79,-2.847,-3.975,12.89,2.669,1.382,-5.219,-0.569,0.0718,-3.543,-0.2598,-0.5393,0.8906,0.8215,-2.474,-2.318,6.782,7.203,2.276,-4.404,0.9234,5.05,5.07,2.724,-3.934,-7.134,-5.503,4.765,8.271,-3.874,-6.722,0.8147,2.098,3.169,-11.58,-3.602,-7.422,4.218
1965,1.01,3.549,-0.9336,3.434,-1.234,-3.254,1.13,1.15,3.078,-0.9112,-0.896,-3.558,-17.61,1.24,4.978,6.45,2.124,-5.955,-2.815,-4.32,0.8482,0.7953,-3.154,12.34,1.81,1.344,-1.989,-4.117,2.525,-5.622,-1.508,0.7107,-0.9625,2.45,-1.667,-0.5724,4.955,5.606,6.331,-2.379,-0.7628,5.05,5.07,2.93,-3.067,-4.752,0.9201,3.334,7.382,-2.273,-6.237,0.2329,2.575,2.943,-12.57,-5.161,-7.164,2.92
1966,1.01,2.293,-2.38,2.466,0.7956,-3.395,1.13,1.15,4.021,0.3927,-3.594,-4.455,-15.95,3.675,6.584,6.543,1.526,-4.739,-5.228,-3.241,1.115,0.8137,-1.758,15.01,2.774,0.5163,-1.718,-3.19,1.002,-3.056,-0.26,1.08,-1.721,-0.3668,-1.764,-0.6271,5.829,6.036,4.817,-1.646,1.053,5.05,5.07,6.781,-4.68,-6.311,-0.2154,2.303,4.885,-1.526,-4.088,-1.006,4.425,2.076,-12.94,-3.076,-3.883,2.744
1967,1.01,3.636,-2.016,3.634,-0.8073,-1.027,1.13,1.15,2.502,3.353,-2.528,-4.22,-18.07,3.556,4.56,5.756,0.5356,-5.122,-6.042,-4.264,-1.579,1.275,-0.9028,14.58,3.975,1.174,-1.605,-1.959,1.999,-0.9935,-1.336,-0.4937,-1.728,0.9311,-3.97,-1.057,5.196,6.113,3.826,-1.099,1.501,5.05,5.07,2.081,-1.523,-8.733,0.1976,4.912,11.84,-3.828,-5.079,1.607,2.902,4.166,-11.55,-5.124,-9.064,2.842
1968,1.01,4.789,-1.075,2.196,-1.946,-1.849,1.13,1.15,4.577,-0.0101,-2.454,-5.46,-15.99,1.96,5.401,5.581,0.4206,-4.246,-3.457,-0.6392,-0.8852,-1.682,-2.234,13.4,4.025,0.4253,-0.6985,-2.466,1.791,-4.211,-2.133,-3.617,-1.264,-3.706,-0.7757,-0.5693,5.204,3.33,4.355,-6.02,4.44,5.05,5.07,2.369,-3.249,-5.184,0.1819,4.652,8.324,-3.559,-5.072,-0.988,2.047,1.133,-11.9,-4.557,-6.375,2.998
1969,1.01,-0.1956,-0.4725,4.759,0.7433,-2.773,1.13,1.15,3.213,0.7108,-1.229,-2.839,-16.98,1.333,7.447,7.116,1.555,-6.114,-4.098,-2.693,3.15,0.5513,1.31,12.57,4.013,-0.2025,-2.9,-2.614,0.3546,-4.806,-0.7192,-2.01,1.996,0.8237,1.514,-1.43,3.43,5.0,3.251,-2.113,2.582,5.05,5.07,0.5281,-1.699,-7.31,-0.8713,3.169,11.25,-2.185,-1.617,0.5818,4.82,1.849,-10.46,-5.687,-5.468,2.224
1970,1.01,2.396,-2.281,1.328,-1.577,-3.016,1.13,1.15,0.6433,2.378,-1.695,-6.014,-16.35,2.44,7.364,5.434,1.039,-5.007,-3.988,-2.054,1.425,-0.4001,-1.653,12.95,4.035,-4.089,-3.613,-0.3233,-0.1174,-3.473,-0.8096,0.5715,0.806,0.3336,-1.455,0.4449,4.386,4.025,3.686,-2.684,2.166,5.05,5.07,0.5987,-1.466,-6.088,-1.778,4.907,7.573,-5.908,-4.667,2.618,3.893,1.195,-12.67,-5.776,-6.173,2.688
1971,1.01,1.745,-3.116,1.424,0.3549,-1.425,1.13,1.15,4.911,2.284,-2.948,-5.075,-14.74,1.211,5.506,6.735,-0.6672,-4.768,-4.558,-1.667,1.54,2.343,0.3717,15.3,1.239,0.9897,-3.631,-1.982,3.225,-2.617,2.174,-0.4336,0.6938,0.8286,-2.463,0.5451,7.474,5.245,3.482,-1.328,1.953,5.05,5.07,3.3,-2.617,-6.99,0.7837,6.66,4.665,-3.656,-6.253,2.091,3.295,3.356,-12.2,-2.517,-5.282,4.009
1972,1.01,1.685,-1.633,3.987,-2.224,-2.215,1.13,1.15,4.329,0.0041,-2.696,-4.687,-17.08,3.113,5.137,4.262,0.3233,-5.807,-3.035,-2.93,1.425,1.924,0.1989,13.89,3.362,2.771,-1.485,-0.2412,1.523,-2.731,-0.5918,-0.8023,-2.752,-3.753,-3.064,-1.145,5.427,7.304,0.7116,-2.61,1.005,5.05,5.07,6.203,-3.046,-5.824,-1.623,4.753,4.308,-5.443,-1.137,1.09,2.488,1.796,-11.59,-5.313,-7.845,2.262
1973,1.01,1.56,-2.107,3.678,-0.144,1.12,1.13,1.15,4.936,0.8588,-3.514,-3.592,-15.35,1.492,5.613,3.787,2.756,-5.918,-4.815,-2.297,1.994,1.452,-2.836,15.88,3.627,-2.29,-3.758,-2.284,1.031,-3.093,0.9042,-1.622,-0.5769,0.87,-2.617,-1.867,4.837,4.652,3.885,-3.168,0.8867,5.05,5.07,5.339,-3.29,-3.5,-2.567,5.028,6.025,-7.187,-6.456,2.179,0.5567,4.374,-10.16,-4.517,-4.953,0.8722
1974,1.01,5.144,-2.897,3.288,-3.32,-1.354,1.13,1.15,4.12,0.1921,-1.731,-6.194,-14.81,0.6952,3.84,5.046,1.082,-7.931,-3.745,0.4263,2.96,-0.4869,1.64,13.24,5.464,-0.3172,-4.381,-1.9,1.218,-5.59,-2.526,-1.01,0.5232,-2.262,-2.163,-0.8858,5.835,3.225,5.602,-1.344,0.8591,5.05,5.07,0.733,-1.106,-5.062,-0.6951,5.227,9.708,-4.299,-2.139,-0.6385,2.87,2.33,-12.83,-5.092,-8.585,1.79
1975,1.01,-0.9456,-1.861,3.186,-0.9231,2.259,1.13,1.15,0.4343,0.5626,-3.443,-4.041,-20.13,3.926,6.994,4.574,0.3975,-5.566,-5.924,-3.033,2.485,-0.2929,-3.486,12.62,2.244,-1.768,-1.519,-2.581,2.189,-4.233,-0.1606,1.538,-2.752,0.3902,-4.755,0.169,5.954,5.103,4.065,-5.813,1.386,5.05,5.07,3.417,-2.334,-5.952,-1.231,4.764,10.26,-5.488,-3.811,0.9197,2.404,2.733,-11.98,-5.559,-6.247,3.154
1976,1.01,0.8928,-1.68,0.4802,-0.3367,1.155,1.13,1.15,6.188,1.056,-2.655,-5.083,-16.3,0.9053,6.298,7.216,2.182,-6.112,-5.256,-2.821,-1.308,0.3938,-2.362,17.16,2.699,0.26,-5.113,-1.267,0.2488,-3.885,2.279,-0.6811,0.7686,0.9778,-3.559,-1.046,5.326,4.656,3.686,-3.666,0.1662,5.05,5.07,2.415,-3.039,-5.432,0.8962,1.194,6.915,-1.122,-2.19,-1.932,1.107,1.116,-12.15,-4.838,-2.925,3.665
1977,1.01,2.307,-1.432,1.678,-2.054,0.6032,1.13,1.15,3.954,3.023,-2.506,-2.58,-17.03,3.518,5.889,5.063,3.416,-8.084,-5.552,-2.484,3.028,3.636,-3.836,13.39,4.355,-4.125,-4.593,-1.287,1.062,-4.248,0.8962,-0.7477,2.125,0.649,-1.801,-0.7648,4.887,5.897,5.205,-2.426,1.815,5.05,5.07,0.6991,-0.893,-6.296,0.2236,5.513,8.002,-3.906,-1.164,1.581,1.521,2.75,-10.62,-2.988,-6.303,3.898
1978,1.01,1.175,-4.758,5.22,-3.059,-2.737,1.13,1.15,4.731,-0.2969,-4.126,-5.12,-15.66,3.555,5.288,5.468,-0.6482,-4.682,-5.754,-2.678,0.0398,0.6669,-2.834,14.12,2.042,-0.8134,-0.395,-1.892,1.302,-3.546,0.5473,-2.458,-1.025,-0.1486,-2.922,-1.448,5.031,6.675,3.377,-1.304,0.961,5.05,5.07,2.985,-6.785,-6.303,-0.4,1.764,6.21,-5.542,-3.243,-1.395,2.02,1.114,-12.42,-5.118,-8.284,2.08
1979,1.01,-1.396,1.928,2.262,-0.2352,-2.409,1.13,1.15,2.652,0.4602,-0.6386,-5.424,-17.93,1.177,7.152,4.836,2.397,-6.347,-4.796,-1.732,1.335,1.51,-2.21,13.6,3.187,2.454,-3.494,-0.1819,2.148,-4.697,-0.2304,-0.845,-1.596,-1.615,-3.466,-0.6726,2.887,6.789,4.109,-4.443,3.635,5.05,5.07,2.977,-7.436,-6.548,0.1203,6.113,8.119,-6.038,-5.93,-0.504,4.274,1.15,-11.56,-2.889,-9.221,3.087
1980,1.01,2.138,-2.754,2.581,0.6527,-1.512,1.13,1.15,2.469,0.1614,-1.388,-4.408,-17.82,2.659,4.464,7.025,2.338,-5.419,-3.843,-0.8641,0.0045,-1.38,-0.4194,14.16,3.314,-2.311,-2.191,-2.487,3.841,-2.527,1.726,0.6346,-0.7824,-2.815,-2.908,-1.63,4.308,6.151,2.561,-5.827,1.81,5.05,5.07,2.865,-1.393,-6.21,-1.573,2.495,6.163,-0.0437,-3.69,0.1324,0.7961,2.583,-11.13,-5.266,-5.109,4.873
1981,1.01,-0.3888,-0.2711,3.489,0.2323,1.542,1.13,1.15,2.503,-1.579,-1.328,-2.847,-16.39,6.051,8.423,6.074,0.0586,-9.488,-3.462,-2.935,2.871,1.228,-1.48,10.48,2.442,1.253,-0.9295,-2.72,3.167,-2.683,2.816,-2.913,0.1105,-1.601,-4.334,-0.4894,5.064,7.735,1.743,-0.8886,-2.966,5.05,5.07,1.786,-4.467,-5.753,-1.39,4.667,9.105,-3.053,-1.831,-0.2419,2.151,2.514,-13.87,-5.655,-4.41,3.175
1982,1.01,3.347,-0.0122,2.424,-0.1877,-2.479,1.13,1.15,3.987,-0.3699,-2.56,-3.316,-16.71,1.253,6.279,7.359,1.709,-8.049,-5.613,-2.567,3.833,2.341,-2.212,13.5,4.644,-0.015,-1.186,1.031,2.217,-2.763,0.5304,-1.075,1.64,0.2278,-4.271,-0.6613,5.211,5.397,6.147,-4.52,1.374,5.05,5.07,4.747,-5.11,-7.494,-0.5068,4.134,5.985,-5.373,-7.417,-1.104,2.453,2.988,-11.01,-5.359,-3.999,1.832
1983,1.01,3.219,-1.014,2.106,1.457,-1.395,1.13,1.15,4.119,-0.7113,-2.526,-4.096,-17.74,0.7177,4.264,3.39,1.028,-5.422,-5.851,-3.307,3.215,-0.6061,-3.382,13.78,2.379,2.579,-2.185,-2.166,2.394,-2.631,2.044,-2.427,0.3203,0.338,-2.935,-2.375,4.995,6.293,3.754,-4.94,1.874,5.05,5.07,4.053,-3.35,-2.815,-0.8646,2.649,6.06,-0.6579,-1.296,1.025,3.728,4.484,-12.16,-3.751,-5.614,3.513
1984,1.01,0.0216,3.961,4.343,0.7397,-1.008,1.13,1.15,4.963,1.503,-2.596,-4.386,-15.3,1.779,6.016,5.43,0.9565,-7.505,-4.45,-1.498,3.278,-0.7231,0.2185,14.82,2.187,0.591,-2.378,-1.868,1.904,-2.048,0.871,1.048,0.5208,-2.986,-0.7466,-1.561,5.625,6.27,5.288,-2.627,-0.5293,5.05,5.07,3.903,-3.884,-6.987,-0.5519,2.375,5.748,-5.788,-0.5249,1.117,1.677,3.266,-11.91,-4.257,-4.873,3.988
1985,1.01,-0.433,-1.822,4.887,1.078,-1.562,1.13,1.15,2.387,1.235,-4.18,-4.58,-17.61,1.807,4.021,6.157,3.321,-7.709,-2.778,-3.306,3.637,-1.024,-0.6274,14.81,2.478,0.4434,-1.706,-3.312,1.834,-4.808,-1.316,1.875,1.341,1.844,-3.11,0.0285,4.462,6.374,1.116,-3.431,5.945,5.05,5.07,2.721,-2.303,-5.592,1.337,4.131,10.32,-4.904,-5.436,-0.8273,2.971,1.699,-12.87,-5.733,-9.016,1.441
1986,1.01,4.495,0.9806,3.281,-0.0704,-0.6678,1.13,1.15,4.227,1.272,-4.359,-3.366,-15.74,1.357,8.857,6.175,2.032,-4.446,-4.206,-3.144,2.658,1.373,2.045,13.32,4.456,-1.748,-4.603,1.009,2.152,-2.776,-1.013,-1.453,0.2177,0.0773,-2.799,-0.5742,7.046,5.374,3.013,-5.074,2.19,5.05,5.07,4.275,-5.994,-6.261,0.8533,3.946,5.269,-0.372,-3.729,0.4989,1.732,4.073,-11.67,-5.964,-4.876,1.389
1987,1.01,4.31,-8.702,2.701,0.0791,-1.408,1.13,1.15,2.639,1.408,-3.478,-4.802,-17.68,4.291,6.502,4.547,1.709,-3.923,-4.858,-2.257,3.319,0.8655,-0.3814,13.16,2.137,2.473,-2.842,-1.315,0.4808,-3.118,-3.06,-0.7712,2.0,-2.501,-4.114,-1.097,6.375,5.64,3.694,-3.378,0.9052,5.05,5.07,5.055,-2.241,-8.273,-1.168,2.768,8.738,-5.963,-3.547,0.668,3.697,2.587,-11.06,-2.563,-4.909,3.346
1988,1.01,1.342,0.7528,2.304,1.425,-0.1942,1.13,1.15,3.716,0.1455,-2.395,-4.252,-18.96,4.016,6.3,7.78,1.909,-6.058,-2.378,-3.567,0.6528,1.763,-4.013,13.33,4.995,3.876,-3.924,-2.308,2.095,-3.005,-1.671,0.0868,-2.32,0.6437,-3.933,-0.8456,3.221,5.023,4.983,-2.65,2.595,5.05,5.07,3.807,-7.074,-5.5,-1.861,5.99,7.81,-5.862,-7.772,2.047,1.944,3.128,-11.97,-3.11,-4.682,1.713
1989,1.01,0.9928,-2.324,3.477,2.143,1.755,1.13,1.15,5.722,-2.187,-0.1713,-4.871,-17.34,2.181,4.729,8.213,1.236,-5.767,-3.12,-2.462,1.854,1.114,-2.604,13.11,2.78,-0.3255,-3.35,-0.2552,0.5531,-2.602,-0.3044,-2.13,0.4476,0.8175,-4.179,0.4335,2.259,5.847,2.442,-4.056,2.645,5.05,5.07,2.265,-4.8,-5.875,0.3035,3.585,8.039,-5.243,-2.415,1.043,1.669,2.34,-12.72,-3.139,-2.095,2.329
1990,1.01,1.758,0.7522,2.438,0.6545,0.1403,1.13,1.15,4.039,0.9062,-2.352,-2.556,-16.99,-0.6379,7.027,5.488,0.9314,-8.744,-4.287,-2.445,2.473,-1.874,-0.2764,12.94,3.271,-0.3785,-2.546,-1.8,3.556,-1.8,-3.414,-0.306,-1.371,-0.5646,-4.729,-0.3998,7.162,6.834,2.172,-3.325,2.178,5.05,5.07,5.184,-2.871,-5.857,0.5719,4.447,6.606,-1.777,-3.397,0.2016,3.208,1.295,-12.16,-4.539,-10.47,3.444
1991,1.01,0.0438,-2.251,1.952,-0.1362,-1.792,1.13,1.15,5.11,1.03,-2.988,-2.559,-14.42,2.444,5.026,5.77,1.685,-4.816,-3.416,-3.394,0.1697,1.188,-0.1057,12.63,4.436,0.0745,-2.687,-2.877,2.405,-2.506,-1.386,-1.474,-0.8366,0.7298,-2.404,-2.0,7.473,5.185,4.273,-5.443,1.028,5.05,5.07,2.297,-3.885,-4.958,-0.5214,3.323,10.56,-2.152,-4.711,1.598,1.736,1.227,-9.78,-4.221,-9.979,1.863
1992,1.01,1.889,-3.316,3.91,0.4506,0.16,1.13,1.15,3.181,0.7255,-1.453,-3.576,-15.05,2.033,5.445,4.746,-0.1105,-4.985,-4.329,-3.878,3.981,1.062,-0.9106,14.51,6.478,0.1599,-2.435,-2.88,2.678,-3.545,-3.726,-0.3112,-1.791,-0.088,-4.738,-1.211,4.722,7.091,4.38,-2.803,2.508,5.05,5.07,3.253,-1.148,-3.345,1.14,3.152,4.685,-2.744,-6.81,-0.0617,3.643,3.551,-10.34,-5.541,-6.715,2.56
1993,1.01,1.552,-3.348,4.242,1.516,-1.505,1.13,1.15,1.614,2.219,-3.655,-3.03,-15.26,0.8931,7.136,7.71,2.39,-5.382,-5.574,-2.75,0.3382,1.436,-1.708,14.58,6.686,-1.227,-3.092,-3.175,1.341,-2.669,-0.0674,-1.447,-0.5999,-0.6073,-2.365,-0.0282,6.35,5.916,3.023,-0.2953,0.5962,5.05,5.07,4.697,1.289,-5.481,-0.3789,3.701,8.639,-3.773,-2.067,0.0556,5.699,2.198,-12.35,-5.74,-7.939,3.81
1994,1.01,2.563,-2.766,3.903,-1.339,-0.2634,1.13,1.15,1.805,0.8274,-1.861,-3.672,-16.85,1.965,4.36,6.901,0.103,-3.354,-3.589,-0.4061,2.294,-1.636,0.5618,14.05,2.425,0.9446,-2.105,-0.4165,1.639,-4.806,0.6392,-0.2391,-1.708,-2.27,-1.074,1.308,5.952,4.004,3.502,-3.235,1.904,5.05,5.07,2.805,-1.672,-7.266,-0.4099,3.947,7.454,-3.523,-6.779,0.4835,4.04,2.542,-11.4,-6.333,-4.02,1.374
1995,1.01,0.3086,-2.937,0.823,1.777,-1.563,1.13,1.15,2.759,1.06,-2.435,-6.083,-16.35,1.597,4.532,5.701,1.417,-5.793,-6.607,-2.17,2.306,-0.4437,-1.376,15.21,4.473,-0.8038,-1.61,-2.242,2.103,-2.094,2.945,0.4974,0.8497,-1.159,-1.764,-1.371,5.588,4.683,0.5206,-3.734,1.64,5.05,5.07,2.497,-3.578,-2.622,-0.4407,5.439,10.03,-4.346,-6.512,-0.4677,2.905,2.716,-11.42,-6.594,-2.977,3.309
1996,1.01,2.403,-0.6655,2.898,0.7315,-1.106,1.13,1.15,3.707,3.308,-3.366,-5.78,-17.72,-0.0649,6.458,7.481,2.342,-4.656,-2.575,-1.935,1.421,-0.2979,-0.5365,14.86,2.519,0.4494,-5.103,-1.731,3.603,-3.881,2.523,-1.466,-1.999,-0.9853,-4.39,-1.03,6.628,6.883,4.707,-1.825,0.8489,5.05,5.07,4.197,-1.671,-5.671,-1.29,5.529,6.704,-3.619,-3.955,0.8592,1.793,2.284,-12.13,-4.995,-6.335,2.714
1997,1.01,0.8665,-1.661,2.871,3.096,0.5901,1.13,1.15,4.131,0.7473,-2.76,-4.304,-15.99,1.248,7.466,5.537,1.995,-9.045,-4.701,-3.373,3.553,-0.951,-1.865,16.18,4.076,3.027,-1.862,-2.346,1.798,-3.373,-0.9212,-1.289,-0.9955,1.118,-2.93,-0.6829,5.583,3.487,-0.0393,-6.035,2.368,5.05,5.07,3.681,-3.86,-6.172,-0.8527,3.505,9.404,-3.453,-4.301,-1.556,4.851,3.658,-11.83,-6.413,-5.507,2.79
1998,1.01,1.303,-2.732,4.058,-0.9083,-2.327,1.13,1.15,2.551,-0.8129,-1.51,-4.192,-16.04,1.167,6.887,6.218,1.439,-7.453,-3.684,-4.781,2.881,-1.169,0.1454,16.48,2.111,-0.0047,-2.19,0.1318,0.3809,-1.732,0.6851,0.6818,-0.2638,-1.397,0.059,-0.8514,4.788,5.874,4.24,-3.848,2.063,5.05,5.07,0.6551,-0.3826,-3.009,0.2796,3.844,5.708,-2.979,-4.057,0.1566,3.205,2.248,-10.74,-1.564,-5.131,2.908
1999,1.01,0.92,1.42,2.13,-2.885,-2.587,1.13,1.15,4.439,-0.6497,-5.238,-5.868,-16.27,1.887,6.082,7.264,3.867,-9.348,-4.515,-1.847,1.85,-1.621,-0.6819,15.29,2.506,3.26,-0.9258,-0.0094,2.6,-2.262,-2.981,-1.261,-1.361,1.378,-2.928,-0.0188,6.027,6.688,4.564,-4.581,2.67,5.05,5.07,4.057,-4.937,-6.135,-2.471,6.051,6.902,-5.562,-3.277,1.277,2.218,1.405,-10.25,-3.131,-6.791,2.006
2000,1.01,3.851,-2.938,0.4729,1.031,-0.7505,1.13,1.15,3.146,0.6719,-1.856,-2.819,-16.77,2.288,6.69,5.993,1.91,-5.172,-3.023,-4.027,-0.0026,-0.2465,-2.16,15.45,4.721,-2.11,1.183,2.545,2.295,-1.923,0.8634,-0.9493,-4.438,1.196,-1.029,0.8941,5.565,4.953,1.02,-5.003,0.9929,5.05,5.07,1.821,-1.924,-3.052,-1.334,3.776,5.537,-2.851,-3.299,0.0122,4.23,1.459,-12.44,-3.507,-6.726,4.321
2001,1.01,2.002,-2.916,3.674,-1.132,-2.051,1.13,1.15,3.457,0.1911,-0.2939,-4.178,-16.46,1.946,5.054,4.147,2.599,-5.403,-4.758,-3.268,1.905,0.163,-1.551,12.84,3.194,0.9665,-3.044,-1.658,1.118,-3.464,0.102,-2.209,0.5912,-0.5461,-4.11,-0.0543,3.185,4.037,2.323,-3.19,-0.9871,5.05,5.07,4.388,-1.918,-2.949,1.15,6.187,5.388,-3.264,-7.584,0.1794,4.9,3.088,-13.64,-4.593,-8.926,3.635
2002,1.01,1.629,-1.631,2.239,-0.3009,-2.093,1.13,1.15,3.0,2.078,-2.352,-3.896,-17.35,2.1,5.853,7.206,0.9302,-5.056,-2.494,-1.178,3.043,1.466,0.0205,14.46,4.614,0.7354,-2.28,-2.28,0.2797,-4.676,-0.0773,1.771,0.9046,1.121,-3.485,-0.5635,7.405,6.134,2.192,-2.929,0.9069,5.05,5.07,2.696,-4.089,-5.722,-1.187,3.473,9.012,-1.335,-4.975,0.4477,3.453,2.04,-11.41,-4.1,-9.777,3.947
2003,1.01,1.921,5.717,2.994,-0.5125,-1.701,1.13,1.15,3.888,0.8507,-3.3,-3.352,-18.81,1.946,6.124,6.817,4.051,-10.34,-3.014,-4.339,2.84,2.954,-2.013,15.43,1.915,-0.8246,-3.151,-1.857,3.081,-2.386,-3.235,-0.0801,-1.796,0.6711,-0.7405,-0.7467,3.758,5.733,1.327,-1.791,1.24,5.05,5.07,3.675,-2.728,-4.381,-0.1656,4.028,6.833,-4.351,-7.719,0.728,1.637,3.767,-10.86,-5.685,-6.159,5.395
2004,1.01,0.2843,-4.338,2.297,0.1622,-1.251,1.13,1.15,5.194,5.064,-2.401,-4.248,-16.74,4.711,5.437,6.927,2.473,-6.361,-3.392,-2.923,1.857,-1.602,-2.051,12.7,3.714,-0.3805,-4.846,-4.219,0.8952,-4.06,-0.5067,1.618,-1.294,-2.677,-6.058,-1.026,6.029,6.176,2.544,-4.077,2.019,5.05,5.07,2.551,-0.4022,-3.954,-0.7715,6.34,7.193,-3.609,-4.652,1.887,2.516,1.933,-9.666,-4.6,-4.116,4.638
2005,1.01,1.487,0.3627,3.149,2.787,-1.647,1.13,1.15,2.53,0.9228,-1.521,-3.008,-18.59,1.116,6.061,5.551,3.306,-7.215,-4.187,-3.087,2.726,1.499,-2.764,12.62,4.712,1.794,-4.942,0.5419,4.287,-3.915,-2.343,1.531,0.257,0.1352,-6.514,-0.9635,3.75,4.113,2.313,-3.912,1.23,5.05,5.07,2.029,-4.919,-5.456,-0.6239,6.383,6.166,-3.388,-5.746,0.9534,3.355,2.031,-10.85,-5.778,-7.518,1.686
2006,1.01,1.824,-6.949,1.916,0.3089,-0.7857,1.13,1.15,5.319,1.816,1.359,-4.358,-15.55,-0.6805,5.763,7.386,2.276,-7.418,-3.029,1.179,0.0551,-0.3191,-4.017,14.04,2.014,0.5607,-4.918,-3.274,0.6511,-2.895,1.119,-0.2835,-0.3093,0.5782,-2.943,-1.897,4.474,6.778,2.653,-4.628,3.267,5.05,5.07,2.99,-1.293,-6.971,1.04,3.761,7.441,-4.83,-2.443,0.7286,1.521,3.195,-10.13,-2.59,-3.663,1.94
2007,1.01,1.642,-1.694,-0.0591,1.126,-1.571,1.13,1.15,-0.1776,0.1431,-0.7398,-1.785,-13.63,3.034,6.229,5.824,1.806,-5.648,-5.498,-2.892,2.139,1.074,-4.812,15.39,2.831,0.3668,-3.479,-3.769,-0.2005,-1.205,-4.846,-1.207,0.1132,-0.3604,-2.309,-2.341,5.042,5.243,2.792,-3.381,2.665,5.05,5.07,2.658,-2.285,-4.326,0.0302,3.873,5.895,-2.522,-8.735,0.8252,2.303,1.298,-11.62,-4.824,-4.378,3.079
2008,1.01,3.195,1.07,3.936,1.306,-1.257,1.13,1.15,3.941,-0.5999,-1.915,-4.664,-15.87,1.274,7.728,6.286,2.365,-5.178,-3.591,-3.282,4.225,-1.809,-2.429,13.47,2.98,-1.807,-1.376,-1.661,2.294,-3.416,-3.979,-0.644,-0.636,1.307,-2.565,-1.711,6.089,6.272,4.213,-5.17,1.205,5.05,5.07,4.265,-3.605,-4.375,-0.8454,2.713,8.543,-2.196,-6.03,0.7471,2.331,2.927,-11.68,-8.015,-5.803,2.222
2009,1.01,2.9,-2.035,3.635,-1.732,-1.399,1.13,1.15,3.87,1.112,-3.507,-6.453,-15.23,-0.2132,5.196,5.323,0.4081,-6.788,-5.504,-0.7015,2.452,0.6018,-1.433,13.01,2.7,2.368,-2.488,-1.693,-1.342,-0.6505,-1.074,-1.896,-1.759,2.069,-1.335,-0.372,4.059,4.278,2.859,-3.743,4.222,5.05,5.07,0.2228,-2.741,-4.899,-0.6372,4.892,7.535,-2.718,-6.383,0.29,0.2771,3.326,-10.12,-3.206,-4.135,0.3838
2010,1.01,1.921,-2.271,1.991,-0.8499,-0.3638,1.13,1.15,3.464,1.509,-3.77,-6.294,-15.7,-0.0397,5.5,6.07,-0.7674,-9.003,-2.299,-1.28,1.604,-1.031,-1.826,11.52,6.137,0.9746,-1.954,-1.163,2.004,-3.655,1.5,-1.839,1.478,-1.535,-2.812,0.6233,6.647,6.564,4.52,0.7876,2.14,5.05,5.07,2.188,-1.437,-3.775,0.5824,4.952,9.069,-4.482,-5.451,0.7094,2.036,2.29,-11.05,-1.461,-5.02,0.7713
2011,1.01,2.588,-2.316,0.3494,-1.28,-2.297,1.13,1.15,3.973,0.1036,-1.025,-5.334,-16.35,3.689,2.745,6.716,2.382,-6.965,-4.362,-2.231,0.8834,-1.029,-1.083,13.51,2.171,-0.5067,-2.76,-1.982,2.052,-1.783,2.015,-0.2616,-0.5406,-0.4833,-2.41,-2.356,3.715,3.908,2.493,-1.894,1.502,5.05,5.07,1.241,-5.049,-5.336,-0.8463,4.244,6.328,-2.111,-3.386,0.1741,0.8151,3.437,-11.79,-2.774,-5.792,3.861
2012,1.01,-1.017,-2.313,1.159,1.104,2.698,1.13,1.15,2.823,0.5902,-3.688,-4.811,-14.99,3.022,7.193,4.446,2.998,-7.034,-5.043,-2.429,1.147,-1.589,-2.996,12.47,1.86,2.619,-2.262,-1.263,1.833,-5.46,-0.0871,0.9886,-3.653,-1.535,-0.1414,-1.54,6.493,5.572,0.1919,-1.371,-1.038,5.05,5.07,2.537,-5.056,-4.823,-1.97,4.335,4.671,-2.63,-3.86,-0.7432,4.289,3.576,-11.74,-6.451,-6.763,3.928
2013,1.01,1.981,1.329,1.605,-2.739,-0.3897,1.13,1.15,1.741,-0.3515,-0.8157,-4.403,-18.03,0.9008,6.084,7.134,2.366,-6.328,-4.315,-1.464,3.5,0.5399,-1.622,12.64,3.582,1.185,-2.398,-1.789,0.6972,-3.147,-2.473,-0.2005,-1.801,-1.302,-2.328,0.3923,4.275,4.793,2.482,-3.854,1.861,5.05,5.07,2.568,-1.728,-7.822,-1.522,5.14,7.699,-5.539,-6.399,-0.0763,3.334,1.879,-14.74,-2.608,-6.191,1.751
2014,1.01,3.223,-0.6331,2.109,-3.394,-2.161,1.13,1.15,4.153,-0.7983,-1.112,-3.807,-17.68,0.2475,7.075,5.873,1.056,-5.52,-6.712,-2.433,2.456,1.304,0.6376,13.1,2.644,-0.3734,-2.55,-3.029,3.914,-3.514,-1.822,-2.066,-1.205,-0.9864,-3.169,-0.3348,6.648,5.816,4.725,-2.416,4.067,5.05,5.07,4.598,-4.304,-3.586,0.2846,3.208,8.003,-2.151,-6.129,0.6581,3.982,2.769,-12.17,-4.041,-4.641,2.997
2015,1.01,0.6197,-2.814,2.19,-0.2051,-0.4039,1.13,1.15,3.111,-0.0362,-1.932,-3.54,-16.72,1.743,4.694,3.792,-0.6741,-6.53,-3.159,-2.05,1.587,2.942,-3.823,15.37,2.839,2.195,-2.463,0.5056,1.757,-2.894,0.2506,0.5852,-2.922,-1.079,0.1014,0.2759,3.447,6.099,2.04,-4.108,3.625,5.05,5.07,3.378,-4.827,-3.877,-2.594,4.513,6.629,-2.728,-4.411,2.926,2.871,2.389,-11.95,-5.933,-2.905,4.565
2016,1.01,2.061,-2.986,5.311,-1.439,-2.804,1.13,1.15,4.766,1.713,-2.027,-2.3,-13.8,4.107,3.391,5.833,1.125,-5.562,-3.559,-1.884,1.624,-1.422,-2.019,12.9,3.281,2.485,-3.851,-2.798,-0.9718,-5.326,-0.45,-0.8136,0.2042,0.2592,-2.253,-0.5355,5.746,6.153,3.33,-6.495,5.101,5.05,5.07,3.274,0.3012,-6.096,-1.92,2.85,8.952,-3.694,-5.217,-0.092,5.229,3.61,-11.44,-5.448,-8.236,3.619
2017,1.01,1.256,-0.4092,3.244,-1.538,-0.3834,1.13,1.15,3.737,1.532,-2.92,-5.702,-15.7,4.114,6.325,5.578,2.34,-4.113,-3.163,-1.121,0.4585,0.1869,-0.0659,13.28,3.607,-0.0541,-2.146,0.0416,4.491,-1.654,-1.45,-1.132,0.3357,-0.399,-3.416,-2.08,3.588,4.305,3.237,-4.868,2.469,5.05,5.07,1.819,-3.761,-4.899,-0.5156,6.47,10.96,-2.06,-0.6448,-2.751,0.9947,3.386,-11.07,-3.693,-5.002,3.389
2018,1.01,-0.2125,-2.56,2.79,1.929,0.8805,1.13,1.15,3.832,2.431,0.0569,-4.565,-17.59,-1.048,5.024,5.095,0.239,-5.839,-4.124,-2.811,3.651,-0.2699,0.5521,12.98,3.438,-0.2661,-2.083,-3.293,-1.918,-1.288,-0.1903,2.088,-0.1395,1.728,-2.166,-1.589,4.558,4.749,3.633,-4.722,1.403,5.05,5.07,2.724,-5.591,-4.525,-0.0979,3.77,9.626,-2.4,-1.392,1.304,1.889,2.405,-11.06,-4.74,-5.82,3.876
2019,1.01,0.9442,2.796,0.0029,0.2158,-1.494,1.13,1.15,5.504,2.48,-1.493,-1.16,-18.25,3.526,5.614,7.177,2.133,-7.957,-5.044,-5.893,0.3553,-1.234,-3.108,14.61,5.249,0.897,-2.349,-1.304,1.082,-3.871,-0.9446,0.7495,-0.9077,-2.194,-1.405,-0.6406,4.368,6.834,-0.6034,-3.889,1.314,5.05,5.07,5.628,-6.405,-6.771,-0.506,4.508,5.696,-4.415,-5.282,1.742,3.291,3.035,-12.78,-4.022,-8.521,2.358
2020,1.01,3.069,1.039,2.387,1.329,1.477,1.13,1.15,4.011,-0.3657,-3.434,-4.604,-17.01,3.719,3.43,4.888,2.951,-7.008,-4.91,-1.832,-1.523,-0.0985,-0.3282,13.35,3.131,1.654,-2.155,-1.628,2.11,-3.711,2.942,-0.7496,2.048,2.061,-2.158,0.0796,5.039,5.232,3.187,-3.122,1.854,5.05,5.07,2.324,-4.999,-4.644,0.2097,2.48,5.788,-5.833,-1.285,0.167,3.629,2.702,-10.88,-4.571,-8.391,2.293
2021,1.01,0.4,-1.166,2.423,-0.9171,-1.479,1.13,1.15,3.577,2.256,-0.5618,-1.866,-16.13,1.198,6.306,6.603,1.196,-4.813,-4.095,-3.497,2.668,0.8097,-4.644,13.64,2.093,1.941,-2.895,-1.653,0.9911,-2.513,-1.554,-4.071,-0.0749,-1.857,-3.838,-1.446,4.982,6.525,1.242,-3.594,1.171,5.05,5.07,3.139,-1.138,-7.463,1.447,1.768,10.56,-3.913,-8.989,3.229,3.952,2.004,-12.72,-4.644,-5.917,4.794
2022,1.01,3.776,-2.668,2.457,0.7758,-0.3809,1.13,1.15,3.988,1.548,-0.9927,-5.792,-14.93,2.598,6.364,6.119,1.426,-8.55,-3.301,-0.6104,0.9683,-2.129,-1.639,13.24,3.8,2.045,-1.566,-1.21,2.205,-1.857,2.144,0.3129,0.8199,-1.456,-4.831,-0.6391,4.844,7.667,2.247,-4.924,3.173,5.05,5.07,4.652,-3.917,-7.272,-1.07,4.065,8.377,-4.337,-3.865,-0.2208,-0.0454,2.415,-11.06,-2.823,-3.599,5.843
2023,1.01,-0.579,0.4645,2.638,-2.184,-4.019,1.13,1.15,2.798,0.6971,-3.016,-3.092,-17.05,4.453,7.612,7.99,1.309,-5.694,-3.598,-1.036,3.879,3.174,-0.2749,14.12,1.865,1.607,-0.5346,1.163,0.7913,-0.2688,-1.265,1.128,-1.22,-0.0205,-2.132,-1.988,6.683,7.982,1.866,-3.25,-0.6495,5.05,5.07,1.011,-2.976,-4.101,2.682,4.6,8.216,-1.346,-6.069,-0.5232,3.056,1.892,-10.2,-6.131,-6.244,0.6992
2024,1.01,2.305,1.626,3.057,0.8694,-0.7985,1.13,1.15,2.756,1.851,-1.798,-4.702,-16.21,1.66,1.463,5.549,2.911,-6.631,-5.653,-3.315,4.64,-1.234,-3.703,12.33,4.447,3.484,-1.541,-3.534,-0.9507,-2.707,1.116,-1.234,-1.615,0.1794,-1.469,-0.3904,6.016,6.252,0.083,-2.702,-0.1603,5.05,5.07,4.112,-3.633,-5.51,-3.314,3.445,12.12,-3.376,-4.941,1.679,1.641,2.019,-11.35,-4.166,-2.017,2.219
2025,1.01,2.909,-3.823,3.377,-0.6478,1.985,1.13,1.15,4.032,0.7997,-3.526,-3.422,-16.1,2.08,6.323,6.928,0.9939,-8.667,-5.629,-2.97,1.67,-0.8781,2.632,12.62,4.659,0.6421,-0.9672,-2.449,1.129,-2.823,-2.363,-1.666,-1.698,1.903,-2.539,-1.59,4.226,6.453,3.891,-4.381,2.194,5.05,5.07,5.137,-1.717,-3.5,-1.015,3.101,8.38,-5.703,-0.9954,0.3579,4.773,3.299,-11.55,-3.745,-5.389,4.604
2026,1.01,3.414,1.545,2.642,1.734,-2.741,1.13,1.15,2.979,0.8782,-3.404,-2.154,-16.81,-0.1736,3.444,5.678,-0.1759,-6.359,-4.388,-3.546,1.704,-0.5885,-3.212,12.59,0.6358,0.9396,-5.384,-0.8085,2.621,-3.686,0.1949,0.2547,-0.5352,3.231,-4.9,-0.8654,5.373,3.285,3.243,-2.802,1.733,5.05,5.07,2.638,-3.837,-3.145,0.3516,3.142,3.857,-2.214,-5.48,2.457,2.27,1.733,-13.58,-1.019,-3.281,2.974
2027,1.01,1.464,1.377,4.274,1.774,-1.104,1.13,1.15,4.345,2.0,-1.069,-3.567,-17.71,1.416,6.131,5.955,0.8313,-7.193,-4.035,-4.563,-0.6533,0.9001,-1.131,14.21,4.698,1.138,-3.003,-2.149,0.6022,-1.47,-3.232,-1.807,-2.372,-0.5946,-3.006,-0.3202,5.789,7.743,3.118,-3.43,4.245,5.05,5.07,4.797,-1.093,-6.322,-1.883,1.246,8.514,-5.027,-1.945,2.063,2.509,0.5168,-11.94,-5.828,-5.007,3.972
2028,1.01,2.718,-4.299,5.02,-1.897,-1.977,1.13,1.15,5.041,3.358,-3.317,-4.498,-16.17,2.509,7.778,7.556,2.184,-5.044,-6.49,-2.609,3.757,2.539,-3.449,13.77,3.987,1.782,-3.765,-0.5934,2.939,-3.486,2.474,-0.1356,0.1689,1.999,-4.364,-0.9921,6.171,3.114,1.004,-2.155,4.861,5.05,5.07,4.166,-1.54,-4.146,0.8032,4.965,8.235,-3.659,-7.793,1.51,4.027,2.576,-12.0,-3.029,-4.957,4.183
2029,1.01,0.4877,-4.458,1.773,0.5284,-0.0905,1.13,1.15,2.483,0.1234,-2.498,-4.077,-16.31,3.334,7.085,6.132,0.217,-5.896,-3.031,-1.362,4.344,0.7842,-0.3701,13.99,0.1204,3.48,-2.63,-2.475,1.742,-3.787,0.4862,-0.231,-2.703,1.637,-2.708,0.7101,5.317,5.969,0.9991,-4.55,1.935,5.05,5.07,1.437,-2.112,-6.254,0.2109,3.913,9.747,-4.142,-0.3625,1.866,1.334,2.713,-10.01,-3.104,-6.701,3.003
2030,1.01,1.584,-2.501,2.081,0.9149,-2.846,1.13,1.15,5.119,-0.6776,-2.295,-3.908,-15.41,2.509,5.735,6.233,-0.1288,-5.4,-1.875,-2.461,2.781,0.1404,-2.457,14.47,4.031,2.157,-3.175,-2.195,3.319,-3.021,-0.0994,1.402,0.2859,-0.972,-3.646,-1.557,8.097,5.778,3.486,-2.472,1.881,5.05,5.07,3.193,-1.768,-5.26,-0.3376,4.366,8.789,-4.72,-3.359,-0.6308,5.104,3.022,-12.97,-1.208,-5.032,0.8631
2031,1.01,3.107,-2.024,3.46,1.173,0.5233,1.13,1.15,2.986,0.5837,-1.942,-1.498,-18.78,4.52,6.146,7.167,0.151,-7.349,-4.332,-2.857,0.1811,1.295,-0.6164,14.77,3.684,-0.444,-1.515,-3.467,2.834,-2.827,-2.803,0.9884,0.6574,-0.5425,-1.215,0.5259,5.966,6.425,0.1918,-3.615,2.482,5.05,5.07,2.487,-3.368,-2.275,-0.8349,4.841,9.421,-0.8637,0.884,-0.4972,0.5082,3.352,-10.18,-2.592,-5.865,2.539
2032,1.01,0.7443,-0.7449,5.417,2.771,-1.613,1.13,1.15,2.071,2.51,-1.673,-1.642,-17.01,2.146,6.693,6.053,3.319,-5.389,-3.787,-2.107,1.342,0.5674,-3.724,12.88,3.894,-0.4515,-2.224,-2.175,2.539,-1.982,1.703,1.205,1.706,1.39,-2.567,-2.143,6.009,3.245,1.986,-1.354,1.311,5.05,5.07,4.459,-2.255,-4.396,-1.498,6.554,6.182,-3.603,-1.194,1.241,2.283,2.436,-9.885,-5.576,-3.542,1.196
2033,1.01,0.7717,-1.736,3.767,0.9888,-3.14,1.13,1.15,2.471,1.636,-2.891,-3.833,-15.75,0.9045,5.611,4.254,1.097,-8.342,-5.126,-2.151,2.415,0.149,1.665,11.42,2.831,-0.0286,-1.575,-1.026,5.294,-1.443,0.1317,-1.491,0.4718,-0.1207,-1.696,0.5513,3.676,7.035,3.321,-3.494,2.339,5.05,5.07,3.188,0.0726,-4.731,-0.0407,3.702,6.271,-1.831,-5.672,0.5189,3.039,2.346,-11.33,-4.402,-5.857,3.414
2034,1.01,1.863,-1.156,3.606,-2.826,-2.949,1.13,1.15,3.274,0.1851,-2.011,-2.162,-15.16,1.007,4.095,10.66,1.231,-6.023,-2.802,-3.132,2.907,-0.8129,-1.042,14.7,4.99,-0.2773,-2.687,-1.998,1.164,-4.001,-1.478,1.78,-4.64,-1.494,-4.438,-0.4921,3.316,4.85,3.963,-1.998,1.13,5.05,5.07,3.977,-3.395,-4.744,-1.529,4.255,11.73,-1.441,-4.188,-0.558,2.93,4.822,-10.62,-2.68,-6.193,2.564
2035,1.01,1.584,1.941,3.962,2.589,-0.1238,1.13,1.15,2.22,2.244,-3.479,-2.804,-15.64,0.9597,4.241,4.945,2.389,-6.79,-5.743,-4.647,4.325,-0.3799,-1.706,13.48,4.234,0.1364,-3.797,-0.6583,-0.1357,-3.913,1.306,-1.429,-0.0943,1.867,-2.566,-0.4606,4.811,2.839,2.473,-5.423,2.436,5.05,5.07,5.977,-7.242,-6.427,1.903,3.145,6.596,-3.71,-1.46,2.308,3.577,3.239,-10.26,-3.578,-8.277,2.125
2036,1.01,3.946,-7.737,2.371,-0.2595,-1.352,1.13,1.15,2.899,1.686,-0.7499,-3.757,-16.9,2.955,5.664,6.092,2.361,-5.689,-2.772,-3.364,0.1002,1.975,-3.018,14.46,2.896,-0.8936,-3.27,-4.438,2.393,-1.829,-0.357,-2.332,-0.8523,-1.945,0.4181,-1.848,5.199,5.239,4.63,-1.801,0.8701,5.05,5.07,5.238,-1.082,-5.967,-1.118,4.462,6.128,-2.828,-4.665,0.564,2.485,2.739,-9.819,-3.874,-1.648,3.527
2037,1.01,3.007,0.0293,1.387,0.8996,0.7461,1.13,1.15,3.471,0.9818,-1.687,-0.6511,-16.31,1.44,5.787,5.394,1.497,-5.272,-4.4,-4.412,-0.1279,-0.0479,-0.21,14.25,3.153,0.9721,-3.662,-0.8727,-0.2364,-3.436,-1.896,-0.6694,-1.414,0.3496,-1.479,0.7973,6.371,4.801,2.991,-2.499,3.36,5.05,5.07,4.72,-5.509,-4.67,0.7755,4.771,6.749,-2.655,-5.265,-1.459,5.499,2.419,-10.22,-3.468,-6.527,2.433
2038,1.01,1.24,0.172,1.484,3.316,1.674,1.13,1.15,0.5347,0.9846,-1.506,-2.201,-16.59,1.869,6.223,5.099,0.405,-5.351,-5.296,-3.057,0.1197,-0.4051,-0.9292,14.46,1.065,3.588,-0.7096,-2.066,2.722,-2.201,0.9334,-1.639,0.1867,-0.6241,-1.435,-2.355,3.679,4.032,3.584,-2.689,2.095,5.05,5.07,0.3511,-5.845,-5.368,-0.739,5.66,7.814,-2.806,-1.049,-1.669,0.125,2.761,-11.71,-5.912,-3.981,3.165
2039,1.01,2.801,-4.724,2.312,2.045,-2.611,1.13,1.15,5.196,3.077,-2.787,-2.152,-17.35,0.8934,6.295,5.193,-0.3267,-7.6,-5.407,-1.807,2.309,1.359,0.6843,14.31,1.647,-0.8378,-5.111,-1.876,2.424,-2.846,1.431,-0.7943,0.6553,-0.07,-2.632,-0.0034,5.825,4.678,5.299,-4.764,1.924,5.05,5.07,8.121,-1.053,-4.025,-1.476,4.18,6.188,-3.184,-1.99,0.1547,4.931,2.414,-10.77,-4.64,-5.303,3.873
2040,1.01,0.8728,-3.311,-0.4532,1.846,0.195,1.13,1.15,2.61,0.2243,-3.404,-2.52,-16.03,1.616,8.734,8.065,4.046,-6.416,-3.865,-2.126,1.309,-1.174,-0.4197,12.67,2.632,-1.278,-4.301,-0.2982,2.02,-3.375,1.674,0.4594,0.0893,-2.791,-1.393,-2.692,6.363,5.463,1.33,-2.162,-0.7666,5.05,5.07,3.285,-8.505,-6.532,-1.357,4.077,4.277,-2.494,-6.043,-1.608,4.172,1.916,-8.435,-2.16,-8.433,3.446
2041,1.01,2.295,-6.759,6.399,3.06,-1.584,1.13,1.15,2.481,-1.013,-2.376,-3.544,-15.74,0.1871,5.936,6.088,1.039,-5.067,-4.455,-2.457,3.317,3.551,0.6147,12.13,4.12,-3.269,-0.5037,-0.9895,0.1658,-2.699,-0.7765,3.145,-2.703,-0.5094,-1.705,-1.999,4.86,3.359,0.1216,-5.323,2.55,5.05,5.07,2.836,-0.5888,-3.485,1.534,4.559,7.656,-2.409,-4.196,-0.5596,3.645,4.112,-9.288,-5.011,-6.372,5.392
2042,1.01,3.181,2.609,3.26,-1.171,-3.09,1.13,1.15,4.044,2.672,-3.278,-5.18,-13.59,1.268,6.849,8.069,0.3375,-6.27,-3.333,-5.677,0.6266,3.396,-1.37,14.45,2.167,-0.6594,-1.19,-0.4909,5.32,-1.238,-1.029,0.0791,0.042,0.8494,-1.526,-0.984,5.427,6.929,3.81,-6.112,2.726,5.05,5.07,2.259,-0.3649,-5.018,-0.9122,1.775,11.38,-3.619,-1.558,0.8864,2.74,2.336,-11.08,-4.337,-4.715,4.681
2043,1.01,-1.364,-5.954,3.572,0.7204,-3.444,1.13,1.15,4.532,-0.4939,-2.148,-3.447,-17.24,0.8526,4.655,6.355,-0.3182,-6.297,-4.069,-4.474,2.353,0.8734,1.023,16.97,2.306,0.6179,-1.308,-3.031,3.099,-1.012,-0.0439,-0.4291,-0.543,1.695,-6.019,-1.884,6.361,5.641,4.414,-3.022,3.739,5.05,5.07,1.836,-2.57,-5.136,-0.7604,5.174,6.645,-3.624,-2.78,2.978,0.7966,2.009,-9.336,-3.659,-6.328,2.557
2044,1.01,0.5161,-3.713,4.285,0.8559,-2.743,1.13,1.15,3.19,-1.308,-3.183,-3.729,-14.5,1.908,5.267,7.994,0.7392,-5.575,-5.944,-2.684,1.838,1.496,-3.212,14.04,1.731,-0.9614,-1.704,1.046,1.776,-1.477,0.5235,0.5956,1.347,-0.5441,-4.597,-1.777,3.578,4.867,2.833,-4.274,1.499,5.05,5.07,1.671,-4.181,-6.571,-2.153,5.007,12.57,-3.07,-7.377,1.675,5.439,2.108,-12.12,-5.683,-6.585,2.461
2045,1.01,1.351,-2.162,6.233,0.1666,-2.823,1.13,1.15,0.4952,1.206,-2.974,-6.293,-16.75,2.804,5.793,4.969,1.46,-4.51,-4.343,-2.34,1.943,-1.823,-2.173,15.29,3.257,-1.048,-1.43,-2.431,2.551,-1.983,4.239,2.618,-3.0,-2.067,-4.625,1.285,4.372,5.686,-0.0563,-3.883,-1.148,5.05,5.07,2.677,-2.919,-6.171,-2.412,2.342,7.477,-3.649,0.4246,0.8109,1.918,1.796,-11.45,-6.299,-3.353,2.564
2046,1.01,2.766,1.0,4.589,-0.4206,1.531,1.13,1.15,5.829,0.7976,-2.047,-4.917,-15.5,3.508,6.884,4.949,1.41,-5.563,-3.209,-0.1127,1.711,0.8535,0.4989,13.06,4.354,-0.922,-0.746,-1.828,0.2362,-2.09,-0.293,-0.2735,-2.094,-0.9369,-3.688,0.7939,5.39,5.205,1.434,-5.568,1.814,5.05,5.07,3.904,-2.432,-5.601,0.4385,6.149,6.349,-4.972,-5.07,0.2612,2.919,3.352,-9.646,-5.519,-6.802,3.94
